/*
    Title: KIMM Data Model Creation
    Project: KIMM (Knowledge Interoperable Meta Model)

    Copyright 2023-2025 Kate (Robert) Ilardi

    Licensed under the Apache License, Version 2.0 (the "License");
    you may not use this file except in compliance with the License.
    You may obtain a copy of the License at

        http://www.apache.org/licenses/LICENSE-2.0

    Unless required by applicable law or agreed to in writing, software
    distributed under the License is distributed on an "AS IS" BASIS,
    WITHOUT WARRANTIES OR CONDITIONS OF ANY KIND, either express or implied.
    See the License for the specific language governing permissions and
    limitations under the License.
*/

/* 
    Author: Kate (Robert) Ilardi
    Created: 2023-2025
    Contact: 
        Site: ilardi.com
        Email: code@ilardi.com
*/


------------------------------------------------------------------------------->

-- SELECT ALL KIMM TABLES FROM THE SYSTEM CATALOG:
-- SELECT OWNER, TABLE_NAME FROM DBA_TABLES WHERE OWNER='KIMM' ORDER BY TABLE_NAME ASC;

-- Begin Drop Tables --------------------------------->


DROP TABLE IF EXISTS KIMM_MULTI_ENTITY_KEYS;

DROP TABLE IF EXISTS KIMM_CONSTRAINTS;

DROP TABLE IF EXISTS KIMM_KEY_FIELDS;
DROP TABLE IF EXISTS KIMM_KEYS;

DROP TABLE IF EXISTS KIMM_INDEX_FIELDS;
DROP TABLE IF EXISTS KIMM_INDEXES;

DROP TABLE IF EXISTS KIMM_ANNOTATION_PARAMS;
DROP TABLE IF EXISTS KIMM_ANNOTATIONS;

DROP TABLE IF EXISTS KIMM_QUERY_CLAUSE_PARAMS;
DROP TABLE IF EXISTS KIMM_QUERY_CLAUSE;
DROP TABLE IF EXISTS KIMM_QUERY;

DROP TABLE IF EXISTS KIMM_ACTIONS_AUDIT;
DROP TABLE IF EXISTS KIMM_COMMENTS;
DROP TABLE IF EXISTS KIMM_LINKS;
DROP TABLE IF EXISTS KIMM_NAMES;

DROP TABLE IF EXISTS KIMM_DATA_TYPE_INFO;

DROP TABLE IF EXISTS KIMM_TAGS;
DROP TABLE IF EXISTS KIMM_XREF;

DROP TABLE IF EXISTS KIMM_PROPERTIES;

DROP TABLE IF EXISTS KIMM_NAMESPACES;
DROP TABLE IF EXISTS KIMM_ENVIRONMENTS;

DROP TABLE IF EXISTS KIMM_ENTRY_POINT_DEF;
DROP TABLE IF EXISTS KIMM_ORDER_DEF;
DROP TABLE IF EXISTS KIMM_GROUP_DEF;

DROP TABLE IF EXISTS KIMM_DIRECTORY_ORG_USER_ROLE;
DROP TABLE IF EXISTS KIMM_DIRECTORY_ROLE;
DROP TABLE IF EXISTS KIMM_DIRECTORY_USER;
DROP TABLE IF EXISTS KIMM_DIRECTORY_ORGANIZATION;

DROP TABLE IF EXISTS KIMM_ENTITY_ROLES;
DROP TABLE IF EXISTS KIMM_ENTITY_STRUCTURE;
DROP TABLE IF EXISTS KIMM_ENTITY_VERSION;

DROP TABLE IF EXISTS KIMM_ENTITY_MASTER_HIST;
DROP TABLE IF EXISTS KIMM_ENTITY_MASTER;


-- Drop Ref Tables ------------------------------------------>


DROP TABLE IF EXISTS KIMM_LOGIC_PARAM_TYPE_REF;
DROP TABLE IF EXISTS KIMM_LOGIC_TYPE_REF;
DROP TABLE IF EXISTS KIMM_CONSTRAINT_TYPE_REF;
DROP TABLE IF EXISTS KIMM_ACTION_TYPE_REF;
DROP TABLE IF EXISTS KIMM_ADDRESS_TYPE_REF;
DROP TABLE IF EXISTS KIMM_COMMENT_TYPE_REF;
DROP TABLE IF EXISTS KIMM_DATA_RESOURCE_TYPE_REF;
DROP TABLE IF EXISTS KIMM_INDEX_TYPE_REF;
DROP TABLE IF EXISTS KIMM_KEY_TYPE_REF;
DROP TABLE IF EXISTS KIMM_LINK_GROUP_REF;
DROP TABLE IF EXISTS KIMM_LOCATION_TYPE_REF;
DROP TABLE IF EXISTS KIMM_QUERY_CLAUSE_PARAM_TYPE_REF;
DROP TABLE IF EXISTS KIMM_QUERY_CLAUSE_TYPE_REF;
DROP TABLE IF EXISTS KIMM_QUERY_OPERATOR_TYPE_REF;

DROP TABLE IF EXISTS KIMM_TAG_REF;
DROP TABLE IF EXISTS KIMM_LINK_TYPE_REF;
DROP TABLE IF EXISTS KIMM_QUERY_TYPE_REF;
DROP TABLE IF EXISTS KIMM_TAG_TYPE_REF;
DROP TABLE IF EXISTS KIMM_XREF_TYPE_REF;
DROP TABLE IF EXISTS KIMM_NAME_TYPE_REF;

DROP TABLE IF EXISTS KIMM_RELATIONSHIP_TYPE_REF;

DROP TABLE IF EXISTS KIMM_DATA_TYPE_REF;
DROP TABLE IF EXISTS KIMM_DATA_TYPE_LANGUAGE_REF;

DROP TABLE IF EXISTS KIMM_ENTRY_POINT_TYPE_REF;
DROP TABLE IF EXISTS KIMM_ORDER_TYPE_REF;
DROP TABLE IF EXISTS KIMM_GROUP_TYPE_REF;

DROP TABLE IF EXISTS KIMM_VERSION_TYPE_REF;

DROP TABLE IF EXISTS KIMM_ROLE_TYPE_REF;
DROP TABLE IF EXISTS KIMM_USER_TYPE_REF;
DROP TABLE IF EXISTS KIMM_ORGANIZATION_TYPE_REF;
DROP TABLE IF EXISTS KIMM_CATALOG_STRUCTURE_TYPE_REF;

DROP TABLE IF EXISTS KIMM_NAMESPACE_REF;
DROP TABLE IF EXISTS KIMM_METADATA_RECORD_TYPE_REF;
DROP TABLE IF EXISTS KIMM_ENVIRONMENT_REF;

DROP TABLE IF EXISTS KIMM_ENTITY_TYPE_REF;
DROP TABLE IF EXISTS KIMM_METADATA_STATUS_CODE_REF;
DROP TABLE IF EXISTS KIMM_REF_STATUS_CODE_REF;



-- End Drop Tables --------------------------->


---------------------------------------------------------------------------->


-- Begin KIMM Complete Model Tables ------------------->


-- Begin System Reference Code Tables --------------------------------------->


-- Reference Tables Status Code Reference Table

CREATE TABLE KIMM_REF_STATUS_CODE_REF(REF_STATUS_CODE VARCHAR(32) NOT NULL, REF_STATUS_CODE_NAME VARCHAR(64) NOT NULL, REF_STATUS_CODE_DESCRIPTION VARCHAR(1024) NOT NULL, IS_ACTIVE CHAR(1) NOT NULL, PARENT_REF_STATUS_CODE VARCHAR(32) NOT NULL, CREATION_USR VARCHAR(32) NOT NULL, CREATION_APP VARCHAR(64) NOT NULL, CREATION_TS TIMESTAMP WITH TIME ZONE NOT NULL, LST_MOD_USR VARCHAR(32) NOT NULL, LST_MOD_APP VARCHAR(64) NOT NULL, LST_MOD_CHG_CD CHAR(1) NOT NULL, LST_MOD_TS TIMESTAMP WITH TIME ZONE NOT NULL, CONSTRAINT PK_RSCR_RSCD PRIMARY KEY(REF_STATUS_CODE), CONSTRAINT FK_RSCR_PRSCD FOREIGN KEY(PARENT_REF_STATUS_CODE) REFERENCES KIMM_REF_STATUS_CODE_REF(REF_STATUS_CODE), CONSTRAINT CK_RSCR_ISACT CHECK(IS_ACTIVE IN ('Y', 'N')), CONSTRAINT CK_RSCR_LMCC CHECK(LST_MOD_CHG_CD IN ('I', 'U', 'D')));

INSERT INTO KIMM_REF_STATUS_CODE_REF(REF_STATUS_CODE, REF_STATUS_CODE_NAME, REF_STATUS_CODE_DESCRIPTION, IS_ACTIVE, PARENT_REF_STATUS_CODE, CREATION_USR, CREATION_APP, CREATION_TS, LST_MOD_USR, LST_MOD_APP, LST_MOD_CHG_CD, LST_MOD_TS) VALUES ('ACTIVE', 'Active', 'The Status Code indicating that a Reference Type Record is Active within the Database.', 'Y', 'ACTIVE', 'KIMM', 'KIMM', current_timestamp, 'KIMM', 'KIMM', 'I', current_timestamp);

INSERT INTO KIMM_REF_STATUS_CODE_REF(REF_STATUS_CODE, REF_STATUS_CODE_NAME, REF_STATUS_CODE_DESCRIPTION, IS_ACTIVE, PARENT_REF_STATUS_CODE, CREATION_USR, CREATION_APP, CREATION_TS, LST_MOD_USR, LST_MOD_APP, LST_MOD_CHG_CD, LST_MOD_TS) VALUES ('INACTIVE', 'Inactive', 'The Status Code indicating that a Reference Type Record is Inactive within the Database.', 'Y', 'INACTIVE', 'KIMM', 'KIMM', current_timestamp, 'KIMM', 'KIMM', 'I', current_timestamp);



-- Metadata Status Code Reference Table

CREATE TABLE KIMM_METADATA_STATUS_CODE_REF(METADATA_STATUS_CODE VARCHAR(32) NOT NULL, METADATA_STATUS_CODE_NAME VARCHAR(64) NOT NULL, METADATA_STATUS_CODE_DESCRIPTION VARCHAR(1024) NOT NULL, PARENT_METADATA_STATUS_CODE VARCHAR(32) NOT NULL, REF_STATUS_CODE VARCHAR(32) NOT NULL, CREATION_USR VARCHAR(32) NOT NULL, CREATION_APP VARCHAR(64) NOT NULL, CREATION_TS TIMESTAMP WITH TIME ZONE NOT NULL, LST_MOD_USR VARCHAR(32) NOT NULL, LST_MOD_APP VARCHAR(64) NOT NULL, LST_MOD_CHG_CD CHAR(1) NOT NULL, LST_MOD_TS TIMESTAMP WITH TIME ZONE NOT NULL, CONSTRAINT PK_ESCR_MDSCD PRIMARY KEY(METADATA_STATUS_CODE), CONSTRAINT FK_ESCR_PMDSCD FOREIGN KEY(PARENT_METADATA_STATUS_CODE) REFERENCES KIMM_METADATA_STATUS_CODE_REF(METADATA_STATUS_CODE), CONSTRAINT FK_ESCR_RSCD FOREIGN KEY(REF_STATUS_CODE) REFERENCES KIMM_REF_STATUS_CODE_REF(REF_STATUS_CODE), CONSTRAINT CK_ESCR_LMCC CHECK(LST_MOD_CHG_CD IN ('I', 'U', 'D')));

INSERT INTO KIMM_METADATA_STATUS_CODE_REF(METADATA_STATUS_CODE, METADATA_STATUS_CODE_NAME, METADATA_STATUS_CODE_DESCRIPTION, PARENT_METADATA_STATUS_CODE, REF_STATUS_CODE, CREATION_USR, CREATION_APP, CREATION_TS, LST_MOD_USR, LST_MOD_APP, LST_MOD_CHG_CD, LST_MOD_TS) VALUES ('ACTIVE', 'Active', 'The Status Code indicating that a Metadata Record is Active within the Catalog.', 'ACTIVE', 'ACTIVE', 'KIMM', 'KIMM', current_timestamp, 'KIMM', 'KIMM', 'I', current_timestamp);

INSERT INTO KIMM_METADATA_STATUS_CODE_REF(METADATA_STATUS_CODE, METADATA_STATUS_CODE_NAME, METADATA_STATUS_CODE_DESCRIPTION, PARENT_METADATA_STATUS_CODE, REF_STATUS_CODE, CREATION_USR, CREATION_APP, CREATION_TS, LST_MOD_USR, LST_MOD_APP, LST_MOD_CHG_CD, LST_MOD_TS) VALUES ('INACTIVE', 'Inactive', 'The Status Code indicating that a Metdata Record is Inactive within the Catalog.', 'ACTIVE', 'ACTIVE', 'KIMM', 'KIMM', current_timestamp, 'KIMM', 'KIMM', 'I', current_timestamp);




-- Metadata Record Type References Code Table ------------->

CREATE TABLE KIMM_METADATA_RECORD_TYPE_REF(METADATA_RECORD_TYPE VARCHAR(64) NOT NULL, METADATA_RECORD_TYPE_LONG_NAME VARCHAR(128) NOT NULL, METADATA_RECORD_TYPE_DESCRIPTION VARCHAR(1024) NOT NULL, PARENT_METADATA_RECORD_TYPE VARCHAR(64) NOT NULL, IS_SYSTEM_METADATA_RECORD_TYPE CHAR(1) NOT NULL, REF_STATUS_CODE VARCHAR(32) NOT NULL, CREATION_USR VARCHAR(32) NOT NULL, CREATION_APP VARCHAR(64) NOT NULL, CREATION_TS TIMESTAMP WITH TIME ZONE NOT NULL, LST_MOD_USR VARCHAR(32) NOT NULL, LST_MOD_APP VARCHAR(64) NOT NULL, LST_MOD_CHG_CD CHAR(1) NOT NULL, LST_MOD_TS TIMESTAMP WITH TIME ZONE NOT NULL, CONSTRAINT PK_MDRTY_MDRTY PRIMARY KEY(METADATA_RECORD_TYPE), CONSTRAINT FK_MDRTY_PMDRTY FOREIGN KEY(PARENT_METADATA_RECORD_TYPE) REFERENCES KIMM_METADATA_RECORD_TYPE_REF(METADATA_RECORD_TYPE), CONSTRAINT FK_MDRTY_RSCD FOREIGN KEY(REF_STATUS_CODE) REFERENCES KIMM_REF_STATUS_CODE_REF(REF_STATUS_CODE), CONSTRAINT CK_MDRTY_ISSYS CHECK(IS_SYSTEM_METADATA_RECORD_TYPE IN ('Y', 'N')), CONSTRAINT CK_MDRTY_LMCC CHECK(LST_MOD_CHG_CD IN ('I', 'U', 'D')));

INSERT INTO KIMM_METADATA_RECORD_TYPE_REF(METADATA_RECORD_TYPE, METADATA_RECORD_TYPE_LONG_NAME, METADATA_RECORD_TYPE_DESCRIPTION, PARENT_METADATA_RECORD_TYPE, IS_SYSTEM_METADATA_RECORD_TYPE, REF_STATUS_CODE, CREATION_USR, CREATION_APP, CREATION_TS, LST_MOD_USR, LST_MOD_APP, LST_MOD_CHG_CD, LST_MOD_TS) VALUES ('SYSTEM-RECORD', 'SystemRecord', 'A System Record is a Catalog Metadata Record that generally should not to be used by Users of the Data Catalog, instead it is an internal reference code for proper operation of the Catalog System.', 'SYSTEM-RECORD', 'Y', 'ACTIVE', 'KIMM', 'KIMM', current_timestamp, 'KIMM', 'KIMM', 'I', current_timestamp);

INSERT INTO KIMM_METADATA_RECORD_TYPE_REF(METADATA_RECORD_TYPE, METADATA_RECORD_TYPE_LONG_NAME, METADATA_RECORD_TYPE_DESCRIPTION, PARENT_METADATA_RECORD_TYPE, IS_SYSTEM_METADATA_RECORD_TYPE, REF_STATUS_CODE, CREATION_USR, CREATION_APP, CREATION_TS, LST_MOD_USR, LST_MOD_APP, LST_MOD_CHG_CD, LST_MOD_TS) VALUES ('USER-RECORD', 'UserRecord', 'A User Record is a Catalog Metadata Record that generally is for use by or created by Users of the Data Catalog.', 'SYSTEM-RECORD', 'Y', 'ACTIVE', 'KIMM', 'KIMM', current_timestamp, 'KIMM', 'KIMM', 'I', current_timestamp);



-- Core Catalog Structure References Code Table ------------->

CREATE TABLE KIMM_CATALOG_STRUCTURE_TYPE_REF(CATALOG_STRUCTURE_TYPE VARCHAR(64) NOT NULL, CATALOG_STRUCTURE_NAME VARCHAR(128) NOT NULL, CATALOG_STRUCTURE_DESCRIPTION VARCHAR(1024) NOT NULL, PARENT_CATALOG_STRUCTURE_TYPE VARCHAR(64) NOT NULL, IS_SYSTEM_STRUCT CHAR(1) NOT NULL, REF_STATUS_CODE VARCHAR(32) NOT NULL, CREATION_USR VARCHAR(32) NOT NULL, CREATION_APP VARCHAR(64) NOT NULL, CREATION_TS TIMESTAMP WITH TIME ZONE NOT NULL, LST_MOD_USR VARCHAR(32) NOT NULL, LST_MOD_APP VARCHAR(64) NOT NULL, LST_MOD_CHG_CD CHAR(1) NOT NULL, LST_MOD_TS TIMESTAMP WITH TIME ZONE NOT NULL, CONSTRAINT PK_CSTR_CSTY PRIMARY KEY(CATALOG_STRUCTURE_TYPE), CONSTRAINT FK_CSTR_PCSTY FOREIGN KEY(PARENT_CATALOG_STRUCTURE_TYPE) REFERENCES KIMM_CATALOG_STRUCTURE_TYPE_REF(CATALOG_STRUCTURE_TYPE), CONSTRAINT FK_CSTR_RSCD FOREIGN KEY(REF_STATUS_CODE) REFERENCES KIMM_REF_STATUS_CODE_REF(REF_STATUS_CODE), CONSTRAINT CK_CSTR_ISSYS CHECK(IS_SYSTEM_STRUCT IN ('Y', 'N')), CONSTRAINT CK_CSTR_LMCC CHECK(LST_MOD_CHG_CD IN ('I', 'U', 'D')));

INSERT INTO KIMM_CATALOG_STRUCTURE_TYPE_REF(CATALOG_STRUCTURE_TYPE, CATALOG_STRUCTURE_NAME, CATALOG_STRUCTURE_DESCRIPTION, PARENT_CATALOG_STRUCTURE_TYPE, IS_SYSTEM_STRUCT, REF_STATUS_CODE, CREATION_USR, CREATION_APP, CREATION_TS, LST_MOD_USR, LST_MOD_APP, LST_MOD_CHG_CD, LST_MOD_TS) VALUES ('SYSTEM-STRUCTURE', 'SystemStructure', 'System Structure is an Catalog Structure Type that is generic and should generally not be used by Users of the Data Catalog, instead it is an internal reference code for proper operation of the Catalog System.', 'SYSTEM-STRUCTURE', 'Y', 'ACTIVE', 'KIMM', 'KIMM', current_timestamp, 'KIMM', 'KIMM', 'I', current_timestamp);

INSERT INTO KIMM_CATALOG_STRUCTURE_TYPE_REF(CATALOG_STRUCTURE_TYPE, CATALOG_STRUCTURE_NAME, CATALOG_STRUCTURE_DESCRIPTION, PARENT_CATALOG_STRUCTURE_TYPE, IS_SYSTEM_STRUCT, REF_STATUS_CODE, CREATION_USR, CREATION_APP, CREATION_TS, LST_MOD_USR, LST_MOD_APP, LST_MOD_CHG_CD, LST_MOD_TS) VALUES ('LIBRARY', 'Library', 'A Library is the Root Structure for a Metadata Catalog, it is a Collection of Volumes.', 'LIBRARY', 'Y', 'ACTIVE', 'KIMM', 'KIMM', current_timestamp, 'KIMM', 'KIMM', 'I', current_timestamp);

INSERT INTO KIMM_CATALOG_STRUCTURE_TYPE_REF(CATALOG_STRUCTURE_TYPE, CATALOG_STRUCTURE_NAME, CATALOG_STRUCTURE_DESCRIPTION, PARENT_CATALOG_STRUCTURE_TYPE, IS_SYSTEM_STRUCT, REF_STATUS_CODE, CREATION_USR, CREATION_APP, CREATION_TS, LST_MOD_USR, LST_MOD_APP, LST_MOD_CHG_CD, LST_MOD_TS) VALUES ('VOLUME', 'Volume', 'A Volume is the Series or Collection of Sets within a given Library.', 'LIBRARY', 'Y', 'ACTIVE', 'KIMM', 'KIMM', current_timestamp, 'KIMM', 'KIMM', 'I', current_timestamp);

INSERT INTO KIMM_CATALOG_STRUCTURE_TYPE_REF(CATALOG_STRUCTURE_TYPE, CATALOG_STRUCTURE_NAME, CATALOG_STRUCTURE_DESCRIPTION, PARENT_CATALOG_STRUCTURE_TYPE, IS_SYSTEM_STRUCT, REF_STATUS_CODE, CREATION_USR, CREATION_APP, CREATION_TS, LST_MOD_USR, LST_MOD_APP, LST_MOD_CHG_CD, LST_MOD_TS) VALUES ('SET', 'Set', 'A Set is the Collection of Entries within a given Volume.', 'VOLUME', 'Y', 'ACTIVE', 'KIMM', 'KIMM', current_timestamp, 'KIMM', 'KIMM', 'I', current_timestamp);

INSERT INTO KIMM_CATALOG_STRUCTURE_TYPE_REF(CATALOG_STRUCTURE_TYPE, CATALOG_STRUCTURE_NAME, CATALOG_STRUCTURE_DESCRIPTION, PARENT_CATALOG_STRUCTURE_TYPE, IS_SYSTEM_STRUCT, REF_STATUS_CODE, CREATION_USR, CREATION_APP, CREATION_TS, LST_MOD_USR, LST_MOD_APP, LST_MOD_CHG_CD, LST_MOD_TS) VALUES ('ENTRY', 'Entry', 'An Entry is element such as a term and definition or other such attribute which represents a Data Element within a Set.', 'SET', 'Y', 'ACTIVE', 'KIMM', 'KIMM', current_timestamp, 'KIMM', 'KIMM', 'I', current_timestamp);



-- Entity Type Reference Code Table

CREATE TABLE KIMM_ENTITY_TYPE_REF(ENTITY_TYPE VARCHAR(64) NOT NULL, ENTITY_TYPE_NAME VARCHAR(128) NOT NULL, ENTITY_TYPE_DESCRIPTION VARCHAR(1024) NOT NULL, PARENT_ENTITY_TYPE VARCHAR(64) NOT NULL, IS_SYSTEM_ENTITY_TYPE CHAR(1) NOT NULL, REF_STATUS_CODE VARCHAR(32) NOT NULL, CREATION_USR VARCHAR(32) NOT NULL, CREATION_APP VARCHAR(64) NOT NULL, CREATION_TS TIMESTAMP WITH TIME ZONE NOT NULL, LST_MOD_USR VARCHAR(32) NOT NULL, LST_MOD_APP VARCHAR(64) NOT NULL, LST_MOD_CHG_CD CHAR(1) NOT NULL, LST_MOD_TS TIMESTAMP WITH TIME ZONE NOT NULL, CONSTRAINT PK_ENTTYR_ENTTY PRIMARY KEY(ENTITY_TYPE), CONSTRAINT FK_ENTTYR_PENTTY FOREIGN KEY(PARENT_ENTITY_TYPE) REFERENCES KIMM_ENTITY_TYPE_REF(ENTITY_TYPE), CONSTRAINT FK_ENTTYR_RSCD FOREIGN KEY(REF_STATUS_CODE) REFERENCES KIMM_REF_STATUS_CODE_REF(REF_STATUS_CODE), CONSTRAINT CK_ENTTYR_ISSYS CHECK(IS_SYSTEM_ENTITY_TYPE IN ('Y', 'N')), CONSTRAINT CK_ENTTYR_LMCC CHECK(LST_MOD_CHG_CD IN ('I', 'U', 'D')));

INSERT INTO KIMM_ENTITY_TYPE_REF(ENTITY_TYPE, ENTITY_TYPE_NAME, ENTITY_TYPE_DESCRIPTION, PARENT_ENTITY_TYPE, IS_SYSTEM_ENTITY_TYPE, REF_STATUS_CODE, CREATION_USR, CREATION_APP, CREATION_TS, LST_MOD_USR, LST_MOD_APP, LST_MOD_CHG_CD, LST_MOD_TS) VALUES ('SYSTEM-ENTITY', 'SystemEntity', 'System Entity is an Entity Type that is generic and should generally not be used by Users of the Data Catalog, instead it is an internal reference code for proper operation of the Catalog System.', 'SYSTEM-ENTITY', 'Y', 'ACTIVE', 'KIMM', 'KIMM', current_timestamp, 'KIMM', 'KIMM', 'I', current_timestamp);

INSERT INTO KIMM_ENTITY_TYPE_REF(ENTITY_TYPE, ENTITY_TYPE_NAME, ENTITY_TYPE_DESCRIPTION, PARENT_ENTITY_TYPE, IS_SYSTEM_ENTITY_TYPE, REF_STATUS_CODE, CREATION_USR, CREATION_APP, CREATION_TS, LST_MOD_USR, LST_MOD_APP, LST_MOD_CHG_CD, LST_MOD_TS) VALUES ('CORE-ENTITY', 'CoreEntity', 'Core Entity or Core Catalog Structural Entity (See KIMM_CATALOG_STRUCTURE_TYPE_REF for Catalog Structure Types), is used to classify and identity the type of Catalog Root Entity.', 'CORE-ENTITY', 'Y', 'ACTIVE', 'KIMM', 'KIMM', current_timestamp, 'KIMM', 'KIMM', 'I', current_timestamp);

INSERT INTO KIMM_ENTITY_TYPE_REF(ENTITY_TYPE, ENTITY_TYPE_NAME, ENTITY_TYPE_DESCRIPTION, PARENT_ENTITY_TYPE, IS_SYSTEM_ENTITY_TYPE, REF_STATUS_CODE, CREATION_USR, CREATION_APP, CREATION_TS, LST_MOD_USR, LST_MOD_APP, LST_MOD_CHG_CD, LST_MOD_TS) VALUES ('ENTITY-METADATA', 'EntityMetadata', 'Entity Metadata (See KIMM_METADATA_RECORD_TYPE_REF for Catalog Entity Metadata Record Types), is used to classify and identity the type of Metadta Records associated with a Catalog Root Entity.', 'ENTITY-METADATA', 'Y', 'ACTIVE', 'KIMM', 'KIMM', current_timestamp, 'KIMM', 'KIMM', 'I', current_timestamp);


-- Version Type Reference Code Table

CREATE TABLE KIMM_VERSION_TYPE_REF(VERSION_TYPE VARCHAR(64) NOT NULL, VERSION_TYPE_NAME VARCHAR(128) NOT NULL, VERSION_TYPE_DESCRIPTION VARCHAR(1024) NOT NULL, REF_STATUS_CODE VARCHAR(32) NOT NULL, CREATION_USR VARCHAR(32) NOT NULL, CREATION_APP VARCHAR(64) NOT NULL, CREATION_TS TIMESTAMP WITH TIME ZONE NOT NULL, LST_MOD_USR VARCHAR(32) NOT NULL, LST_MOD_APP VARCHAR(64) NOT NULL, LST_MOD_CHG_CD CHAR(1) NOT NULL, LST_MOD_TS TIMESTAMP WITH TIME ZONE NOT NULL, CONSTRAINT PK_VERTYR_VERTY PRIMARY KEY(VERSION_TYPE), CONSTRAINT FK_VERTYR_RSCD FOREIGN KEY(REF_STATUS_CODE) REFERENCES KIMM_REF_STATUS_CODE_REF(REF_STATUS_CODE), CONSTRAINT CK_VERTYR_LMCC CHECK(LST_MOD_CHG_CD IN ('I', 'U', 'D')));

INSERT INTO KIMM_VERSION_TYPE_REF(VERSION_TYPE, VERSION_TYPE_NAME, VERSION_TYPE_DESCRIPTION, REF_STATUS_CODE, CREATION_USR, CREATION_APP, CREATION_TS, LST_MOD_USR, LST_MOD_APP, LST_MOD_CHG_CD, LST_MOD_TS) VALUES ('INTERNAL-VERSION', 'Internal System Version', 'The Internal System Version or simply Internal Version is used for creating a unique id for the entity it represents as a timeseries unique id. It can also be thought of as a Save Version', 'ACTIVE', 'KIMM', 'KIMM', current_timestamp, 'KIMM', 'KIMM', 'I', current_timestamp);

INSERT INTO KIMM_VERSION_TYPE_REF(VERSION_TYPE, VERSION_TYPE_NAME, VERSION_TYPE_DESCRIPTION, REF_STATUS_CODE, CREATION_USR, CREATION_APP, CREATION_TS, LST_MOD_USR, LST_MOD_APP, LST_MOD_CHG_CD, LST_MOD_TS) VALUES ('RELEASE-VERSION', 'Release Version', 'The Release Version or  is used for creating a unique id for a Set of Records Represented by different Entity Internal Versions Released as a Group of Metadata. This can be used to publish or deploy metadata from one envrionment to another or to indicate to users that this version of metadata has been made available as a release. Very similar to a Version of a Software Release.', 'ACTIVE', 'KIMM', 'KIMM', current_timestamp, 'KIMM', 'KIMM', 'I', current_timestamp);


-- Relationship Type Reference Table

CREATE TABLE KIMM_RELATIONSHIP_TYPE_REF(RELATIONSHIP_TYPE VARCHAR(64) NOT NULL, RELATIONSHIP_TYPE_NAME VARCHAR(128) NOT NULL, RELATIONSHIP_TYPE_DESCRIPTION VARCHAR(1024) NOT NULL, PARENT_RELATIONSHIP_TYPE VARCHAR(64) NOT NULL, REF_STATUS_CODE VARCHAR(32) NOT NULL, CREATION_USR VARCHAR(32) NOT NULL, CREATION_APP VARCHAR(64) NOT NULL, CREATION_TS TIMESTAMP WITH TIME ZONE NOT NULL, LST_MOD_USR VARCHAR(32) NOT NULL, LST_MOD_APP VARCHAR(64) NOT NULL, LST_MOD_CHG_CD CHAR(1) NOT NULL, LST_MOD_TS TIMESTAMP WITH TIME ZONE NOT NULL, CONSTRAINT PK_ERTYR_ERTY PRIMARY KEY(RELATIONSHIP_TYPE), CONSTRAINT FK_ERTYR_PERTY FOREIGN KEY(PARENT_RELATIONSHIP_TYPE) REFERENCES KIMM_RELATIONSHIP_TYPE_REF(RELATIONSHIP_TYPE), CONSTRAINT FK_ERTYR_RSCD FOREIGN KEY(REF_STATUS_CODE) REFERENCES KIMM_REF_STATUS_CODE_REF(REF_STATUS_CODE), CONSTRAINT CK_ERTYR_LMCC CHECK(LST_MOD_CHG_CD IN ('I', 'U', 'D')));

INSERT INTO KIMM_RELATIONSHIP_TYPE_REF(RELATIONSHIP_TYPE, RELATIONSHIP_TYPE_NAME, RELATIONSHIP_TYPE_DESCRIPTION, PARENT_RELATIONSHIP_TYPE, REF_STATUS_CODE, CREATION_USR, CREATION_APP, CREATION_TS, LST_MOD_USR, LST_MOD_APP, LST_MOD_CHG_CD, LST_MOD_TS) VALUES ('LIBRARY-LIBRARY-REL', 'Library to Library', 'Base Library to Library Relationship', 'LIBRARY-LIBRARY-REL', 'ACTIVE', 'KIMM', 'KIMM', current_timestamp, 'KIMM', 'KIMM', 'I', current_timestamp);

INSERT INTO KIMM_RELATIONSHIP_TYPE_REF(RELATIONSHIP_TYPE, RELATIONSHIP_TYPE_NAME, RELATIONSHIP_TYPE_DESCRIPTION, PARENT_RELATIONSHIP_TYPE, REF_STATUS_CODE, CREATION_USR, CREATION_APP, CREATION_TS, LST_MOD_USR, LST_MOD_APP, LST_MOD_CHG_CD, LST_MOD_TS) VALUES ('LIBRARY-VOLUME-REL', 'Library to Volume', 'Base Library to Volume Relationship', 'LIBRARY-VOLUME-REL', 'ACTIVE', 'KIMM', 'KIMM', current_timestamp, 'KIMM', 'KIMM', 'I', current_timestamp);

INSERT INTO KIMM_RELATIONSHIP_TYPE_REF(RELATIONSHIP_TYPE, RELATIONSHIP_TYPE_NAME, RELATIONSHIP_TYPE_DESCRIPTION, PARENT_RELATIONSHIP_TYPE, REF_STATUS_CODE, CREATION_USR, CREATION_APP, CREATION_TS, LST_MOD_USR, LST_MOD_APP, LST_MOD_CHG_CD, LST_MOD_TS) VALUES ('VOLUME-VOLUME-REL', 'Volume to Volume', 'Base Volume to Volume Relationship', 'VOLUME-VOLUME-REL', 'ACTIVE', 'KIMM', 'KIMM', current_timestamp, 'KIMM', 'KIMM', 'I', current_timestamp);

INSERT INTO KIMM_RELATIONSHIP_TYPE_REF(RELATIONSHIP_TYPE, RELATIONSHIP_TYPE_NAME, RELATIONSHIP_TYPE_DESCRIPTION, PARENT_RELATIONSHIP_TYPE, REF_STATUS_CODE, CREATION_USR, CREATION_APP, CREATION_TS, LST_MOD_USR, LST_MOD_APP, LST_MOD_CHG_CD, LST_MOD_TS) VALUES ('VOLUME-SET-REL', 'Volume to Set', 'Base Volume to Set Relationship', 'VOLUME-SET-REL', 'ACTIVE', 'KIMM', 'KIMM', current_timestamp, 'KIMM', 'KIMM', 'I', current_timestamp);

INSERT INTO KIMM_RELATIONSHIP_TYPE_REF(RELATIONSHIP_TYPE, RELATIONSHIP_TYPE_NAME, RELATIONSHIP_TYPE_DESCRIPTION, PARENT_RELATIONSHIP_TYPE, REF_STATUS_CODE, CREATION_USR, CREATION_APP, CREATION_TS, LST_MOD_USR, LST_MOD_APP, LST_MOD_CHG_CD, LST_MOD_TS) VALUES ('SET-SET-REL', 'Set to Set', 'Base Set to Set Relationship', 'SET-SET-REL', 'ACTIVE', 'KIMM', 'KIMM', current_timestamp, 'KIMM', 'KIMM', 'I', current_timestamp);

INSERT INTO KIMM_RELATIONSHIP_TYPE_REF(RELATIONSHIP_TYPE, RELATIONSHIP_TYPE_NAME, RELATIONSHIP_TYPE_DESCRIPTION, PARENT_RELATIONSHIP_TYPE, REF_STATUS_CODE, CREATION_USR, CREATION_APP, CREATION_TS, LST_MOD_USR, LST_MOD_APP, LST_MOD_CHG_CD, LST_MOD_TS) VALUES ('SET-ENTRY-REL', 'Set to Entry', 'Base Set to Entry Relationship', 'SET-ENTRY-REL', 'ACTIVE', 'KIMM', 'KIMM', current_timestamp, 'KIMM', 'KIMM', 'I', current_timestamp);

INSERT INTO KIMM_RELATIONSHIP_TYPE_REF(RELATIONSHIP_TYPE, RELATIONSHIP_TYPE_NAME, RELATIONSHIP_TYPE_DESCRIPTION, PARENT_RELATIONSHIP_TYPE, REF_STATUS_CODE, CREATION_USR, CREATION_APP, CREATION_TS, LST_MOD_USR, LST_MOD_APP, LST_MOD_CHG_CD, LST_MOD_TS) VALUES ('ENTRY-ENTRY-REL', 'Entry to Entry', 'Base Entry to Entry Relationship', 'ENTRY-ENTRY-REL', 'ACTIVE', 'KIMM', 'KIMM', current_timestamp, 'KIMM', 'KIMM', 'I', current_timestamp);





-- Entity Name Type Reference Table

CREATE TABLE KIMM_NAME_TYPE_REF(ENTITY_NAME_TYPE VARCHAR(32) NOT NULL, ENTITY_NAME_TYPE_NAME VARCHAR(128) NOT NULL, ENTITY_NAME_TYPE_DESCRIPTION VARCHAR(1024) NOT NULL, REF_STATUS_CODE VARCHAR(32) NOT NULL, CREATION_USR VARCHAR(32) NOT NULL, CREATION_APP VARCHAR(64) NOT NULL, CREATION_TS TIMESTAMP WITH TIME ZONE NOT NULL, LST_MOD_USR VARCHAR(32) NOT NULL, LST_MOD_APP VARCHAR(64) NOT NULL, LST_MOD_CHG_CD CHAR(1) NOT NULL, LST_MOD_TS TIMESTAMP WITH TIME ZONE NOT NULL, CONSTRAINT PK_ENTNMTYR_NMTY PRIMARY KEY(ENTITY_NAME_TYPE), CONSTRAINT FK_ENTNMTYR_RSCD FOREIGN KEY(REF_STATUS_CODE) REFERENCES KIMM_REF_STATUS_CODE_REF(REF_STATUS_CODE), CONSTRAINT CK_ENTNMTYR_LMCC CHECK(LST_MOD_CHG_CD IN ('I', 'U', 'D')));

INSERT INTO KIMM_NAME_TYPE_REF(ENTITY_NAME_TYPE, ENTITY_NAME_TYPE_NAME, ENTITY_NAME_TYPE_DESCRIPTION, REF_STATUS_CODE, CREATION_USR, CREATION_APP, CREATION_TS, LST_MOD_USR, LST_MOD_APP, LST_MOD_CHG_CD, LST_MOD_TS) VALUES ('LOGICAL-NAME', 'Logical Name', 'A Logical Name is a Logical Model Friendly Name for a Metadata Entity within the Catalog System.', 'ACTIVE', 'KIMM', 'KIMM', current_timestamp, 'KIMM', 'KIMM', 'I', current_timestamp);

INSERT INTO KIMM_NAME_TYPE_REF(ENTITY_NAME_TYPE, ENTITY_NAME_TYPE_NAME, ENTITY_NAME_TYPE_DESCRIPTION, REF_STATUS_CODE, CREATION_USR, CREATION_APP, CREATION_TS, LST_MOD_USR, LST_MOD_APP, LST_MOD_CHG_CD, LST_MOD_TS) VALUES ('PHYSICAL-NAME', 'Physical Name', 'A Physical Name is a Physical Model Name for a Metadata Entity within the Catalog System.', 'ACTIVE', 'KIMM', 'KIMM', current_timestamp, 'KIMM', 'KIMM', 'I', current_timestamp);

INSERT INTO KIMM_NAME_TYPE_REF(ENTITY_NAME_TYPE, ENTITY_NAME_TYPE_NAME, ENTITY_NAME_TYPE_DESCRIPTION, REF_STATUS_CODE, CREATION_USR, CREATION_APP, CREATION_TS, LST_MOD_USR, LST_MOD_APP, LST_MOD_CHG_CD, LST_MOD_TS) VALUES ('DISPLAY-NAME', 'Display Name', 'A Display Name is a Name for a Metadata Entity that should be used as the Display or Label Name within the Catalog System.', 'ACTIVE', 'KIMM', 'KIMM', current_timestamp, 'KIMM', 'KIMM', 'I', current_timestamp);

INSERT INTO KIMM_NAME_TYPE_REF(ENTITY_NAME_TYPE, ENTITY_NAME_TYPE_NAME, ENTITY_NAME_TYPE_DESCRIPTION, REF_STATUS_CODE, CREATION_USR, CREATION_APP, CREATION_TS, LST_MOD_USR, LST_MOD_APP, LST_MOD_CHG_CD, LST_MOD_TS) VALUES ('BUSINESS-TERM', 'Business Term', 'A Business Term is Business Definition or Glossary Term level Name for a Metadata Entity within the Catalog System.', 'ACTIVE', 'KIMM', 'KIMM', current_timestamp, 'KIMM', 'KIMM', 'I', current_timestamp);



-- Entity Tag Type Reference Table

CREATE TABLE KIMM_TAG_TYPE_REF(TAG_TYPE_CODE VARCHAR(32) NOT NULL, TAG_TYPE_NAME VARCHAR(128) NOT NULL, TAG_TYPE_DESCRIPTION VARCHAR(1024) NOT NULL, TAG_TYPE_ORDER INT NULL, TAG_TYPE_LEVEL INT NULL, PARENT_TAG_TYPE_CODE VARCHAR(32) NOT NULL, REF_STATUS_CODE VARCHAR(32) NOT NULL, CREATION_USR VARCHAR(32) NOT NULL, CREATION_APP VARCHAR(64) NOT NULL, CREATION_TS TIMESTAMP WITH TIME ZONE NOT NULL, LST_MOD_USR VARCHAR(32) NOT NULL, LST_MOD_APP VARCHAR(64) NOT NULL, LST_MOD_CHG_CD CHAR(1) NOT NULL, LST_MOD_TS TIMESTAMP WITH TIME ZONE NOT NULL, CONSTRAINT PK_TAGTYR_TGTY PRIMARY KEY(TAG_TYPE_CODE), CONSTRAINT FK_TAGTYR_PTGTY FOREIGN KEY(PARENT_TAG_TYPE_CODE) REFERENCES KIMM_TAG_TYPE_REF(TAG_TYPE_CODE), CONSTRAINT FK_TAGTYR_RSCD FOREIGN KEY(REF_STATUS_CODE) REFERENCES KIMM_REF_STATUS_CODE_REF(REF_STATUS_CODE), CONSTRAINT CK_TAGTYR_LMCC CHECK(LST_MOD_CHG_CD IN ('I', 'U', 'D')));


-- Entity Tag Reference Table

CREATE TABLE KIMM_TAG_REF(TAG_NAME VARCHAR(128) NOT NULL, TAG_TYPE_CODE VARCHAR(32) NOT NULL, TAG_DESCRIPTION VARCHAR(1024) NOT NULL, TAG_ORDER INT NULL, TAG_LEVEL INT NULL, REF_STATUS_CODE VARCHAR(32) NOT NULL, CREATION_USR VARCHAR(32) NOT NULL, CREATION_APP VARCHAR(64) NOT NULL, CREATION_TS TIMESTAMP WITH TIME ZONE NOT NULL, LST_MOD_USR VARCHAR(32) NOT NULL, LST_MOD_APP VARCHAR(64) NOT NULL, LST_MOD_CHG_CD CHAR(1) NOT NULL, LST_MOD_TS TIMESTAMP WITH TIME ZONE NOT NULL, CONSTRAINT PK_TAGR_TGNM PRIMARY KEY(TAG_NAME), CONSTRAINT FK_TAGR_TGTYCD FOREIGN KEY(TAG_TYPE_CODE) REFERENCES KIMM_TAG_TYPE_REF(TAG_TYPE_CODE), CONSTRAINT FK_TAGR_RSCD FOREIGN KEY(REF_STATUS_CODE) REFERENCES KIMM_REF_STATUS_CODE_REF(REF_STATUS_CODE), CONSTRAINT CK_TAGR_LMCC CHECK(LST_MOD_CHG_CD IN ('I', 'U', 'D')));



-- Entity Data Type Language Reference Table

CREATE TABLE KIMM_DATA_TYPE_LANGUAGE_REF(DATA_TYPE_LANGUAGE_CODE VARCHAR(32) NOT NULL, DATA_TYPE_LANGUAGE_NAME VARCHAR(64) NOT NULL, DATA_TYPE_LANGUAGE_DESCRIPTION VARCHAR(1024) NOT NULL, PARENT_DATA_TYPE_LANGUAGE_CODE VARCHAR(32) NOT NULL, REF_STATUS_CODE VARCHAR(32) NOT NULL, CREATION_USR VARCHAR(32) NOT NULL, CREATION_APP VARCHAR(64) NOT NULL, CREATION_TS TIMESTAMP WITH TIME ZONE NOT NULL, LST_MOD_USR VARCHAR(32) NOT NULL, LST_MOD_APP VARCHAR(64) NOT NULL, LST_MOD_CHG_CD CHAR(1) NOT NULL, LST_MOD_TS TIMESTAMP WITH TIME ZONE NOT NULL, CONSTRAINT PK_DTLNGREF_DTLCD PRIMARY KEY(DATA_TYPE_LANGUAGE_CODE), CONSTRAINT FK_DTLNGREF_PDTLCD FOREIGN KEY(PARENT_DATA_TYPE_LANGUAGE_CODE) REFERENCES KIMM_DATA_TYPE_LANGUAGE_REF(DATA_TYPE_LANGUAGE_CODE), CONSTRAINT FK_DTLNGREF_RSCD FOREIGN KEY(REF_STATUS_CODE) REFERENCES KIMM_REF_STATUS_CODE_REF(REF_STATUS_CODE), CONSTRAINT CK_DTLNGREF_LMCC CHECK(LST_MOD_CHG_CD IN ('I', 'U', 'D')));

INSERT INTO KIMM_DATA_TYPE_LANGUAGE_REF(DATA_TYPE_LANGUAGE_CODE, DATA_TYPE_LANGUAGE_NAME, DATA_TYPE_LANGUAGE_DESCRIPTION, PARENT_DATA_TYPE_LANGUAGE_CODE, REF_STATUS_CODE, CREATION_USR, CREATION_APP, CREATION_TS, LST_MOD_USR, LST_MOD_APP, LST_MOD_CHG_CD, LST_MOD_TS) VALUES ('SQL', 'Generic SQL', 'Generic Structured Query Language (SQL)', 'SQL', 'ACTIVE', 'KIMM', 'KIMM', current_timestamp, 'KIMM', 'KIMM', 'I', current_timestamp);

INSERT INTO KIMM_DATA_TYPE_LANGUAGE_REF(DATA_TYPE_LANGUAGE_CODE, DATA_TYPE_LANGUAGE_NAME, DATA_TYPE_LANGUAGE_DESCRIPTION, PARENT_DATA_TYPE_LANGUAGE_CODE, REF_STATUS_CODE, CREATION_USR, CREATION_APP, CREATION_TS, LST_MOD_USR, LST_MOD_APP, LST_MOD_CHG_CD, LST_MOD_TS) VALUES ('JAVA', 'Java', 'The Java Programming Language', 'JAVA', 'ACTIVE', 'KIMM', 'KIMM', current_timestamp, 'KIMM', 'KIMM', 'I', current_timestamp);



-- Entity Data Type Reference Table

CREATE TABLE KIMM_DATA_TYPE_REF(DATA_TYPE_CODE VARCHAR(32) NOT NULL, DATA_TYPE_LANGUAGE_CODE VARCHAR(32) NOT NULL, DATA_TYPE_NAME VARCHAR(64) NOT NULL, DATA_TYPE_LANG_KEYWORD VARCHAR(64) NULL, DATA_TYPE_DESCRIPTION VARCHAR(1024) NOT NULL, DATA_TYPE_IS_CODE_GEN_USABLE CHAR(1) NOT NULL, DATA_TYPE_IS_MODELING_USABLE CHAR(1) NOT NULL, PARENT_DATA_TYPE_CODE VARCHAR(32) NOT NULL, REF_STATUS_CODE VARCHAR(32) NOT NULL, CREATION_USR VARCHAR(32) NOT NULL, CREATION_APP VARCHAR(64) NOT NULL, CREATION_TS TIMESTAMP WITH TIME ZONE NOT NULL, LST_MOD_USR VARCHAR(32) NOT NULL, LST_MOD_APP VARCHAR(64) NOT NULL, LST_MOD_CHG_CD CHAR(1) NOT NULL, LST_MOD_TS TIMESTAMP WITH TIME ZONE NOT NULL, CONSTRAINT PK_DTREF_DTCD PRIMARY KEY(DATA_TYPE_CODE), CONSTRAINT FK_DTREF_PDTCD FOREIGN KEY(PARENT_DATA_TYPE_CODE) REFERENCES KIMM_DATA_TYPE_REF(DATA_TYPE_CODE), CONSTRAINT FK_DTREF_DTLCD FOREIGN KEY(DATA_TYPE_LANGUAGE_CODE) REFERENCES KIMM_DATA_TYPE_LANGUAGE_REF(DATA_TYPE_LANGUAGE_CODE), CONSTRAINT FK_DTREF_RSCD FOREIGN KEY(REF_STATUS_CODE) REFERENCES KIMM_REF_STATUS_CODE_REF(REF_STATUS_CODE), CONSTRAINT CK_DTREF_ISCGU CHECK(DATA_TYPE_IS_CODE_GEN_USABLE IN ('Y', 'N')), CONSTRAINT CK_DTREF_ISMU CHECK(DATA_TYPE_IS_MODELING_USABLE IN ('Y', 'N')), CONSTRAINT CK_DTREF_LMCC CHECK(LST_MOD_CHG_CD IN ('I', 'U', 'D')));

INSERT INTO KIMM_DATA_TYPE_REF(DATA_TYPE_CODE, DATA_TYPE_LANGUAGE_CODE, DATA_TYPE_NAME, DATA_TYPE_LANG_KEYWORD, DATA_TYPE_DESCRIPTION, DATA_TYPE_IS_CODE_GEN_USABLE, DATA_TYPE_IS_MODELING_USABLE, PARENT_DATA_TYPE_CODE, REF_STATUS_CODE, CREATION_USR, CREATION_APP, CREATION_TS, LST_MOD_USR, LST_MOD_APP, LST_MOD_CHG_CD, LST_MOD_TS) VALUES ('JAVA-PRIMITIVE', 'JAVA', 'JAVA PRIMITIVE', NULL, 'Java Primitives Data Type Indicator. This Data Type is NOT used directly, it is just to use as a sentinel value for use by Catalog System Data Type Identification to detected Data Types that are Java Primitive also known as Built-In Types.', 'N', 'N', 'JAVA-PRIMITIVE', 'ACTIVE', 'KIMM', 'KIMM', current_timestamp, 'KIMM', 'KIMM', 'I', current_timestamp);

INSERT INTO KIMM_DATA_TYPE_REF(DATA_TYPE_CODE, DATA_TYPE_LANGUAGE_CODE, DATA_TYPE_NAME, DATA_TYPE_LANG_KEYWORD, DATA_TYPE_DESCRIPTION, DATA_TYPE_IS_CODE_GEN_USABLE, DATA_TYPE_IS_MODELING_USABLE, PARENT_DATA_TYPE_CODE, REF_STATUS_CODE, CREATION_USR, CREATION_APP, CREATION_TS, LST_MOD_USR, LST_MOD_APP, LST_MOD_CHG_CD, LST_MOD_TS) VALUES ('JAVA-OBJECT', 'JAVA', 'JAVA OBJECT', NULL, 'Java Object Data Type Indicator. This Data Type is NOT used directly, it is just to use as a sentinel value for use by Catalog System Data Type Identification to detected Data Types that are Java Objects.', 'N', 'N', 'JAVA-OBJECT', 'ACTIVE', 'KIMM', 'KIMM', current_timestamp, 'KIMM', 'KIMM', 'I', current_timestamp);

INSERT INTO KIMM_DATA_TYPE_REF(DATA_TYPE_CODE, DATA_TYPE_LANGUAGE_CODE, DATA_TYPE_NAME, DATA_TYPE_LANG_KEYWORD, DATA_TYPE_DESCRIPTION, DATA_TYPE_IS_CODE_GEN_USABLE, DATA_TYPE_IS_MODELING_USABLE, PARENT_DATA_TYPE_CODE, REF_STATUS_CODE, CREATION_USR, CREATION_APP, CREATION_TS, LST_MOD_USR, LST_MOD_APP, LST_MOD_CHG_CD, LST_MOD_TS) VALUES ('INT', 'JAVA', 'int', 'int', 'Java Primitive Int Built-In Data Type. Represents a 32-bit Signed Integer.', 'Y', 'Y', 'JAVA-PRIMITIVE', 'ACTIVE', 'KIMM', 'KIMM', current_timestamp, 'KIMM', 'KIMM', 'I', current_timestamp);

INSERT INTO KIMM_DATA_TYPE_REF(DATA_TYPE_CODE, DATA_TYPE_LANGUAGE_CODE, DATA_TYPE_NAME, DATA_TYPE_LANG_KEYWORD, DATA_TYPE_DESCRIPTION, DATA_TYPE_IS_CODE_GEN_USABLE, DATA_TYPE_IS_MODELING_USABLE, PARENT_DATA_TYPE_CODE, REF_STATUS_CODE, CREATION_USR, CREATION_APP, CREATION_TS, LST_MOD_USR, LST_MOD_APP, LST_MOD_CHG_CD, LST_MOD_TS) VALUES ('SHORT', 'JAVA', 'short', 'short', 'Java Short Primitive Short Built-In Data Type. Represents a 16-bit Signed Integer.', 'Y', 'Y', 'JAVA-PRIMITIVE', 'ACTIVE', 'KIMM', 'KIMM', current_timestamp, 'KIMM', 'KIMM', 'I', current_timestamp);

INSERT INTO KIMM_DATA_TYPE_REF(DATA_TYPE_CODE, DATA_TYPE_LANGUAGE_CODE, DATA_TYPE_NAME, DATA_TYPE_LANG_KEYWORD, DATA_TYPE_DESCRIPTION, DATA_TYPE_IS_CODE_GEN_USABLE, DATA_TYPE_IS_MODELING_USABLE, PARENT_DATA_TYPE_CODE, REF_STATUS_CODE, CREATION_USR, CREATION_APP, CREATION_TS, LST_MOD_USR, LST_MOD_APP, LST_MOD_CHG_CD, LST_MOD_TS) VALUES ('LONG', 'JAVA', 'long', 'long', 'Java Long Primitive Built-In Data Type. Represents a 64-bit Signed Integer.', 'Y', 'Y', 'JAVA-PRIMITIVE', 'ACTIVE', 'KIMM', 'KIMM', current_timestamp, 'KIMM', 'KIMM', 'I', current_timestamp);

INSERT INTO KIMM_DATA_TYPE_REF(DATA_TYPE_CODE, DATA_TYPE_LANGUAGE_CODE, DATA_TYPE_NAME, DATA_TYPE_LANG_KEYWORD, DATA_TYPE_DESCRIPTION, DATA_TYPE_IS_CODE_GEN_USABLE, DATA_TYPE_IS_MODELING_USABLE, PARENT_DATA_TYPE_CODE, REF_STATUS_CODE, CREATION_USR, CREATION_APP, CREATION_TS, LST_MOD_USR, LST_MOD_APP, LST_MOD_CHG_CD, LST_MOD_TS) VALUES ('BYTE', 'JAVA', 'byte', 'byte', 'Java Byte Primitive Built-In Data Type. Represents a single 8-bit Byte. Internally is a signed 8-bit integer with 256 possible values from -128 to 127.', 'Y', 'Y', 'JAVA-PRIMITIVE', 'ACTIVE', 'KIMM', 'KIMM', current_timestamp, 'KIMM', 'KIMM', 'I', current_timestamp);

INSERT INTO KIMM_DATA_TYPE_REF(DATA_TYPE_CODE, DATA_TYPE_LANGUAGE_CODE, DATA_TYPE_NAME, DATA_TYPE_LANG_KEYWORD, DATA_TYPE_DESCRIPTION, DATA_TYPE_IS_CODE_GEN_USABLE, DATA_TYPE_IS_MODELING_USABLE, PARENT_DATA_TYPE_CODE, REF_STATUS_CODE, CREATION_USR, CREATION_APP, CREATION_TS, LST_MOD_USR, LST_MOD_APP, LST_MOD_CHG_CD, LST_MOD_TS) VALUES ('CHAR', 'JAVA', 'char', 'char', 'Java Char Primitive Built-In Data Type. Represents a single Unicode Character (16-bit). In some other languages such as C++ this type of character is known as a Wide Character, taking two 8-bit bytes.', 'Y', 'Y', 'JAVA-PRIMITIVE', 'ACTIVE', 'KIMM', 'KIMM', current_timestamp, 'KIMM', 'KIMM', 'I', current_timestamp);

INSERT INTO KIMM_DATA_TYPE_REF(DATA_TYPE_CODE, DATA_TYPE_LANGUAGE_CODE, DATA_TYPE_NAME, DATA_TYPE_LANG_KEYWORD, DATA_TYPE_DESCRIPTION, DATA_TYPE_IS_CODE_GEN_USABLE, DATA_TYPE_IS_MODELING_USABLE, PARENT_DATA_TYPE_CODE, REF_STATUS_CODE, CREATION_USR, CREATION_APP, CREATION_TS, LST_MOD_USR, LST_MOD_APP, LST_MOD_CHG_CD, LST_MOD_TS) VALUES ('FLOAT', 'JAVA', 'float', 'float', 'Java Float Primitive Built-In Data Type. Represents a single-precision 32-bit IEEE 754 floating-point.', 'Y', 'Y', 'JAVA-PRIMITIVE', 'ACTIVE', 'KIMM', 'KIMM', current_timestamp, 'KIMM', 'KIMM', 'I', current_timestamp);

INSERT INTO KIMM_DATA_TYPE_REF(DATA_TYPE_CODE, DATA_TYPE_LANGUAGE_CODE, DATA_TYPE_NAME, DATA_TYPE_LANG_KEYWORD, DATA_TYPE_DESCRIPTION, DATA_TYPE_IS_CODE_GEN_USABLE, DATA_TYPE_IS_MODELING_USABLE, PARENT_DATA_TYPE_CODE, REF_STATUS_CODE, CREATION_USR, CREATION_APP, CREATION_TS, LST_MOD_USR, LST_MOD_APP, LST_MOD_CHG_CD, LST_MOD_TS) VALUES ('DOUBLE', 'JAVA', 'double', 'double', 'Java Double Primitive Built-In Data Type. Represents a double-precision 64-bit IEEE 754 floating point.', 'Y', 'Y', 'JAVA-PRIMITIVE', 'ACTIVE', 'KIMM', 'KIMM', current_timestamp, 'KIMM', 'KIMM', 'I', current_timestamp);

INSERT INTO KIMM_DATA_TYPE_REF(DATA_TYPE_CODE, DATA_TYPE_LANGUAGE_CODE, DATA_TYPE_NAME, DATA_TYPE_LANG_KEYWORD, DATA_TYPE_DESCRIPTION, DATA_TYPE_IS_CODE_GEN_USABLE, DATA_TYPE_IS_MODELING_USABLE, PARENT_DATA_TYPE_CODE, REF_STATUS_CODE, CREATION_USR, CREATION_APP, CREATION_TS, LST_MOD_USR, LST_MOD_APP, LST_MOD_CHG_CD, LST_MOD_TS) VALUES ('BOOLEAN', 'JAVA', 'boolean', 'boolean', 'Java Primitive Built-In Data Type. Represents a boolean (true/false) variable.', 'Y', 'Y', 'JAVA-PRIMITIVE', 'ACTIVE', 'KIMM', 'KIMM', current_timestamp, 'KIMM', 'KIMM', 'I', current_timestamp);

INSERT INTO KIMM_DATA_TYPE_REF(DATA_TYPE_CODE, DATA_TYPE_LANGUAGE_CODE, DATA_TYPE_NAME, DATA_TYPE_LANG_KEYWORD, DATA_TYPE_DESCRIPTION, DATA_TYPE_IS_CODE_GEN_USABLE, DATA_TYPE_IS_MODELING_USABLE, PARENT_DATA_TYPE_CODE, REF_STATUS_CODE, CREATION_USR, CREATION_APP, CREATION_TS, LST_MOD_USR, LST_MOD_APP, LST_MOD_CHG_CD, LST_MOD_TS) VALUES ('STRING', 'JAVA', 'String', 'String', 'Java String Object (JDK/JRE Included) Data Type. Represents a variable-length double-byte (16-bit/unicode) character String.', 'Y', 'Y', 'JAVA-OBJECT', 'ACTIVE', 'KIMM', 'KIMM', current_timestamp, 'KIMM', 'KIMM', 'I', current_timestamp);




-- Entity Environment Reference Table

CREATE TABLE KIMM_ENVIRONMENT_REF(ENVIRONMENT_CODE VARCHAR(32) NOT NULL, ENVIRONMENT_NAME VARCHAR(128) NOT NULL, ENVIRONMENT_DESCRIPTION VARCHAR(1024) NOT NULL, PARENT_ENVIRONMENT_CODE VARCHAR(32) NOT NULL, REF_STATUS_CODE VARCHAR(32) NOT NULL, CREATION_USR VARCHAR(32) NOT NULL, CREATION_APP VARCHAR(64) NOT NULL, CREATION_TS TIMESTAMP WITH TIME ZONE NOT NULL, LST_MOD_USR VARCHAR(32) NOT NULL, LST_MOD_APP VARCHAR(64) NOT NULL, LST_MOD_CHG_CD CHAR(1) NOT NULL, LST_MOD_TS TIMESTAMP WITH TIME ZONE NOT NULL, CONSTRAINT PK_ENVREF_ENVCD PRIMARY KEY(ENVIRONMENT_CODE), CONSTRAINT FK_ENVREF_PENVCD FOREIGN KEY(PARENT_ENVIRONMENT_CODE) REFERENCES KIMM_ENVIRONMENT_REF(ENVIRONMENT_CODE), CONSTRAINT FK_ENVREF_RSCD FOREIGN KEY(REF_STATUS_CODE) REFERENCES KIMM_REF_STATUS_CODE_REF(REF_STATUS_CODE), CONSTRAINT CK_ENVREF_LMCC CHECK(LST_MOD_CHG_CD IN ('I', 'U', 'D')));

INSERT INTO KIMM_ENVIRONMENT_REF(ENVIRONMENT_CODE, ENVIRONMENT_NAME, ENVIRONMENT_DESCRIPTION, PARENT_ENVIRONMENT_CODE, REF_STATUS_CODE, CREATION_USR, CREATION_APP, CREATION_TS, LST_MOD_USR, LST_MOD_APP, LST_MOD_CHG_CD, LST_MOD_TS) VALUES ('DEV', 'Development', 'The Development Environment', 'DEV', 'ACTIVE', 'KIMM', 'KIMM', current_timestamp, 'KIMM', 'KIMM', 'I', current_timestamp);

INSERT INTO KIMM_ENVIRONMENT_REF(ENVIRONMENT_CODE, ENVIRONMENT_NAME, ENVIRONMENT_DESCRIPTION, PARENT_ENVIRONMENT_CODE, REF_STATUS_CODE, CREATION_USR, CREATION_APP, CREATION_TS, LST_MOD_USR, LST_MOD_APP, LST_MOD_CHG_CD, LST_MOD_TS) VALUES ('SIT', 'System Integration Test', 'The System Integration Test Environment', 'SIT', 'ACTIVE', 'KIMM', 'KIMM', current_timestamp, 'KIMM', 'KIMM', 'I', current_timestamp);

INSERT INTO KIMM_ENVIRONMENT_REF(ENVIRONMENT_CODE, ENVIRONMENT_NAME, ENVIRONMENT_DESCRIPTION, PARENT_ENVIRONMENT_CODE, REF_STATUS_CODE, CREATION_USR, CREATION_APP, CREATION_TS, LST_MOD_USR, LST_MOD_APP, LST_MOD_CHG_CD, LST_MOD_TS) VALUES ('QA', 'Quality Assurance', 'The Quality Assurance Environment', 'QA', 'ACTIVE', 'KIMM', 'KIMM', current_timestamp, 'KIMM', 'KIMM', 'I', current_timestamp);

INSERT INTO KIMM_ENVIRONMENT_REF(ENVIRONMENT_CODE, ENVIRONMENT_NAME, ENVIRONMENT_DESCRIPTION, PARENT_ENVIRONMENT_CODE, REF_STATUS_CODE, CREATION_USR, CREATION_APP, CREATION_TS, LST_MOD_USR, LST_MOD_APP, LST_MOD_CHG_CD, LST_MOD_TS) VALUES ('UAT', 'User Acceptance Test', 'The User Acceptance Test Environment', 'UAT', 'ACTIVE', 'KIMM', 'KIMM', current_timestamp, 'KIMM', 'KIMM', 'I', current_timestamp);

INSERT INTO KIMM_ENVIRONMENT_REF(ENVIRONMENT_CODE, ENVIRONMENT_NAME, ENVIRONMENT_DESCRIPTION, PARENT_ENVIRONMENT_CODE, REF_STATUS_CODE, CREATION_USR, CREATION_APP, CREATION_TS, LST_MOD_USR, LST_MOD_APP, LST_MOD_CHG_CD, LST_MOD_TS) VALUES ('PROD', 'Production', 'The Production Environment', 'PROD', 'ACTIVE', 'KIMM', 'KIMM', current_timestamp, 'KIMM', 'KIMM', 'I', current_timestamp);

INSERT INTO KIMM_ENVIRONMENT_REF(ENVIRONMENT_CODE, ENVIRONMENT_NAME, ENVIRONMENT_DESCRIPTION, PARENT_ENVIRONMENT_CODE, REF_STATUS_CODE, CREATION_USR, CREATION_APP, CREATION_TS, LST_MOD_USR, LST_MOD_APP, LST_MOD_CHG_CD, LST_MOD_TS) VALUES ('COB', 'Continuity of Business', 'The Continuity of Business Environment', 'COB', 'ACTIVE', 'KIMM', 'KIMM', current_timestamp, 'KIMM', 'KIMM', 'I', current_timestamp);



-- Entity Data Namespace Reference Table

CREATE TABLE KIMM_NAMESPACE_REF(NAMESPACE_CODE VARCHAR(32) NOT NULL, ENVIRONMENT_CODE VARCHAR(32) NOT NULL, DATA_NAMESPACE_NAME VARCHAR(128) NOT NULL, DATA_NAMESPACE_DESCRIPTION VARCHAR(1024) NOT NULL, PARENT_NAMESPACE_CODE VARCHAR(32) NOT NULL, REF_STATUS_CODE VARCHAR(32) NOT NULL, CREATION_USR VARCHAR(32) NOT NULL, CREATION_APP VARCHAR(64) NOT NULL, CREATION_TS TIMESTAMP WITH TIME ZONE NOT NULL, LST_MOD_USR VARCHAR(32) NOT NULL, LST_MOD_APP VARCHAR(64) NOT NULL, LST_MOD_CHG_CD CHAR(1) NOT NULL, LST_MOD_TS TIMESTAMP WITH TIME ZONE NOT NULL, CONSTRAINT PK_NSREF_NSCD PRIMARY KEY(NAMESPACE_CODE), CONSTRAINT FK_NSREF_PNSCD FOREIGN KEY(PARENT_NAMESPACE_CODE) REFERENCES KIMM_NAMESPACE_REF(NAMESPACE_CODE), CONSTRAINT FK_NSREF_ENVCD FOREIGN KEY(ENVIRONMENT_CODE) REFERENCES KIMM_ENVIRONMENT_REF(ENVIRONMENT_CODE), CONSTRAINT FK_NSREF_RSCD FOREIGN KEY(REF_STATUS_CODE) REFERENCES KIMM_REF_STATUS_CODE_REF(REF_STATUS_CODE), CONSTRAINT CK_NSREF_LMCC CHECK(LST_MOD_CHG_CD IN ('I', 'U', 'D')));


INSERT INTO KIMM_NAMESPACE_REF(NAMESPACE_CODE, ENVIRONMENT_CODE, DATA_NAMESPACE_NAME, DATA_NAMESPACE_DESCRIPTION, PARENT_NAMESPACE_CODE, REF_STATUS_CODE, CREATION_USR, CREATION_APP, CREATION_TS, LST_MOD_USR, LST_MOD_APP, LST_MOD_CHG_CD, LST_MOD_TS) VALUES ('DEV-DEV', 'DEV', 'Development Metadata in Development', 'Development Metadata Namespace in Development Environment', 'DEV-DEV', 'ACTIVE', 'KIMM', 'KIMM', current_timestamp, 'KIMM', 'KIMM', 'I', current_timestamp);

INSERT INTO KIMM_NAMESPACE_REF(NAMESPACE_CODE, ENVIRONMENT_CODE, DATA_NAMESPACE_NAME, DATA_NAMESPACE_DESCRIPTION, PARENT_NAMESPACE_CODE, REF_STATUS_CODE, CREATION_USR, CREATION_APP, CREATION_TS, LST_MOD_USR, LST_MOD_APP, LST_MOD_CHG_CD, LST_MOD_TS) VALUES ('SIT-DEV', 'DEV', 'System Integration Test Metadata in Development', 'System Integration Test Metadata Namespace in Development Environment', 'SIT-DEV', 'ACTIVE', 'KIMM', 'KIMM', current_timestamp, 'KIMM', 'KIMM', 'I', current_timestamp);

INSERT INTO KIMM_NAMESPACE_REF(NAMESPACE_CODE, ENVIRONMENT_CODE, DATA_NAMESPACE_NAME, DATA_NAMESPACE_DESCRIPTION, PARENT_NAMESPACE_CODE, REF_STATUS_CODE, CREATION_USR, CREATION_APP, CREATION_TS, LST_MOD_USR, LST_MOD_APP, LST_MOD_CHG_CD, LST_MOD_TS) VALUES ('QA-DEV', 'DEV', 'Quality Assurance Metadata in Development', 'Quality Assurance Metadata Namespace in Development Environment', 'QA-DEV', 'ACTIVE', 'KIMM', 'KIMM', current_timestamp, 'KIMM', 'KIMM', 'I', current_timestamp);

INSERT INTO KIMM_NAMESPACE_REF(NAMESPACE_CODE, ENVIRONMENT_CODE, DATA_NAMESPACE_NAME, DATA_NAMESPACE_DESCRIPTION, PARENT_NAMESPACE_CODE, REF_STATUS_CODE, CREATION_USR, CREATION_APP, CREATION_TS, LST_MOD_USR, LST_MOD_APP, LST_MOD_CHG_CD, LST_MOD_TS) VALUES ('UAT-DEV', 'DEV', 'User Acceptance Test Metadata in Development', 'User Acceptance Test Metadata Namespace in Development Environment', 'UAT-DEV', 'ACTIVE', 'KIMM', 'KIMM', current_timestamp, 'KIMM', 'KIMM', 'I', current_timestamp);

INSERT INTO KIMM_NAMESPACE_REF(NAMESPACE_CODE, ENVIRONMENT_CODE, DATA_NAMESPACE_NAME, DATA_NAMESPACE_DESCRIPTION, PARENT_NAMESPACE_CODE, REF_STATUS_CODE, CREATION_USR, CREATION_APP, CREATION_TS, LST_MOD_USR, LST_MOD_APP, LST_MOD_CHG_CD, LST_MOD_TS) VALUES ('PROD-DEV', 'DEV', 'Production Metadata in Development', 'Production Metadata Namespace in Development Environment', 'PROD-DEV', 'ACTIVE', 'KIMM', 'KIMM', current_timestamp, 'KIMM', 'KIMM', 'I', current_timestamp);



INSERT INTO KIMM_NAMESPACE_REF(NAMESPACE_CODE, ENVIRONMENT_CODE, DATA_NAMESPACE_NAME, DATA_NAMESPACE_DESCRIPTION, PARENT_NAMESPACE_CODE, REF_STATUS_CODE, CREATION_USR, CREATION_APP, CREATION_TS, LST_MOD_USR, LST_MOD_APP, LST_MOD_CHG_CD, LST_MOD_TS) VALUES ('DEV-SIT', 'SIT', 'Development Metadata in System Integration Test', 'Development Metadata Namespace in System Integration Test Environment', 'DEV-SIT', 'ACTIVE', 'KIMM', 'KIMM', current_timestamp, 'KIMM', 'KIMM', 'I', current_timestamp);

INSERT INTO KIMM_NAMESPACE_REF(NAMESPACE_CODE, ENVIRONMENT_CODE, DATA_NAMESPACE_NAME, DATA_NAMESPACE_DESCRIPTION, PARENT_NAMESPACE_CODE, REF_STATUS_CODE, CREATION_USR, CREATION_APP, CREATION_TS, LST_MOD_USR, LST_MOD_APP, LST_MOD_CHG_CD, LST_MOD_TS) VALUES ('SIT-SIT', 'SIT', 'System Integration Test Metadata in System Integration Test', 'System Integration Test Metadata Namespace in System Integration Test Environment', 'SIT-SIT', 'ACTIVE', 'KIMM', 'KIMM', current_timestamp, 'KIMM', 'KIMM', 'I', current_timestamp);

INSERT INTO KIMM_NAMESPACE_REF(NAMESPACE_CODE, ENVIRONMENT_CODE, DATA_NAMESPACE_NAME, DATA_NAMESPACE_DESCRIPTION, PARENT_NAMESPACE_CODE, REF_STATUS_CODE, CREATION_USR, CREATION_APP, CREATION_TS, LST_MOD_USR, LST_MOD_APP, LST_MOD_CHG_CD, LST_MOD_TS) VALUES ('QA-SIT', 'SIT', 'Quality Assurance Metadata in System Integration Test', 'Quality Assurance Metadata Namespace in System Integration Test Environment', 'QA-SIT', 'ACTIVE', 'KIMM', 'KIMM', current_timestamp, 'KIMM', 'KIMM', 'I', current_timestamp);

INSERT INTO KIMM_NAMESPACE_REF(NAMESPACE_CODE, ENVIRONMENT_CODE, DATA_NAMESPACE_NAME, DATA_NAMESPACE_DESCRIPTION, PARENT_NAMESPACE_CODE, REF_STATUS_CODE, CREATION_USR, CREATION_APP, CREATION_TS, LST_MOD_USR, LST_MOD_APP, LST_MOD_CHG_CD, LST_MOD_TS) VALUES ('UAT-SIT', 'SIT', 'User Acceptance Test Metadata in System Integration Test', 'User Acceptance Test Metadata Namespace in System Integration Test Environment', 'UAT-SIT', 'ACTIVE', 'KIMM', 'KIMM', current_timestamp, 'KIMM', 'KIMM', 'I', current_timestamp);

INSERT INTO KIMM_NAMESPACE_REF(NAMESPACE_CODE, ENVIRONMENT_CODE, DATA_NAMESPACE_NAME, DATA_NAMESPACE_DESCRIPTION, PARENT_NAMESPACE_CODE, REF_STATUS_CODE, CREATION_USR, CREATION_APP, CREATION_TS, LST_MOD_USR, LST_MOD_APP, LST_MOD_CHG_CD, LST_MOD_TS) VALUES ('PROD-SIT', 'SIT', 'Production Metadata in System Integration Test', 'Production Metadata Namespace in System Integration Test Environment', 'PROD-SIT', 'ACTIVE', 'KIMM', 'KIMM', current_timestamp, 'KIMM', 'KIMM', 'I', current_timestamp);



INSERT INTO KIMM_NAMESPACE_REF(NAMESPACE_CODE, ENVIRONMENT_CODE, DATA_NAMESPACE_NAME, DATA_NAMESPACE_DESCRIPTION, PARENT_NAMESPACE_CODE, REF_STATUS_CODE, CREATION_USR, CREATION_APP, CREATION_TS, LST_MOD_USR, LST_MOD_APP, LST_MOD_CHG_CD, LST_MOD_TS) VALUES ('DEV-QA', 'QA', 'Development Metadata in Quality Assurance', 'Development Metadata Namespace in Quality Assurance Environment', 'DEV-QA', 'ACTIVE', 'KIMM', 'KIMM', current_timestamp, 'KIMM', 'KIMM', 'I', current_timestamp);

INSERT INTO KIMM_NAMESPACE_REF(NAMESPACE_CODE, ENVIRONMENT_CODE, DATA_NAMESPACE_NAME, DATA_NAMESPACE_DESCRIPTION, PARENT_NAMESPACE_CODE, REF_STATUS_CODE, CREATION_USR, CREATION_APP, CREATION_TS, LST_MOD_USR, LST_MOD_APP, LST_MOD_CHG_CD, LST_MOD_TS) VALUES ('SIT-QA', 'QA', 'System Integration Test Metadata in Quality Assurance', 'System Integration Test Metadata Namespace in Quality Assurance Environment', 'SIT-QA', 'ACTIVE', 'KIMM', 'KIMM', current_timestamp, 'KIMM', 'KIMM', 'I', current_timestamp);

INSERT INTO KIMM_NAMESPACE_REF(NAMESPACE_CODE, ENVIRONMENT_CODE, DATA_NAMESPACE_NAME, DATA_NAMESPACE_DESCRIPTION, PARENT_NAMESPACE_CODE, REF_STATUS_CODE, CREATION_USR, CREATION_APP, CREATION_TS, LST_MOD_USR, LST_MOD_APP, LST_MOD_CHG_CD, LST_MOD_TS) VALUES ('QA-QA', 'QA', 'Quality Assurance Metadata in Quality Assurance', 'Quality Assurance Metadata Namespace in Quality Assurance Environment', 'QA-QA', 'ACTIVE', 'KIMM', 'KIMM', current_timestamp, 'KIMM', 'KIMM', 'I', current_timestamp);

INSERT INTO KIMM_NAMESPACE_REF(NAMESPACE_CODE, ENVIRONMENT_CODE, DATA_NAMESPACE_NAME, DATA_NAMESPACE_DESCRIPTION, PARENT_NAMESPACE_CODE, REF_STATUS_CODE, CREATION_USR, CREATION_APP, CREATION_TS, LST_MOD_USR, LST_MOD_APP, LST_MOD_CHG_CD, LST_MOD_TS) VALUES ('UAT-QA', 'QA', 'User Acceptance Test Metadata in Quality Assurance', 'User Acceptance Test Metadata Namespace in Quality Assurance Environment', 'UAT-QA', 'ACTIVE', 'KIMM', 'KIMM', current_timestamp, 'KIMM', 'KIMM', 'I', current_timestamp);

INSERT INTO KIMM_NAMESPACE_REF(NAMESPACE_CODE, ENVIRONMENT_CODE, DATA_NAMESPACE_NAME, DATA_NAMESPACE_DESCRIPTION, PARENT_NAMESPACE_CODE, REF_STATUS_CODE, CREATION_USR, CREATION_APP, CREATION_TS, LST_MOD_USR, LST_MOD_APP, LST_MOD_CHG_CD, LST_MOD_TS) VALUES ('PROD-QA', 'QA', 'Production Metadata in Quality Assurance', 'Production Metadata Namespace in Quality Assurance Environment', 'PROD-QA', 'ACTIVE', 'KIMM', 'KIMM', current_timestamp, 'KIMM', 'KIMM', 'I', current_timestamp);



INSERT INTO KIMM_NAMESPACE_REF(NAMESPACE_CODE, ENVIRONMENT_CODE, DATA_NAMESPACE_NAME, DATA_NAMESPACE_DESCRIPTION, PARENT_NAMESPACE_CODE, REF_STATUS_CODE, CREATION_USR, CREATION_APP, CREATION_TS, LST_MOD_USR, LST_MOD_APP, LST_MOD_CHG_CD, LST_MOD_TS) VALUES ('DEV-UAT', 'UAT', 'Development Metadata in User Acceptance Test', 'Development Metadata Namespace in User Acceptance Test Environment', 'DEV-UAT', 'ACTIVE', 'KIMM', 'KIMM', current_timestamp, 'KIMM', 'KIMM', 'I', current_timestamp);

INSERT INTO KIMM_NAMESPACE_REF(NAMESPACE_CODE, ENVIRONMENT_CODE, DATA_NAMESPACE_NAME, DATA_NAMESPACE_DESCRIPTION, PARENT_NAMESPACE_CODE, REF_STATUS_CODE, CREATION_USR, CREATION_APP, CREATION_TS, LST_MOD_USR, LST_MOD_APP, LST_MOD_CHG_CD, LST_MOD_TS) VALUES ('SIT-UAT', 'UAT', 'System Integration Test Metadata in User Acceptance Test', 'System Integration Test Metadata Namespace in User Acceptance Test Environment', 'SIT-UAT', 'ACTIVE', 'KIMM', 'KIMM', current_timestamp, 'KIMM', 'KIMM', 'I', current_timestamp);

INSERT INTO KIMM_NAMESPACE_REF(NAMESPACE_CODE, ENVIRONMENT_CODE, DATA_NAMESPACE_NAME, DATA_NAMESPACE_DESCRIPTION, PARENT_NAMESPACE_CODE, REF_STATUS_CODE, CREATION_USR, CREATION_APP, CREATION_TS, LST_MOD_USR, LST_MOD_APP, LST_MOD_CHG_CD, LST_MOD_TS) VALUES ('QA-UAT', 'UAT', 'Quality Assurance Metadata in User Acceptance Test', 'Quality Assurance Metadata Namespace in User Acceptance Test Environment', 'QA-UAT', 'ACTIVE', 'KIMM', 'KIMM', current_timestamp, 'KIMM', 'KIMM', 'I', current_timestamp);

INSERT INTO KIMM_NAMESPACE_REF(NAMESPACE_CODE, ENVIRONMENT_CODE, DATA_NAMESPACE_NAME, DATA_NAMESPACE_DESCRIPTION, PARENT_NAMESPACE_CODE, REF_STATUS_CODE, CREATION_USR, CREATION_APP, CREATION_TS, LST_MOD_USR, LST_MOD_APP, LST_MOD_CHG_CD, LST_MOD_TS) VALUES ('UAT-UAT', 'UAT', 'User Acceptance Test Metadata in User Acceptance Test', 'User Acceptance Test Metadata Namespace in User Acceptance Test Environment', 'UAT-UAT', 'ACTIVE', 'KIMM', 'KIMM', current_timestamp, 'KIMM', 'KIMM', 'I', current_timestamp);

INSERT INTO KIMM_NAMESPACE_REF(NAMESPACE_CODE, ENVIRONMENT_CODE, DATA_NAMESPACE_NAME, DATA_NAMESPACE_DESCRIPTION, PARENT_NAMESPACE_CODE, REF_STATUS_CODE, CREATION_USR, CREATION_APP, CREATION_TS, LST_MOD_USR, LST_MOD_APP, LST_MOD_CHG_CD, LST_MOD_TS) VALUES ('PROD-UAT', 'UAT', 'Production Metadata in User Acceptance Test', 'Production Metadata Namespace in User Acceptance Test Environment', 'PROD-UAT', 'ACTIVE', 'KIMM', 'KIMM', current_timestamp, 'KIMM', 'KIMM', 'I', current_timestamp);



INSERT INTO KIMM_NAMESPACE_REF(NAMESPACE_CODE, ENVIRONMENT_CODE, DATA_NAMESPACE_NAME, DATA_NAMESPACE_DESCRIPTION, PARENT_NAMESPACE_CODE, REF_STATUS_CODE, CREATION_USR, CREATION_APP, CREATION_TS, LST_MOD_USR, LST_MOD_APP, LST_MOD_CHG_CD, LST_MOD_TS) VALUES ('DEV-PROD', 'PROD', 'Development Metadata in Production', 'Development Metadata Namespace in Production Environment', 'DEV-PROD', 'ACTIVE', 'KIMM', 'KIMM', current_timestamp, 'KIMM', 'KIMM', 'I', current_timestamp);

INSERT INTO KIMM_NAMESPACE_REF(NAMESPACE_CODE, ENVIRONMENT_CODE, DATA_NAMESPACE_NAME, DATA_NAMESPACE_DESCRIPTION, PARENT_NAMESPACE_CODE, REF_STATUS_CODE, CREATION_USR, CREATION_APP, CREATION_TS, LST_MOD_USR, LST_MOD_APP, LST_MOD_CHG_CD, LST_MOD_TS) VALUES ('SIT-PROD', 'PROD', 'System Integration Test Metadata in Production', 'System Integration Test Metadata Namespace in Production Environment', 'SIT-PROD', 'ACTIVE', 'KIMM', 'KIMM', current_timestamp, 'KIMM', 'KIMM', 'I', current_timestamp);

INSERT INTO KIMM_NAMESPACE_REF(NAMESPACE_CODE, ENVIRONMENT_CODE, DATA_NAMESPACE_NAME, DATA_NAMESPACE_DESCRIPTION, PARENT_NAMESPACE_CODE, REF_STATUS_CODE, CREATION_USR, CREATION_APP, CREATION_TS, LST_MOD_USR, LST_MOD_APP, LST_MOD_CHG_CD, LST_MOD_TS) VALUES ('QA-PROD', 'PROD', 'Quality Assurance Metadata in Production', 'Quality Assurance Metadata Namespace in Production Environment', 'QA-PROD', 'ACTIVE', 'KIMM', 'KIMM', current_timestamp, 'KIMM', 'KIMM', 'I', current_timestamp);

INSERT INTO KIMM_NAMESPACE_REF(NAMESPACE_CODE, ENVIRONMENT_CODE, DATA_NAMESPACE_NAME, DATA_NAMESPACE_DESCRIPTION, PARENT_NAMESPACE_CODE, REF_STATUS_CODE, CREATION_USR, CREATION_APP, CREATION_TS, LST_MOD_USR, LST_MOD_APP, LST_MOD_CHG_CD, LST_MOD_TS) VALUES ('UAT-PROD', 'PROD', 'User Acceptance Test Metadata in Production', 'User Acceptance Test Metadata Namespace in Production Environment', 'UAT-PROD', 'ACTIVE', 'KIMM', 'KIMM', current_timestamp, 'KIMM', 'KIMM', 'I', current_timestamp);

INSERT INTO KIMM_NAMESPACE_REF(NAMESPACE_CODE, ENVIRONMENT_CODE, DATA_NAMESPACE_NAME, DATA_NAMESPACE_DESCRIPTION, PARENT_NAMESPACE_CODE, REF_STATUS_CODE, CREATION_USR, CREATION_APP, CREATION_TS, LST_MOD_USR, LST_MOD_APP, LST_MOD_CHG_CD, LST_MOD_TS) VALUES ('PROD-PROD', 'PROD', 'Production Metadata in Production', 'Production Metadata Namespace in Production Environment', 'PROD-PROD', 'ACTIVE', 'KIMM', 'KIMM', current_timestamp, 'KIMM', 'KIMM', 'I', current_timestamp);




-- Entity Xref Id Type Reference Table

CREATE TABLE KIMM_XREF_TYPE_REF(XREF_TYPE VARCHAR(32) NOT NULL, XREF_TYPE_NAME VARCHAR(64) NOT NULL, XREF_TYPE_DESCRIPTION VARCHAR(1024) NOT NULL, REF_STATUS_CODE VARCHAR(32) NOT NULL, CREATION_USR VARCHAR(32) NOT NULL, CREATION_APP VARCHAR(64) NOT NULL, CREATION_TS TIMESTAMP WITH TIME ZONE NOT NULL, LST_MOD_USR VARCHAR(32) NOT NULL, LST_MOD_APP VARCHAR(64) NOT NULL, LST_MOD_CHG_CD CHAR(1) NOT NULL, LST_MOD_TS TIMESTAMP WITH TIME ZONE NOT NULL, CONSTRAINT PK_XRTREF_XRTY PRIMARY KEY(XREF_TYPE), CONSTRAINT FK_XRTREF_RSCD FOREIGN KEY(REF_STATUS_CODE) REFERENCES KIMM_REF_STATUS_CODE_REF(REF_STATUS_CODE), CONSTRAINT CK_XRTREF_LMCC CHECK(LST_MOD_CHG_CD IN ('I', 'U', 'D')));

INSERT INTO KIMM_XREF_TYPE_REF(XREF_TYPE, XREF_TYPE_NAME, XREF_TYPE_DESCRIPTION, REF_STATUS_CODE, CREATION_USR, CREATION_APP, CREATION_TS, LST_MOD_USR, LST_MOD_APP, LST_MOD_CHG_CD, LST_MOD_TS) VALUES ('APP-ID', 'Application ID', 'A Unique Identifier of an External Source System or Application for which this set of Metadata linked to this cross-reference ID is about or originates.', 'ACTIVE', 'KIMM', 'KIMM', current_timestamp, 'KIMM', 'KIMM', 'I', current_timestamp);




-- Entity Logic Type Reference Table

CREATE TABLE KIMM_LOGIC_TYPE_REF(LOGIC_TYPE VARCHAR(32) NOT NULL, LOGIC_TYPE_NAME VARCHAR(64) NOT NULL, LOGIC_TYPE_DESCRIPTION VARCHAR(1024) NOT NULL, PARENT_LOGIC_TYPE VARCHAR(32) NOT NULL, REF_STATUS_CODE VARCHAR(32) NOT NULL, CREATION_USR VARCHAR(32) NOT NULL, CREATION_APP VARCHAR(64) NOT NULL, CREATION_TS TIMESTAMP WITH TIME ZONE NOT NULL, LST_MOD_USR VARCHAR(32) NOT NULL, LST_MOD_APP VARCHAR(64) NOT NULL, LST_MOD_CHG_CD CHAR(1) NOT NULL, LST_MOD_TS TIMESTAMP WITH TIME ZONE NOT NULL, CONSTRAINT PK_LOGTYREF_LOGTY PRIMARY KEY(LOGIC_TYPE), CONSTRAINT FK_LOGTYREF_PLOGTY FOREIGN KEY(PARENT_LOGIC_TYPE) REFERENCES KIMM_LOGIC_TYPE_REF(LOGIC_TYPE), CONSTRAINT FK_LOGTYREF_RSCD FOREIGN KEY(REF_STATUS_CODE) REFERENCES KIMM_REF_STATUS_CODE_REF(REF_STATUS_CODE), CONSTRAINT CK_LOGTYREF_LMCC CHECK(LST_MOD_CHG_CD IN ('I', 'U', 'D')));

INSERT INTO KIMM_LOGIC_TYPE_REF(LOGIC_TYPE, LOGIC_TYPE_NAME, LOGIC_TYPE_DESCRIPTION, PARENT_LOGIC_TYPE, REF_STATUS_CODE, CREATION_USR, CREATION_APP, CREATION_TS, LST_MOD_USR, LST_MOD_APP, LST_MOD_CHG_CD, LST_MOD_TS) VALUES ('RULE', 'Rule Definition', 'A Logic Record that Represents a Rule Definition. Rules are generally associated with Rule Engines.', 'RULE', 'ACTIVE', 'KIMM', 'KIMM', current_timestamp, 'KIMM', 'KIMM', 'I', current_timestamp);

INSERT INTO KIMM_LOGIC_TYPE_REF(LOGIC_TYPE, LOGIC_TYPE_NAME, LOGIC_TYPE_DESCRIPTION, PARENT_LOGIC_TYPE, REF_STATUS_CODE, CREATION_USR, CREATION_APP, CREATION_TS, LST_MOD_USR, LST_MOD_APP, LST_MOD_CHG_CD, LST_MOD_TS) VALUES ('FUNCTION', 'Generic Function Definition', 'A Logic Record that Represents a Generic (non-programming-language specific) Definition. Generic Function are generally used as Parent Logic Types for Programming Language Specific Function Types.', 'FUNCTION', 'ACTIVE', 'KIMM', 'KIMM', current_timestamp, 'KIMM', 'KIMM', 'I', current_timestamp);



-- Entity Logic Parameter Type Reference Table

CREATE TABLE KIMM_LOGIC_PARAM_TYPE_REF(LOGIC_PARAM_TYPE VARCHAR(32) NOT NULL, LOGIC_TYPE VARCHAR(32) NOT NULL, LOGIC_PARAM_TYPE_NAME VARCHAR(64) NOT NULL, LOGIC_PARAM_TYPE_DESCRIPTION VARCHAR(1024) NOT NULL, PARENT_LOGIC_PARAM_TYPE VARCHAR(32) NOT NULL, REF_STATUS_CODE VARCHAR(32) NOT NULL, CREATION_USR VARCHAR(32) NOT NULL, CREATION_APP VARCHAR(64) NOT NULL, CREATION_TS TIMESTAMP WITH TIME ZONE NOT NULL, LST_MOD_USR VARCHAR(32) NOT NULL, LST_MOD_APP VARCHAR(64) NOT NULL, LST_MOD_CHG_CD CHAR(1) NOT NULL, LST_MOD_TS TIMESTAMP WITH TIME ZONE NOT NULL, CONSTRAINT PK_LOGPMTYREF_LOGPMTY PRIMARY KEY(LOGIC_PARAM_TYPE), CONSTRAINT FK_LOGPMTYREF_PLOGPMTY FOREIGN KEY(PARENT_LOGIC_PARAM_TYPE) REFERENCES KIMM_LOGIC_PARAM_TYPE_REF(LOGIC_PARAM_TYPE), CONSTRAINT FK_LOGPMTYREF_LOGTY FOREIGN KEY(LOGIC_TYPE) REFERENCES KIMM_LOGIC_TYPE_REF(LOGIC_TYPE), CONSTRAINT FK_LOGPMTYREF_RSCD FOREIGN KEY(REF_STATUS_CODE) REFERENCES KIMM_REF_STATUS_CODE_REF(REF_STATUS_CODE), CONSTRAINT CK_LOGPMTYREF_LMCC CHECK(LST_MOD_CHG_CD IN ('I', 'U', 'D')));

INSERT INTO KIMM_LOGIC_PARAM_TYPE_REF(LOGIC_PARAM_TYPE, LOGIC_TYPE, LOGIC_PARAM_TYPE_NAME, LOGIC_PARAM_TYPE_DESCRIPTION, PARENT_LOGIC_PARAM_TYPE, REF_STATUS_CODE, CREATION_USR, CREATION_APP, CREATION_TS, LST_MOD_USR, LST_MOD_APP, LST_MOD_CHG_CD, LST_MOD_TS) VALUES ('NON-TYPED-ARGUMENT', 'FUNCTION', 'Non-Type Specific Argument', 'A Parameter of this type is non-programming-language specific as well as non-typed.', 'NON-TYPED-ARGUMENT', 'ACTIVE', 'KIMM', 'KIMM', current_timestamp, 'KIMM', 'KIMM', 'I', current_timestamp);



-- Entity Group Type Reference Table

CREATE TABLE KIMM_GROUP_TYPE_REF(GROUP_TYPE VARCHAR(32) NOT NULL, GROUP_TYPE_LONG_NAME VARCHAR(128) NOT NULL, GROUP_TYPE_DESCRIPTION VARCHAR(1024) NOT NULL, PARENT_GROUP_TYPE VARCHAR(32) NOT NULL, REF_STATUS_CODE VARCHAR(32) NOT NULL, CREATION_USR VARCHAR(32) NOT NULL, CREATION_APP VARCHAR(64) NOT NULL, CREATION_TS TIMESTAMP WITH TIME ZONE NOT NULL, LST_MOD_USR VARCHAR(32) NOT NULL, LST_MOD_APP VARCHAR(64) NOT NULL, LST_MOD_CHG_CD CHAR(1) NOT NULL, LST_MOD_TS TIMESTAMP WITH TIME ZONE NOT NULL, CONSTRAINT PK_EGTYR_EGTY PRIMARY KEY(GROUP_TYPE), CONSTRAINT FK_EGTYR_PEGTY FOREIGN KEY(PARENT_GROUP_TYPE) REFERENCES KIMM_GROUP_TYPE_REF(GROUP_TYPE), CONSTRAINT FK_EGTYR_RSCD FOREIGN KEY(REF_STATUS_CODE) REFERENCES KIMM_REF_STATUS_CODE_REF(REF_STATUS_CODE), CONSTRAINT CK_EGTYR_LMCC CHECK(LST_MOD_CHG_CD IN ('I', 'U', 'D')));


-- Entity Ordering Type Reference Table

CREATE TABLE KIMM_ORDER_TYPE_REF(ORDER_TYPE VARCHAR(32) NOT NULL, ORDER_TYPE_LONG_NAME VARCHAR(128) NOT NULL, ORDER_TYPE_DESCRIPTION VARCHAR(1024) NOT NULL, PARENT_ORDER_TYPE VARCHAR(32) NOT NULL, REF_STATUS_CODE VARCHAR(32) NOT NULL, CREATION_USR VARCHAR(32) NOT NULL, CREATION_APP VARCHAR(64) NOT NULL, CREATION_TS TIMESTAMP WITH TIME ZONE NOT NULL, LST_MOD_USR VARCHAR(32) NOT NULL, LST_MOD_APP VARCHAR(64) NOT NULL, LST_MOD_CHG_CD CHAR(1) NOT NULL, LST_MOD_TS TIMESTAMP WITH TIME ZONE NOT NULL, CONSTRAINT PK_ODRTYR_ODRTY PRIMARY KEY(ORDER_TYPE), CONSTRAINT FK_ODRTYR_PODRTY FOREIGN KEY(PARENT_ORDER_TYPE) REFERENCES KIMM_ORDER_TYPE_REF(ORDER_TYPE), CONSTRAINT FK_ODRTYR_RSCD FOREIGN KEY(REF_STATUS_CODE) REFERENCES KIMM_REF_STATUS_CODE_REF(REF_STATUS_CODE), CONSTRAINT CK_ODRTYR_LMCC CHECK(LST_MOD_CHG_CD IN ('I', 'U', 'D')));


-- Entity Entry Point Type Reference Table

CREATE TABLE KIMM_ENTRY_POINT_TYPE_REF(ENTRY_POINT_TYPE VARCHAR(32) NOT NULL, ENTRY_POINT_TYPE_LONG_NAME VARCHAR(128) NOT NULL, ENTRY_POINT_TYPE_DESCRIPTION VARCHAR(1024) NOT NULL, PARENT_ENTRY_POINT_TYPE VARCHAR(32) NOT NULL, REF_STATUS_CODE VARCHAR(32) NOT NULL, CREATION_USR VARCHAR(32) NOT NULL, CREATION_APP VARCHAR(64) NOT NULL, CREATION_TS TIMESTAMP WITH TIME ZONE NOT NULL, LST_MOD_USR VARCHAR(32) NOT NULL, LST_MOD_APP VARCHAR(64) NOT NULL, LST_MOD_CHG_CD CHAR(1) NOT NULL, LST_MOD_TS TIMESTAMP WITH TIME ZONE NOT NULL, CONSTRAINT PK_EPNTTYR_EPNTTY PRIMARY KEY(ENTRY_POINT_TYPE), CONSTRAINT FK_EPNTTYR_EPNTTY FOREIGN KEY(PARENT_ENTRY_POINT_TYPE) REFERENCES KIMM_ENTRY_POINT_TYPE_REF(ENTRY_POINT_TYPE), CONSTRAINT FK_EPNTTYR_RSCD FOREIGN KEY(REF_STATUS_CODE) REFERENCES KIMM_REF_STATUS_CODE_REF(REF_STATUS_CODE), CONSTRAINT CK_EPNTTYR_LMCC CHECK(LST_MOD_CHG_CD IN ('I', 'U', 'D')));



-- Entity Data Resouce Type Reference Table

CREATE TABLE KIMM_DATA_RESOURCE_TYPE_REF(DAT_RES_TYPE VARCHAR(32) NOT NULL, DAT_RES_TYPE_LONG_NAME VARCHAR(126) NOT NULL, DAT_RES_TYPE_DESCRIPTION VARCHAR(1024) NOT NULL, PARENT_DAT_RES_TYPE VARCHAR(32) NOT NULL, REF_STATUS_CODE VARCHAR(32) NOT NULL, CREATION_USR VARCHAR(32) NOT NULL, CREATION_APP VARCHAR(64) NOT NULL, CREATION_TS TIMESTAMP WITH TIME ZONE NOT NULL, LST_MOD_USR VARCHAR(32) NOT NULL, LST_MOD_APP VARCHAR(64) NOT NULL, LST_MOD_CHG_CD CHAR(1) NOT NULL, LST_MOD_TS TIMESTAMP WITH TIME ZONE NOT NULL, CONSTRAINT PK_DRTYR_DRTY PRIMARY KEY(DAT_RES_TYPE), CONSTRAINT FK_DRTYR_PDRTY FOREIGN KEY(PARENT_DAT_RES_TYPE) REFERENCES KIMM_DATA_RESOURCE_TYPE_REF(DAT_RES_TYPE), CONSTRAINT FK_DRTYR_RSCD FOREIGN KEY(REF_STATUS_CODE) REFERENCES KIMM_REF_STATUS_CODE_REF(REF_STATUS_CODE), CONSTRAINT CK_DRTYR_LMCC CHECK(LST_MOD_CHG_CD IN ('I', 'U', 'D')));


-- Entity Location Type Reference Table

CREATE TABLE KIMM_LOCATION_TYPE_REF(LOC_TYPE VARCHAR(32) NOT NULL, LOC_TYPE_LONG_NAME VARCHAR(126) NOT NULL, LOC_TYPE_DESCRIPTION VARCHAR(1024) NOT NULL, PARENT_LOC_TYPE VARCHAR(32) NOT NULL, REF_STATUS_CODE VARCHAR(32) NOT NULL, CREATION_USR VARCHAR(32) NOT NULL, CREATION_APP VARCHAR(64) NOT NULL, CREATION_TS TIMESTAMP WITH TIME ZONE NOT NULL, LST_MOD_USR VARCHAR(32) NOT NULL, LST_MOD_APP VARCHAR(64) NOT NULL, LST_MOD_CHG_CD CHAR(1) NOT NULL, LST_MOD_TS TIMESTAMP WITH TIME ZONE NOT NULL, CONSTRAINT PK_LOCTYR_LOCTY PRIMARY KEY(LOC_TYPE), CONSTRAINT FK_LOCTYR_PLOCTY FOREIGN KEY(PARENT_LOC_TYPE) REFERENCES KIMM_LOCATION_TYPE_REF(LOC_TYPE), CONSTRAINT FK_LOCTYR_RSCD FOREIGN KEY(REF_STATUS_CODE) REFERENCES KIMM_REF_STATUS_CODE_REF(REF_STATUS_CODE), CONSTRAINT CK_LOCTYR_LMCC CHECK(LST_MOD_CHG_CD IN ('I', 'U', 'D')));



-- Address Type Reference Table

CREATE TABLE KIMM_ADDRESS_TYPE_REF(ADDR_TYPE VARCHAR(32) NOT NULL, ADDR_TYPE_LONG_NAME VARCHAR(128) NOT NULL, ADDR_TYPE_DESCRIPTION VARCHAR(1024) NOT NULL, PARENT_ADDR_TYPE VARCHAR(32) NOT NULL, REF_STATUS_CODE VARCHAR(32) NOT NULL, CREATION_USR VARCHAR(32) NOT NULL, CREATION_APP VARCHAR(64) NOT NULL, CREATION_TS TIMESTAMP WITH TIME ZONE NOT NULL, LST_MOD_USR VARCHAR(32) NOT NULL, LST_MOD_APP VARCHAR(64) NOT NULL, LST_MOD_CHG_CD CHAR(1) NOT NULL, LST_MOD_TS TIMESTAMP WITH TIME ZONE NOT NULL, CONSTRAINT PK_ADDRTYR_ADDRTY PRIMARY KEY(ADDR_TYPE), CONSTRAINT FK_ADDRTYR_PADDRTY FOREIGN KEY(PARENT_ADDR_TYPE) REFERENCES KIMM_ADDRESS_TYPE_REF(ADDR_TYPE), CONSTRAINT FK_ADDRTYR_RSCD FOREIGN KEY(REF_STATUS_CODE) REFERENCES KIMM_REF_STATUS_CODE_REF(REF_STATUS_CODE), CONSTRAINT CK_ADDRTYR_LMCC CHECK(LST_MOD_CHG_CD IN ('I', 'U', 'D')));



-- Role Reference Table

CREATE TABLE KIMM_ROLE_TYPE_REF(ROLE_TYPE VARCHAR(32) NOT NULL, ROLE_NAME VARCHAR(128) NOT NULL, ROLE_DESCRIPTION VARCHAR(1024) NOT NULL, PARENT_ROLE_TYPE VARCHAR(32) NOT NULL, REF_STATUS_CODE VARCHAR(32) NOT NULL, CREATION_USR VARCHAR(32) NOT NULL, CREATION_APP VARCHAR(64) NOT NULL, CREATION_TS TIMESTAMP WITH TIME ZONE NOT NULL, LST_MOD_USR VARCHAR(32) NOT NULL, LST_MOD_APP VARCHAR(64) NOT NULL, LST_MOD_CHG_CD CHAR(1) NOT NULL, LST_MOD_TS TIMESTAMP WITH TIME ZONE NOT NULL, CONSTRAINT PK_ROLTYR_ROLTY PRIMARY KEY(ROLE_TYPE), CONSTRAINT FK_ROLTYR_PROLTY FOREIGN KEY(PARENT_ROLE_TYPE) REFERENCES KIMM_ROLE_TYPE_REF(ROLE_TYPE), CONSTRAINT FK_ROLTYR_RSCD FOREIGN KEY(REF_STATUS_CODE) REFERENCES KIMM_REF_STATUS_CODE_REF(REF_STATUS_CODE), CONSTRAINT CK_ROLTYR_LMCC CHECK(LST_MOD_CHG_CD IN ('I', 'U', 'D')));



-- Organization Type Reference Table

CREATE TABLE KIMM_ORGANIZATION_TYPE_REF(ORG_TYPE VARCHAR(32) NOT NULL, ORG_TYPE_LONG_NAME VARCHAR(128) NOT NULL, ORG_TYPE_DESCRIPTION VARCHAR(1024) NOT NULL, PARENT_ORG_TYPE VARCHAR(32) NOT NULL, REF_STATUS_CODE VARCHAR(32) NOT NULL, CREATION_USR VARCHAR(32) NOT NULL, CREATION_APP VARCHAR(64) NOT NULL, CREATION_TS TIMESTAMP WITH TIME ZONE NOT NULL, LST_MOD_USR VARCHAR(32) NOT NULL, LST_MOD_APP VARCHAR(64) NOT NULL, LST_MOD_CHG_CD CHAR(1) NOT NULL, LST_MOD_TS TIMESTAMP WITH TIME ZONE NOT NULL, CONSTRAINT PK_ORGTYR_ORGTY PRIMARY KEY(ORG_TYPE), CONSTRAINT FK_ORGTYR_PORGTY FOREIGN KEY(PARENT_ORG_TYPE) REFERENCES KIMM_ORGANIZATION_TYPE_REF(ORG_TYPE), CONSTRAINT FK_ORGTYR_RSCD FOREIGN KEY(REF_STATUS_CODE) REFERENCES KIMM_REF_STATUS_CODE_REF(REF_STATUS_CODE), CONSTRAINT CK_ORGTYR_LMCC CHECK(LST_MOD_CHG_CD IN ('I', 'U', 'D')));



-- User Type Reference Table

CREATE TABLE KIMM_USER_TYPE_REF(USER_TYPE VARCHAR(32) NOT NULL, USER_TYPE_LONG_NAME VARCHAR(128) NOT NULL, USER_TYPE_DESCRIPTION VARCHAR(1024) NOT NULL, PARENT_USER_TYPE VARCHAR(32) NOT NULL, REF_STATUS_CODE VARCHAR(32) NOT NULL, CREATION_USR VARCHAR(32) NOT NULL, CREATION_APP VARCHAR(64) NOT NULL, CREATION_TS TIMESTAMP WITH TIME ZONE NOT NULL, LST_MOD_USR VARCHAR(32) NOT NULL, LST_MOD_APP VARCHAR(64) NOT NULL, LST_MOD_CHG_CD CHAR(1) NOT NULL, LST_MOD_TS TIMESTAMP WITH TIME ZONE NOT NULL, CONSTRAINT PK_USRTYR_USRTY PRIMARY KEY(USER_TYPE), CONSTRAINT FK_USRTYR_PUSRTY FOREIGN KEY(PARENT_USER_TYPE) REFERENCES KIMM_USER_TYPE_REF(USER_TYPE), CONSTRAINT FK_USRTYR_RSCD FOREIGN KEY(REF_STATUS_CODE) REFERENCES KIMM_REF_STATUS_CODE_REF(REF_STATUS_CODE), CONSTRAINT CK_USRTYR_LMCC CHECK(LST_MOD_CHG_CD IN ('I', 'U', 'D')));


-- Comment Type Reference Table

CREATE TABLE KIMM_COMMENT_TYPE_REF(COMMENT_TYPE VARCHAR(32) NOT NULL, COMMENT_TYPE_LONG_NAME VARCHAR(128) NOT NULL, COMMENT_TYPE_DESCRIPTION VARCHAR(1024) NOT NULL, PARENT_COMMENT_TYPE VARCHAR(32) NOT NULL, REF_STATUS_CODE VARCHAR(32) NOT NULL, CREATION_USR VARCHAR(32) NOT NULL, CREATION_APP VARCHAR(64) NOT NULL, CREATION_TS TIMESTAMP WITH TIME ZONE NOT NULL, LST_MOD_USR VARCHAR(32) NOT NULL, LST_MOD_APP VARCHAR(64) NOT NULL, LST_MOD_CHG_CD CHAR(1) NOT NULL, LST_MOD_TS TIMESTAMP WITH TIME ZONE NOT NULL, CONSTRAINT PK_CMNTTYR_CMNTTY PRIMARY KEY(COMMENT_TYPE), CONSTRAINT FK_CMNTTYR_PCMNTTY FOREIGN KEY(PARENT_COMMENT_TYPE) REFERENCES KIMM_COMMENT_TYPE_REF(COMMENT_TYPE), CONSTRAINT FK_CMNTTYR_RSCD FOREIGN KEY(REF_STATUS_CODE) REFERENCES KIMM_REF_STATUS_CODE_REF(REF_STATUS_CODE), CONSTRAINT CK_CMNTTYR_LMCC CHECK(LST_MOD_CHG_CD IN ('I', 'U', 'D')));



-- Action Type Reference Table

CREATE TABLE KIMM_ACTION_TYPE_REF(ACTION_TYPE VARCHAR(32) NOT NULL, ACTION_TYPE_LONG_NAME VARCHAR(128) NOT NULL, ACTION_TYPE_DESCRIPTION VARCHAR(1024) NOT NULL, PARENT_ACTION_TYPE VARCHAR(32) NOT NULL, REF_STATUS_CODE VARCHAR(32) NOT NULL, CREATION_USR VARCHAR(32) NOT NULL, CREATION_APP VARCHAR(64) NOT NULL, CREATION_TS TIMESTAMP WITH TIME ZONE NOT NULL, LST_MOD_USR VARCHAR(32) NOT NULL, LST_MOD_APP VARCHAR(64) NOT NULL, LST_MOD_CHG_CD CHAR(1) NOT NULL, LST_MOD_TS TIMESTAMP WITH TIME ZONE NOT NULL, CONSTRAINT PK_ACTTYR_ACTTY PRIMARY KEY(ACTION_TYPE), CONSTRAINT FK_ACTTYR_PACTTY FOREIGN KEY(PARENT_ACTION_TYPE) REFERENCES KIMM_ACTION_TYPE_REF(ACTION_TYPE), CONSTRAINT FK_ACTTYR_RSCD FOREIGN KEY(REF_STATUS_CODE) REFERENCES KIMM_REF_STATUS_CODE_REF(REF_STATUS_CODE), CONSTRAINT CK_ACTTYR_LMCC CHECK(LST_MOD_CHG_CD IN ('I', 'U', 'D')));




-- Link Type Reference Table

CREATE TABLE KIMM_LINK_TYPE_REF(LINK_TYPE VARCHAR(32) NOT NULL, LINK_TYPE_LONG_NAME VARCHAR(128) NOT NULL, LINK_TYPE_DESCRIPTION VARCHAR(1024) NOT NULL, PARENT_LINK_TYPE VARCHAR(32) NOT NULL, REF_STATUS_CODE VARCHAR(32) NOT NULL, CREATION_USR VARCHAR(32) NOT NULL, CREATION_APP VARCHAR(64) NOT NULL, CREATION_TS TIMESTAMP WITH TIME ZONE NOT NULL, LST_MOD_USR VARCHAR(32) NOT NULL, LST_MOD_APP VARCHAR(64) NOT NULL, LST_MOD_CHG_CD CHAR(1) NOT NULL, LST_MOD_TS TIMESTAMP WITH TIME ZONE NOT NULL, CONSTRAINT PK_LNKTYR_LNKTY PRIMARY KEY(LINK_TYPE), CONSTRAINT FK_LNKTYR_PLNKTY FOREIGN KEY(PARENT_LINK_TYPE) REFERENCES KIMM_LINK_TYPE_REF(LINK_TYPE), CONSTRAINT FK_LNKTYR_RSCD FOREIGN KEY(REF_STATUS_CODE) REFERENCES KIMM_REF_STATUS_CODE_REF(REF_STATUS_CODE), CONSTRAINT CK_LNKTYR_LMCC CHECK(LST_MOD_CHG_CD IN ('I', 'U', 'D')));



-- Link Group Reference Table

CREATE TABLE KIMM_LINK_GROUP_REF(LINK_GROUP VARCHAR(32) NOT NULL, LINK_GROUP_LONG_NAME VARCHAR(128) NOT NULL, LINK_GROUP_DESCRIPTION VARCHAR(1024) NOT NULL, PARENT_LINK_GROUP VARCHAR(32) NOT NULL, REF_STATUS_CODE VARCHAR(32) NOT NULL, CREATION_USR VARCHAR(32) NOT NULL, CREATION_APP VARCHAR(64) NOT NULL, CREATION_TS TIMESTAMP WITH TIME ZONE NOT NULL, LST_MOD_USR VARCHAR(32) NOT NULL, LST_MOD_APP VARCHAR(64) NOT NULL, LST_MOD_CHG_CD CHAR(1) NOT NULL, LST_MOD_TS TIMESTAMP WITH TIME ZONE NOT NULL, CONSTRAINT PK_LNKGRPR_LNKGRP PRIMARY KEY(LINK_GROUP), CONSTRAINT FK_LNKGRPR_PLNKGRP FOREIGN KEY(PARENT_LINK_GROUP) REFERENCES KIMM_LINK_GROUP_REF(LINK_GROUP), CONSTRAINT FK_LNKGRPR_RSCD FOREIGN KEY(REF_STATUS_CODE) REFERENCES KIMM_REF_STATUS_CODE_REF(REF_STATUS_CODE), CONSTRAINT CK_LNKGRPR_LMCC CHECK(LST_MOD_CHG_CD IN ('I', 'U', 'D')));


-- Key Type Reference Table

CREATE TABLE KIMM_KEY_TYPE_REF(KEY_TYPE VARCHAR(32) NOT NULL, KEY_TYPE_LONG_NAME VARCHAR(128) NOT NULL, KEY_TYPE_DESCRIPTION VARCHAR(1024) NOT NULL, PARENT_KEY_TYPE VARCHAR(32) NOT NULL, REF_STATUS_CODE VARCHAR(32) NOT NULL, CREATION_USR VARCHAR(32) NOT NULL, CREATION_APP VARCHAR(64) NOT NULL, CREATION_TS TIMESTAMP WITH TIME ZONE NOT NULL, LST_MOD_USR VARCHAR(32) NOT NULL, LST_MOD_APP VARCHAR(64) NOT NULL, LST_MOD_CHG_CD CHAR(1) NOT NULL, LST_MOD_TS TIMESTAMP WITH TIME ZONE NOT NULL, CONSTRAINT PK_KEYTYR_KEYTY PRIMARY KEY(KEY_TYPE), CONSTRAINT FK_KEYTYR_PKEYTY FOREIGN KEY(PARENT_KEY_TYPE) REFERENCES KIMM_KEY_TYPE_REF(KEY_TYPE), CONSTRAINT FK_KEYTYR_RSCD FOREIGN KEY(REF_STATUS_CODE) REFERENCES KIMM_REF_STATUS_CODE_REF(REF_STATUS_CODE), CONSTRAINT CK_KEYTYR_LMCC CHECK(LST_MOD_CHG_CD IN ('I', 'U', 'D')));



-- Index Type Reference Table

CREATE TABLE KIMM_INDEX_TYPE_REF(INDEX_TYPE VARCHAR(32) NOT NULL, INDEX_TYPE_LONG_NAME VARCHAR(128) NOT NULL, INDEX_TYPE_DESCRIPTION VARCHAR(1024) NOT NULL, PARENT_INDEX_TYPE VARCHAR(32) NOT NULL, REF_STATUS_CODE VARCHAR(32) NOT NULL, CREATION_USR VARCHAR(32) NOT NULL, CREATION_APP VARCHAR(64) NOT NULL, CREATION_TS TIMESTAMP WITH TIME ZONE NOT NULL, LST_MOD_USR VARCHAR(32) NOT NULL, LST_MOD_APP VARCHAR(64) NOT NULL, LST_MOD_CHG_CD CHAR(1) NOT NULL, LST_MOD_TS TIMESTAMP WITH TIME ZONE NOT NULL, CONSTRAINT PK_IDXTYR_IDXTY PRIMARY KEY(INDEX_TYPE), CONSTRAINT FK_IDXTYR_PIDXTY FOREIGN KEY(PARENT_INDEX_TYPE) REFERENCES KIMM_INDEX_TYPE_REF(INDEX_TYPE), CONSTRAINT FK_IDXTYR_RSCD FOREIGN KEY(REF_STATUS_CODE) REFERENCES KIMM_REF_STATUS_CODE_REF(REF_STATUS_CODE), CONSTRAINT CK_IDXTYR_LMCC CHECK(LST_MOD_CHG_CD IN ('I', 'U', 'D')));



-- Constraint Type Reference Table

CREATE TABLE KIMM_CONSTRAINT_TYPE_REF(CONSTRAINT_TYPE VARCHAR(32) NOT NULL, CONSTRAINT_TYPE_LONG_NAME VARCHAR(128) NOT NULL, CONSTRAINT_TYPE_DESCRIPTION VARCHAR(1024) NOT NULL, PARENT_CONSTRAINT_TYPE VARCHAR(32) NOT NULL, REF_STATUS_CODE VARCHAR(32) NOT NULL, CREATION_USR VARCHAR(32) NOT NULL, CREATION_APP VARCHAR(64) NOT NULL, CREATION_TS TIMESTAMP WITH TIME ZONE NOT NULL, LST_MOD_USR VARCHAR(32) NOT NULL, LST_MOD_APP VARCHAR(64) NOT NULL, LST_MOD_CHG_CD CHAR(1) NOT NULL, LST_MOD_TS TIMESTAMP WITH TIME ZONE NOT NULL, CONSTRAINT PK_CNSTRTYR_IDXTY PRIMARY KEY(CONSTRAINT_TYPE), CONSTRAINT FK_CNSTRTYR_PIDXTY FOREIGN KEY(PARENT_CONSTRAINT_TYPE) REFERENCES KIMM_CONSTRAINT_TYPE_REF(CONSTRAINT_TYPE), CONSTRAINT FK_CNSTRTYR_RSCD FOREIGN KEY(REF_STATUS_CODE) REFERENCES KIMM_REF_STATUS_CODE_REF(REF_STATUS_CODE), CONSTRAINT CK_CNSTRTYR_LMCC CHECK(LST_MOD_CHG_CD IN ('I', 'U', 'D')));




-- Query Type Reference Table

CREATE TABLE KIMM_QUERY_TYPE_REF(QUERY_TYPE VARCHAR(32) NOT NULL, QUERY_TYPE_LONG_NAME VARCHAR(128) NOT NULL, QUERY_TYPE_DESCRIPTION VARCHAR(1024) NOT NULL, QUERY_TYPE_KEYWORD VARCHAR(64) NOT NULL, PARENT_QUERY_TYPE VARCHAR(32) NOT NULL, REF_STATUS_CODE VARCHAR(32) NOT NULL, CREATION_USR VARCHAR(32) NOT NULL, CREATION_APP VARCHAR(64) NOT NULL, CREATION_TS TIMESTAMP WITH TIME ZONE NOT NULL, LST_MOD_USR VARCHAR(32) NOT NULL, LST_MOD_APP VARCHAR(64) NOT NULL, LST_MOD_CHG_CD CHAR(1) NOT NULL, LST_MOD_TS TIMESTAMP WITH TIME ZONE NOT NULL, CONSTRAINT PK_QRYTYR_QRYTY PRIMARY KEY(QUERY_TYPE), CONSTRAINT FK_QRYTYR_PQRYTY FOREIGN KEY(PARENT_QUERY_TYPE) REFERENCES KIMM_QUERY_TYPE_REF(QUERY_TYPE), CONSTRAINT FK_QRYTYR_RSCD FOREIGN KEY(REF_STATUS_CODE) REFERENCES KIMM_REF_STATUS_CODE_REF(REF_STATUS_CODE), CONSTRAINT CK_QRYTYR_LMCC CHECK(LST_MOD_CHG_CD IN ('I', 'U', 'D')));


-- Query Operator Type Reference Table

CREATE TABLE KIMM_QUERY_OPERATOR_TYPE_REF(QUERY_OPERATOR_TYPE VARCHAR(32) NOT NULL, QUERY_OPERATOR_TYPE_LONG_NAME VARCHAR(128) NOT NULL, QUERY_OPERATOR_TYPE_DESCRIPTION VARCHAR(1024) NOT NULL, QUERY_OPERATOR_TYPE_SYMBOL VARCHAR(32) NOT NULL, REF_STATUS_CODE VARCHAR(32) NOT NULL, CREATION_USR VARCHAR(32) NOT NULL, CREATION_APP VARCHAR(64) NOT NULL, CREATION_TS TIMESTAMP WITH TIME ZONE NOT NULL, LST_MOD_USR VARCHAR(32) NOT NULL, LST_MOD_APP VARCHAR(64) NOT NULL, LST_MOD_CHG_CD CHAR(1) NOT NULL, LST_MOD_TS TIMESTAMP WITH TIME ZONE NOT NULL, CONSTRAINT PK_QRYOPTYR_QRYOPTY PRIMARY KEY(QUERY_OPERATOR_TYPE), CONSTRAINT FK_QRYOPTYR_RSCD FOREIGN KEY(REF_STATUS_CODE) REFERENCES KIMM_REF_STATUS_CODE_REF(REF_STATUS_CODE), CONSTRAINT CK_QRYOPTYR_LMCC CHECK(LST_MOD_CHG_CD IN ('I', 'U', 'D')));


-- Query Clause Type Reference Table


CREATE TABLE KIMM_QUERY_CLAUSE_TYPE_REF(QUERY_CLAUSE_TYPE VARCHAR(32) NOT NULL, QUERY_CLAUSE_TYPE_LONG_NAME VARCHAR(128) NOT NULL, QUERY_CLAUSE_TYPE_DESCRIPTION VARCHAR(1024) NOT NULL, QUERY_CLAUSE_TYPE_KEYWORD VARCHAR(64) NOT NULL, REF_STATUS_CODE VARCHAR(32) NOT NULL, CREATION_USR VARCHAR(32) NOT NULL, CREATION_APP VARCHAR(64) NOT NULL, CREATION_TS TIMESTAMP WITH TIME ZONE NOT NULL, LST_MOD_USR VARCHAR(32) NOT NULL, LST_MOD_APP VARCHAR(64) NOT NULL, LST_MOD_CHG_CD CHAR(1) NOT NULL, LST_MOD_TS TIMESTAMP WITH TIME ZONE NOT NULL, CONSTRAINT PK_QRYCLSTYR_QRYCLSTY PRIMARY KEY(QUERY_CLAUSE_TYPE), CONSTRAINT FK_QRYCLSTYR_RSCD FOREIGN KEY(REF_STATUS_CODE) REFERENCES KIMM_REF_STATUS_CODE_REF(REF_STATUS_CODE), CONSTRAINT CK_QRYCLSTYR_LMCC CHECK(LST_MOD_CHG_CD IN ('I', 'U', 'D')));


-- Query Clause Param Type Reference Table

CREATE TABLE KIMM_QUERY_CLAUSE_PARAM_TYPE_REF(QUERY_CLAUSE_PARAM_TYPE VARCHAR(32) NOT NULL, QUERY_CLAUSE_TYPE VARCHAR(32) NOT NULL, QUERY_CLAUSE_PARAM_TYPE_LONG_NAME VARCHAR(128) NOT NULL, QUERY_CLAUSE_PARAM_TYPE_DESCRIPTION VARCHAR(1024) NOT NULL, REF_STATUS_CODE VARCHAR(32) NOT NULL, CREATION_USR VARCHAR(32) NOT NULL, CREATION_APP VARCHAR(64) NOT NULL, CREATION_TS TIMESTAMP WITH TIME ZONE NOT NULL, LST_MOD_USR VARCHAR(32) NOT NULL, LST_MOD_APP VARCHAR(64) NOT NULL, LST_MOD_CHG_CD CHAR(1) NOT NULL, LST_MOD_TS TIMESTAMP WITH TIME ZONE NOT NULL, CONSTRAINT PK_QRYCLPMTYR_QCPTY PRIMARY KEY(QUERY_CLAUSE_PARAM_TYPE), CONSTRAINT FK_QRYCLPMTYR_QRYCLSTY FOREIGN KEY(QUERY_CLAUSE_TYPE) REFERENCES KIMM_QUERY_CLAUSE_TYPE_REF(QUERY_CLAUSE_TYPE), CONSTRAINT FK_QRYCLPMTYR_RSCD FOREIGN KEY(REF_STATUS_CODE) REFERENCES KIMM_REF_STATUS_CODE_REF(REF_STATUS_CODE), CONSTRAINT CK_QRYCLPMTYR_LMCC CHECK(LST_MOD_CHG_CD IN ('I', 'U', 'D')));



-- End System Reference Code Tables --------------------------------------->


------------------------------------------------------------------------------->


-- Begin Core Catalog Metadata (Meta Model) Tables ------------------------>


-- Begin Catalog Primary Entity Tables ------------------------->


-- Main Entity Base Table

CREATE TABLE KIMM_ENTITY_MASTER(ENTITY_MASTER_ID NUMBER(19,0) NOT NULL, SNAPSHOT_ID NUMBER(19,0) NOT NULL, ENTITY_TYPE VARCHAR(64) NOT NULL, METADATA_RECORD_TYPE VARCHAR(64) NOT NULL, GLOBAL_UNIQUE_CATALOG_ENTITY_HANDLE VARCHAR(1024) NOT NULL, PRIMARY_ENTITY_NAME VARCHAR(255) NOT NULL, METADATA_STATUS_CODE VARCHAR(32) NOT NULL, VALID_FROM_TS TIMESTAMP WITH TIME ZONE NOT NULL, VALID_TO_TS TIMESTAMP WITH TIME ZONE NULL, CREATION_USR VARCHAR(32) NOT NULL, CREATION_APP VARCHAR(64) NOT NULL, CREATION_TS TIMESTAMP WITH TIME ZONE NOT NULL, LST_MOD_USR VARCHAR(32) NOT NULL, LST_MOD_APP VARCHAR(64) NOT NULL, LST_MOD_CHG_CD CHAR(1) NOT NULL, LST_MOD_TS TIMESTAMP WITH TIME ZONE NOT NULL, CONSTRAINT PK_ENTMSTR_EMID PRIMARY KEY(ENTITY_MASTER_ID), CONSTRAINT UQ_ENTMSTR_EMID_SSID UNIQUE (ENTITY_MASTER_ID, SNAPSHOT_ID), CONSTRAINT FK_ENTMSTR_MDRECTY FOREIGN KEY(METADATA_RECORD_TYPE) REFERENCES KIMM_METADATA_RECORD_TYPE_REF(METADATA_RECORD_TYPE), CONSTRAINT FK_ENTMSTR_MDSCD FOREIGN KEY(METADATA_STATUS_CODE) REFERENCES KIMM_METADATA_STATUS_CODE_REF(METADATA_STATUS_CODE), CONSTRAINT FK_ENTMSTR_ETY FOREIGN KEY(ENTITY_TYPE) REFERENCES KIMM_ENTITY_TYPE_REF(ENTITY_TYPE), CONSTRAINT CK_ENTMSTR_LMCC CHECK(LST_MOD_CHG_CD IN ('I', 'U', 'D')));

CREATE INDEX IDX_ENTMSTR_SSID ON KIMM_ENTITY_MASTER(SNAPSHOT_ID);
CREATE UNIQUE INDEX IDX_ENTMSTR_GUCATENTHNDL ON KIMM_ENTITY_MASTER(GLOBAL_UNIQUE_CATALOG_ENTITY_HANDLE);
CREATE INDEX IDX_ENTMSTR_PRIMENTNM ON KIMM_ENTITY_MASTER(PRIMARY_ENTITY_NAME);
CREATE INDEX IDX_ENTMSTR_BITEMP ON KIMM_ENTITY_MASTER(ENTITY_MASTER_ID, VALID_FROM_TS, VALID_TO_TS);

-- History Version of Main Entity Base Table

CREATE TABLE KIMM_ENTITY_MASTER_HIST(ENTITY_MASTER_ID NUMBER(19,0) NOT NULL, SNAPSHOT_ID NUMBER(19,0) NOT NULL, ENTITY_TYPE VARCHAR(64) NOT NULL, METADATA_RECORD_TYPE VARCHAR(64) NOT NULL, GLOBAL_UNIQUE_CATALOG_ENTITY_HANDLE VARCHAR(1024) NOT NULL, PRIMARY_ENTITY_NAME VARCHAR(255) NOT NULL, METADATA_STATUS_CODE VARCHAR(32) NOT NULL, VALID_FROM_TS TIMESTAMP WITH TIME ZONE NOT NULL, VALID_TO_TS TIMESTAMP WITH TIME ZONE NULL, CREATION_USR VARCHAR(32) NOT NULL, CREATION_APP VARCHAR(64) NOT NULL, HISTORY_ENTRY_TS TIMESTAMP WITH TIME ZONE NOT NULL, CREATION_TS TIMESTAMP WITH TIME ZONE NOT NULL, LST_MOD_USR VARCHAR(32) NOT NULL, LST_MOD_APP VARCHAR(64) NOT NULL, LST_MOD_CHG_CD CHAR(1) NOT NULL, LST_MOD_TS TIMESTAMP WITH TIME ZONE NOT NULL, CONSTRAINT PK_ENTMSTR_EMID_SSID PRIMARY KEY(ENTITY_MASTER_ID, SNAPSHOT_ID), CONSTRAINT FK_HENTMSTR_EMID FOREIGN KEY(ENTITY_MASTER_ID) REFERENCES KIMM_ENTITY_MASTER(ENTITY_MASTER_ID), CONSTRAINT FK_HENTMSTR_MDRECTY FOREIGN KEY(METADATA_RECORD_TYPE) REFERENCES KIMM_METADATA_RECORD_TYPE_REF(METADATA_RECORD_TYPE), CONSTRAINT FK_HENTMSTR_MDSCD FOREIGN KEY(METADATA_STATUS_CODE) REFERENCES KIMM_METADATA_STATUS_CODE_REF(METADATA_STATUS_CODE), CONSTRAINT FK_HENTMSTR_ETY FOREIGN KEY(ENTITY_TYPE) REFERENCES KIMM_ENTITY_TYPE_REF(ENTITY_TYPE), CONSTRAINT CK_HENTMSTR_LMCC CHECK(LST_MOD_CHG_CD IN ('I', 'U', 'D')));

CREATE INDEX IDX_HENTMSTR_GUCATENTHNDL ON KIMM_ENTITY_MASTER_HIST(GLOBAL_UNIQUE_CATALOG_ENTITY_HANDLE);
CREATE INDEX IDX_HENTMSTR_PRIMENTNM ON KIMM_ENTITY_MASTER_HIST(PRIMARY_ENTITY_NAME);
CREATE INDEX IDX_HENTMSTR_BITEMP ON KIMM_ENTITY_MASTER_HIST(ENTITY_MASTER_ID, VALID_FROM_TS, VALID_TO_TS);
CREATE INDEX IDX_HENTMSTR_EMIDHTS ON KIMM_ENTITY_MASTER_HIST(ENTITY_MASTER_ID, HISTORY_ENTRY_TS);


-- Core Catalog Structural Entity Table

CREATE TABLE KIMM_ENTITY_STRUCTURE(ENTITY_MASTER_ID NUMBER(19,0) NOT NULL, CATALOG_STRUCTURE_TYPE VARCHAR(64) NOT NULL, METADATA_STATUS_CODE VARCHAR(32) NOT NULL, CREATION_USR VARCHAR(32) NOT NULL, CREATION_APP VARCHAR(64) NOT NULL, CREATION_TS TIMESTAMP WITH TIME ZONE NOT NULL, LST_MOD_USR VARCHAR(32) NOT NULL, LST_MOD_APP VARCHAR(64) NOT NULL, LST_MOD_CHG_CD CHAR(1) NOT NULL, LST_MOD_TS TIMESTAMP WITH TIME ZONE NOT NULL, CONSTRAINT PK_ENTSTRUCT_EMID PRIMARY KEY(ENTITY_MASTER_ID), CONSTRAINT FK_ENTSTRUCT_EMID FOREIGN KEY(ENTITY_MASTER_ID) REFERENCES KIMM_ENTITY_MASTER(ENTITY_MASTER_ID), CONSTRAINT FK_ENTSTRUCT_CATSTRUCTY FOREIGN KEY(CATALOG_STRUCTURE_TYPE) REFERENCES KIMM_CATALOG_STRUCTURE_TYPE_REF(CATALOG_STRUCTURE_TYPE), CONSTRAINT FK_ENTSTRUCT_MDSCD FOREIGN KEY(METADATA_STATUS_CODE) REFERENCES KIMM_METADATA_STATUS_CODE_REF(METADATA_STATUS_CODE), CONSTRAINT CK_ENTSTRUCT_LMCC CHECK(LST_MOD_CHG_CD IN ('I', 'U', 'D')));



-- Catalog Version Entity Table

CREATE TABLE KIMM_ENTITY_VERSION(ENTITY_MASTER_ID NUMBER(19,0) NOT NULL, VERSION_TYPE VARCHAR(64) NOT NULL, VERSION_STR VARCHAR(64) NOT NULL, VERSION_MAJOR INT NOT NULL, VERSION_MINOR INT NOT NULL, VERSION_NAME VARCHAR(128) NOT NULL, VERSION_DESCRIPTION VARCHAR(1024) NOT NULL, METADATA_STATUS_CODE VARCHAR(32) NOT NULL, CREATION_USR VARCHAR(32) NOT NULL, CREATION_APP VARCHAR(64) NOT NULL, CREATION_TS TIMESTAMP WITH TIME ZONE NOT NULL, LST_MOD_USR VARCHAR(32) NOT NULL, LST_MOD_APP VARCHAR(64) NOT NULL, LST_MOD_CHG_CD CHAR(1) NOT NULL, LST_MOD_TS TIMESTAMP WITH TIME ZONE NOT NULL, CONSTRAINT PK_ENTVER_EMID PRIMARY KEY(ENTITY_MASTER_ID), CONSTRAINT FK_ENTVER_EMID FOREIGN KEY(ENTITY_MASTER_ID) REFERENCES KIMM_ENTITY_MASTER(ENTITY_MASTER_ID), CONSTRAINT FK_ENTVER_VERTY FOREIGN KEY(VERSION_TYPE) REFERENCES KIMM_VERSION_TYPE_REF(VERSION_TYPE), CONSTRAINT FK_ENTVER_MDSCD FOREIGN KEY(METADATA_STATUS_CODE) REFERENCES KIMM_METADATA_STATUS_CODE_REF(METADATA_STATUS_CODE), CONSTRAINT CK_ENTVER_LMCC CHECK(LST_MOD_CHG_CD IN ('I', 'U', 'D')));


-- End Catalog Primary Entity Tables --------------------------->


----------------------------------------------------------->


-- Begin Organizational Model Tables -------------->


-- Catalog Organizational Entity Table

CREATE TABLE KIMM_DIRECTORY_ORGANIZATION(ENTITY_MASTER_ID NUMBER(19,0) NOT NULL, ORG_TYPE VARCHAR(64) NOT NULL, METADATA_STATUS_CODE VARCHAR(32) NOT NULL, CREATION_USR VARCHAR(32) NOT NULL, CREATION_APP VARCHAR(64) NOT NULL, CREATION_TS TIMESTAMP WITH TIME ZONE NOT NULL, LST_MOD_USR VARCHAR(32) NOT NULL, LST_MOD_APP VARCHAR(64) NOT NULL, LST_MOD_CHG_CD CHAR(1) NOT NULL, LST_MOD_TS TIMESTAMP WITH TIME ZONE NOT NULL, CONSTRAINT PK_DIRORG_EMID PRIMARY KEY(ENTITY_MASTER_ID), CONSTRAINT FK_DIRORG_EMID FOREIGN KEY(ENTITY_MASTER_ID) REFERENCES KIMM_ENTITY_MASTER(ENTITY_MASTER_ID), CONSTRAINT FK_DIRORG_DIRORGTY FOREIGN KEY(ORG_TYPE) REFERENCES KIMM_ORGANIZATION_TYPE_REF(ORG_TYPE), CONSTRAINT FK_DIRORG_MDSCD FOREIGN KEY(METADATA_STATUS_CODE) REFERENCES KIMM_METADATA_STATUS_CODE_REF(METADATA_STATUS_CODE), CONSTRAINT CK_DIRORG_LMCC CHECK(LST_MOD_CHG_CD IN ('I', 'U', 'D')));


-- User Table

CREATE TABLE KIMM_DIRECTORY_USER(ENTITY_MASTER_ID NUMBER(19,0) NOT NULL, USER_TYPE VARCHAR(64) NOT NULL, METADATA_STATUS_CODE VARCHAR(32) NOT NULL, CREATION_USR VARCHAR(32) NOT NULL, CREATION_APP VARCHAR(64) NOT NULL, CREATION_TS TIMESTAMP WITH TIME ZONE NOT NULL, LST_MOD_USR VARCHAR(32) NOT NULL, LST_MOD_APP VARCHAR(64) NOT NULL, LST_MOD_CHG_CD CHAR(1) NOT NULL, LST_MOD_TS TIMESTAMP WITH TIME ZONE NOT NULL, CONSTRAINT PK_ENTUSR_EMID PRIMARY KEY(ENTITY_MASTER_ID), CONSTRAINT FK_ENTUSR_EMID FOREIGN KEY(ENTITY_MASTER_ID) REFERENCES KIMM_ENTITY_MASTER(ENTITY_MASTER_ID), CONSTRAINT FK_ENTUSR_ENTUSRTY FOREIGN KEY(USER_TYPE) REFERENCES KIMM_USER_TYPE_REF(USER_TYPE), CONSTRAINT FK_ENTUSR_MDSCD FOREIGN KEY(METADATA_STATUS_CODE) REFERENCES KIMM_METADATA_STATUS_CODE_REF(METADATA_STATUS_CODE), CONSTRAINT CK_ENTUSR_LMCC CHECK(LST_MOD_CHG_CD IN ('I', 'U', 'D')));

-- Role Table

CREATE TABLE KIMM_DIRECTORY_ROLE(ENTITY_MASTER_ID NUMBER(19,0) NOT NULL, ROLE_TYPE VARCHAR(64) NOT NULL, METADATA_STATUS_CODE VARCHAR(32) NOT NULL, CREATION_USR VARCHAR(32) NOT NULL, CREATION_APP VARCHAR(64) NOT NULL, CREATION_TS TIMESTAMP WITH TIME ZONE NOT NULL, LST_MOD_USR VARCHAR(32) NOT NULL, LST_MOD_APP VARCHAR(64) NOT NULL, LST_MOD_CHG_CD CHAR(1) NOT NULL, LST_MOD_TS TIMESTAMP WITH TIME ZONE NOT NULL, CONSTRAINT PK_ENTROLE_EMID PRIMARY KEY(ENTITY_MASTER_ID), CONSTRAINT FK_ENTROLE_EMID FOREIGN KEY(ENTITY_MASTER_ID) REFERENCES KIMM_ENTITY_MASTER(ENTITY_MASTER_ID), CONSTRAINT FK_ENTROLE_ENTROLETY FOREIGN KEY(ROLE_TYPE) REFERENCES KIMM_ROLE_TYPE_REF(ROLE_TYPE), CONSTRAINT FK_ENTROLE_MDSCD FOREIGN KEY(METADATA_STATUS_CODE) REFERENCES KIMM_METADATA_STATUS_CODE_REF(METADATA_STATUS_CODE), CONSTRAINT CK_ENTROLE_LMCC CHECK(LST_MOD_CHG_CD IN ('I', 'U', 'D')));


-- User to Org (with Roles) Mapping Table

CREATE TABLE KIMM_DIRECTORY_ORG_USER_ROLE(ENTITY_MASTER_ID NUMBER(19,0) NOT NULL, ORG_ENTITY_MASTER_ID NUMBER(19,0) NOT NULL, USER_ENTITY_MASTER_ID NUMBER(19,0) NOT NULL, ROLE_ENTITY_MASTER_ID NUMBER(19,0) NOT NULL, METADATA_STATUS_CODE VARCHAR(32) NOT NULL, CREATION_USR VARCHAR(32) NOT NULL, CREATION_APP VARCHAR(64) NOT NULL, CREATION_TS TIMESTAMP WITH TIME ZONE NOT NULL, LST_MOD_USR VARCHAR(32) NOT NULL, LST_MOD_APP VARCHAR(64) NOT NULL, LST_MOD_CHG_CD CHAR(1) NOT NULL, LST_MOD_TS TIMESTAMP WITH TIME ZONE NOT NULL, CONSTRAINT PK_ORGUSROLE_EMID PRIMARY KEY(ENTITY_MASTER_ID), CONSTRAINT FK_ORGUSROLE_OEMID FOREIGN KEY(ORG_ENTITY_MASTER_ID) REFERENCES KIMM_DIRECTORY_ORGANIZATION(ENTITY_MASTER_ID), CONSTRAINT FK_ORGUSROLE_UEMID FOREIGN KEY(USER_ENTITY_MASTER_ID) REFERENCES KIMM_DIRECTORY_USER(ENTITY_MASTER_ID), CONSTRAINT FK_ORGUSROLE_REMID FOREIGN KEY(ROLE_ENTITY_MASTER_ID) REFERENCES KIMM_DIRECTORY_ROLE(ENTITY_MASTER_ID), CONSTRAINT UNQ_ORGUSROLE_OUREMID UNIQUE (ORG_ENTITY_MASTER_ID, USER_ENTITY_MASTER_ID, ROLE_ENTITY_MASTER_ID), CONSTRAINT FK_ORGUSROLE_MDSCD FOREIGN KEY(METADATA_STATUS_CODE) REFERENCES KIMM_METADATA_STATUS_CODE_REF(METADATA_STATUS_CODE), CONSTRAINT CK_ORGUSROLE_LMCC CHECK(LST_MOD_CHG_CD IN ('I', 'U', 'D')));

CREATE INDEX IDX_ORGUSROLE_OEMID ON KIMM_DIRECTORY_ORG_USER_ROLE(ORG_ENTITY_MASTER_ID);
CREATE INDEX IDX_ORGUSROLE_UEMID ON KIMM_DIRECTORY_ORG_USER_ROLE(USER_ENTITY_MASTER_ID);



-- End Organizational Model Tables -------------->


----------------------------------------------------------->


-- Begin Catalog Secondary Entity Tables --------------------------->


-- Entity Group Definition (User Defined) Table

CREATE TABLE KIMM_GROUP_DEF(ENTITY_MASTER_ID NUMBER(19,0) NOT NULL, GROUP_TYPE VARCHAR(32) NOT NULL, GROUP_NAME VARCHAR(128) NOT NULL, GROUP_DESCRIPTION VARCHAR(1024) NOT NULL, METADATA_STATUS_CODE VARCHAR(32) NOT NULL, CREATION_USR VARCHAR(32) NOT NULL, CREATION_APP VARCHAR(64) NOT NULL, CREATION_TS TIMESTAMP WITH TIME ZONE NOT NULL, LST_MOD_USR VARCHAR(32) NOT NULL, LST_MOD_APP VARCHAR(64) NOT NULL, LST_MOD_CHG_CD CHAR(1) NOT NULL, LST_MOD_TS TIMESTAMP WITH TIME ZONE NOT NULL, CONSTRAINT PK_GRPD_EMID PRIMARY KEY(ENTITY_MASTER_ID), CONSTRAINT FK_GRPD_EMID FOREIGN KEY(ENTITY_MASTER_ID) REFERENCES KIMM_ENTITY_MASTER(ENTITY_MASTER_ID), CONSTRAINT FK_GRPD_GRPTY FOREIGN KEY(GROUP_TYPE) REFERENCES KIMM_GROUP_TYPE_REF(GROUP_TYPE), CONSTRAINT FK_GRPD_MDSCD FOREIGN KEY(METADATA_STATUS_CODE) REFERENCES KIMM_METADATA_STATUS_CODE_REF(METADATA_STATUS_CODE), CONSTRAINT CK_GRPD_LMCC CHECK(LST_MOD_CHG_CD IN ('I', 'U', 'D')));


CREATE INDEX IDX_GRPD_GRPNM ON KIMM_GROUP_DEF(GROUP_NAME);


-- Entity Ordering Definition (User Defined) Table

CREATE TABLE KIMM_ORDER_DEF(ENTITY_MASTER_ID NUMBER(19,0) NOT NULL, ORDER_TYPE VARCHAR(32) NOT NULL, ORDER_NAME VARCHAR(128) NOT NULL, ORDER_DESCRIPTION VARCHAR(1024) NOT NULL, METADATA_STATUS_CODE VARCHAR(32) NOT NULL, CREATION_USR VARCHAR(32) NOT NULL, CREATION_APP VARCHAR(64) NOT NULL, CREATION_TS TIMESTAMP WITH TIME ZONE NOT NULL, LST_MOD_USR VARCHAR(32) NOT NULL, LST_MOD_APP VARCHAR(64) NOT NULL, LST_MOD_CHG_CD CHAR(1) NOT NULL, LST_MOD_TS TIMESTAMP WITH TIME ZONE NOT NULL, CONSTRAINT PK_ORDDF_EMID PRIMARY KEY(ENTITY_MASTER_ID), CONSTRAINT FK_ORDDF_EMID FOREIGN KEY(ENTITY_MASTER_ID) REFERENCES KIMM_ENTITY_MASTER(ENTITY_MASTER_ID), CONSTRAINT FK_ORDDF_ORDTY FOREIGN KEY(ORDER_TYPE) REFERENCES KIMM_ORDER_TYPE_REF(ORDER_TYPE), CONSTRAINT FK_ORDDF_MDSCD FOREIGN KEY(METADATA_STATUS_CODE) REFERENCES KIMM_METADATA_STATUS_CODE_REF(METADATA_STATUS_CODE), CONSTRAINT CK_ORDDF_LMCC CHECK(LST_MOD_CHG_CD IN ('I', 'U', 'D')));

CREATE INDEX IDX_ORDDF_ORDNM ON KIMM_ORDER_DEF(ORDER_NAME);


-- Entity Entry Point Definition (User Defined) Table

CREATE TABLE KIMM_ENTRY_POINT_DEF(ENTITY_MASTER_ID NUMBER(19,0) NOT NULL, ENTRY_POINT_TYPE VARCHAR(32) NOT NULL, ENTRY_POINT_NAME VARCHAR(128) NOT NULL, ENTRY_POINT_DESCRIPTION VARCHAR(1024) NOT NULL, METADATA_STATUS_CODE VARCHAR(32) NOT NULL, CREATION_USR VARCHAR(32) NOT NULL, CREATION_APP VARCHAR(64) NOT NULL, CREATION_TS TIMESTAMP WITH TIME ZONE NOT NULL, LST_MOD_USR VARCHAR(32) NOT NULL, LST_MOD_APP VARCHAR(64) NOT NULL, LST_MOD_CHG_CD CHAR(1) NOT NULL, LST_MOD_TS TIMESTAMP WITH TIME ZONE NOT NULL, CONSTRAINT PK_EPNTDF_EMID PRIMARY KEY(ENTITY_MASTER_ID), CONSTRAINT FK_EPNTDF_EMID FOREIGN KEY(ENTITY_MASTER_ID) REFERENCES KIMM_ENTITY_MASTER(ENTITY_MASTER_ID), CONSTRAINT FK_EPNTDF_ORDTY FOREIGN KEY(ENTRY_POINT_TYPE) REFERENCES KIMM_ENTRY_POINT_TYPE_REF(ENTRY_POINT_TYPE), CONSTRAINT FK_EPNTDF_MDSCD FOREIGN KEY(METADATA_STATUS_CODE) REFERENCES KIMM_METADATA_STATUS_CODE_REF(METADATA_STATUS_CODE), CONSTRAINT CK_EPNTDF_LMCC CHECK(LST_MOD_CHG_CD IN ('I', 'U', 'D')));

CREATE INDEX IDX_EPNTDF_EPNTNM ON KIMM_ENTRY_POINT_DEF(ENTRY_POINT_NAME);


-- End Catalog Secondary Entity Tables --------------------------->


----------------------------------------------------------->



-- Begin Directly Related Entity Metadata - Generally attached to a single Entity (Direct Related, Entity-Entity-Rel not needed)


-- Environment Mapping Table

CREATE TABLE KIMM_ENVIRONMENTS(ENTITY_MASTER_ID NUMBER(19,0) NOT NULL, ENVIRONMENT_CODE VARCHAR(32) NOT NULL, ENV_ENTITY_MASTER_ID NUMBER(19,0) NOT NULL, METADATA_STATUS_CODE VARCHAR(32) NOT NULL, CREATION_USR VARCHAR(32) NOT NULL, CREATION_APP VARCHAR(64) NOT NULL, CREATION_TS TIMESTAMP WITH TIME ZONE NOT NULL, LST_MOD_USR VARCHAR(32) NOT NULL, LST_MOD_APP VARCHAR(64) NOT NULL, LST_MOD_CHG_CD CHAR(1) NOT NULL, LST_MOD_TS TIMESTAMP WITH TIME ZONE NOT NULL, CONSTRAINT PK_ENVS_EMIDENVCD PRIMARY KEY(ENTITY_MASTER_ID, ENVIRONMENT_CODE), CONSTRAINT FK_ENVS_EMID FOREIGN KEY(ENTITY_MASTER_ID) REFERENCES KIMM_ENTITY_MASTER(ENTITY_MASTER_ID), CONSTRAINT FK_ENVS_ENVCD FOREIGN KEY(ENVIRONMENT_CODE) REFERENCES KIMM_ENVIRONMENT_REF(ENVIRONMENT_CODE), CONSTRAINT FK_ENVS_ENVEMID FOREIGN KEY(ENV_ENTITY_MASTER_ID) REFERENCES KIMM_ENTITY_MASTER(ENTITY_MASTER_ID), CONSTRAINT FK_ENVS_MDSCD FOREIGN KEY(METADATA_STATUS_CODE) REFERENCES KIMM_METADATA_STATUS_CODE_REF(METADATA_STATUS_CODE), CONSTRAINT CK_ENVS_LMCC CHECK(LST_MOD_CHG_CD IN ('I', 'U', 'D')));

CREATE UNIQUE INDEX IDX_ENVS_ENVEMID ON KIMM_ENVIRONMENTS(ENV_ENTITY_MASTER_ID);


-- Metadata Namespace Mapping Table

CREATE TABLE KIMM_NAMESPACES(ENTITY_MASTER_ID NUMBER(19,0) NOT NULL, NAMESPACE_CODE VARCHAR(32) NOT NULL, NS_ENTITY_MASTER_ID NUMBER(19,0) NOT NULL, METADATA_STATUS_CODE VARCHAR(32) NOT NULL, CREATION_USR VARCHAR(32) NOT NULL, CREATION_APP VARCHAR(64) NOT NULL, CREATION_TS TIMESTAMP WITH TIME ZONE NOT NULL, LST_MOD_USR VARCHAR(32) NOT NULL, LST_MOD_APP VARCHAR(64) NOT NULL, LST_MOD_CHG_CD CHAR(1) NOT NULL, LST_MOD_TS TIMESTAMP WITH TIME ZONE NOT NULL, CONSTRAINT PK_NS_EMIDNSCD PRIMARY KEY(ENTITY_MASTER_ID, NAMESPACE_CODE), CONSTRAINT FK_NS_EMID FOREIGN KEY(ENTITY_MASTER_ID) REFERENCES KIMM_ENTITY_MASTER(ENTITY_MASTER_ID), CONSTRAINT FK_NS_NSCD FOREIGN KEY(NAMESPACE_CODE) REFERENCES KIMM_NAMESPACE_REF(NAMESPACE_CODE), CONSTRAINT FK_NS_NSEMID FOREIGN KEY(NS_ENTITY_MASTER_ID) REFERENCES KIMM_ENTITY_MASTER(ENTITY_MASTER_ID), CONSTRAINT FK_NS_MDSCD FOREIGN KEY(METADATA_STATUS_CODE) REFERENCES KIMM_METADATA_STATUS_CODE_REF(METADATA_STATUS_CODE), CONSTRAINT CK_NS_LMCC CHECK(LST_MOD_CHG_CD IN ('I', 'U', 'D')));

CREATE UNIQUE INDEX IDX_NS_NSEMID ON KIMM_NAMESPACES(NS_ENTITY_MASTER_ID);



-- Names Table

CREATE TABLE KIMM_NAMES(ENTITY_MASTER_ID NUMBER(19,0) NOT NULL, ENTITY_NAME_TYPE VARCHAR(32) NOT NULL, ENTITY_NAME_VALUE VARCHAR(255) NOT NULL, NAME_ENTITY_MASTER_ID NUMBER(19,0) NOT NULL, METADATA_STATUS_CODE VARCHAR(32) NOT NULL, CREATION_USR VARCHAR(32) NOT NULL, CREATION_APP VARCHAR(64) NOT NULL, CREATION_TS TIMESTAMP WITH TIME ZONE NOT NULL, LST_MOD_USR VARCHAR(32) NOT NULL, LST_MOD_APP VARCHAR(64) NOT NULL, LST_MOD_CHG_CD CHAR(1) NOT NULL, LST_MOD_TS TIMESTAMP WITH TIME ZONE NOT NULL, CONSTRAINT PK_NMS_EMIDNTNV PRIMARY KEY(ENTITY_MASTER_ID, ENTITY_NAME_TYPE, ENTITY_NAME_VALUE), CONSTRAINT FK_NMS_EMID FOREIGN KEY(ENTITY_MASTER_ID) REFERENCES KIMM_ENTITY_MASTER(ENTITY_MASTER_ID), CONSTRAINT FK_NMS_NMTY FOREIGN KEY(ENTITY_NAME_TYPE) REFERENCES KIMM_NAME_TYPE_REF(ENTITY_NAME_TYPE), CONSTRAINT FK_NMS_NMEMID FOREIGN KEY(NAME_ENTITY_MASTER_ID) REFERENCES KIMM_ENTITY_MASTER(ENTITY_MASTER_ID), CONSTRAINT FK_NMS_MDSCD FOREIGN KEY(METADATA_STATUS_CODE) REFERENCES KIMM_METADATA_STATUS_CODE_REF(METADATA_STATUS_CODE), CONSTRAINT CK_NMS_LMCC CHECK(LST_MOD_CHG_CD IN ('I', 'U', 'D')));

CREATE UNIQUE INDEX IDX_NMS_NMEMID ON KIMM_NAMES(NAME_ENTITY_MASTER_ID);



-- Tags table

CREATE TABLE KIMM_TAGS(ENTITY_MASTER_ID NUMBER(19,0) NOT NULL, TAG_TYPE_CODE VARCHAR(32) NOT NULL, TAG_NAME VARCHAR(128) NOT NULL, TAG_VALUE VARCHAR(255) NULL, TAG_INDEX INT NULL, TAG_LEVEL INT NULL, TAG_ENTITY_MASTER_ID NUMBER(19,0) NOT NULL, METADATA_STATUS_CODE VARCHAR(32) NOT NULL, CREATION_USR VARCHAR(32) NOT NULL, CREATION_APP VARCHAR(64) NOT NULL, CREATION_TS TIMESTAMP WITH TIME ZONE NOT NULL, LST_MOD_USR VARCHAR(32) NOT NULL, LST_MOD_APP VARCHAR(64) NOT NULL, LST_MOD_CHG_CD CHAR(1) NOT NULL, LST_MOD_TS TIMESTAMP WITH TIME ZONE NOT NULL, CONSTRAINT PK_TAGS_EMIDTTTN PRIMARY KEY(ENTITY_MASTER_ID, TAG_TYPE_CODE, TAG_NAME), CONSTRAINT FK_TAGS_EMID FOREIGN KEY(ENTITY_MASTER_ID) REFERENCES KIMM_ENTITY_MASTER(ENTITY_MASTER_ID), CONSTRAINT FK_TAGS_TGTY FOREIGN KEY(TAG_TYPE_CODE) REFERENCES KIMM_TAG_TYPE_REF(TAG_TYPE_CODE), CONSTRAINT FK_TAGS_TGNM FOREIGN KEY(TAG_NAME) REFERENCES KIMM_TAG_REF(TAG_NAME), CONSTRAINT FK_TAGS_TGEMID FOREIGN KEY(TAG_ENTITY_MASTER_ID) REFERENCES KIMM_ENTITY_MASTER(ENTITY_MASTER_ID), CONSTRAINT FK_TAGS_MDSCD FOREIGN KEY(METADATA_STATUS_CODE) REFERENCES KIMM_METADATA_STATUS_CODE_REF(METADATA_STATUS_CODE), CONSTRAINT CK_TAGS_LMCC CHECK(LST_MOD_CHG_CD IN ('I', 'U', 'D')));

CREATE UNIQUE INDEX IDX_TAGS_TGEMID ON KIMM_TAGS(TAG_ENTITY_MASTER_ID);



-- Xref Table

CREATE TABLE KIMM_XREF(ENTITY_MASTER_ID NUMBER(19,0) NOT NULL, XREF_TYPE VARCHAR(32) NOT NULL, XREF_VALUE VARCHAR(128) NOT NULL, XREF_ENTITY_MASTER_ID NUMBER(19,0) NOT NULL, METADATA_STATUS_CODE VARCHAR(32) NOT NULL, CREATION_USR VARCHAR(32) NOT NULL, CREATION_APP VARCHAR(64) NOT NULL, CREATION_TS TIMESTAMP WITH TIME ZONE NOT NULL, LST_MOD_USR VARCHAR(32) NOT NULL, LST_MOD_APP VARCHAR(64) NOT NULL, LST_MOD_CHG_CD CHAR(1) NOT NULL, LST_MOD_TS TIMESTAMP WITH TIME ZONE NOT NULL, CONSTRAINT PK_XREF_EMIDXTXV PRIMARY KEY(ENTITY_MASTER_ID, XREF_TYPE, XREF_VALUE), CONSTRAINT FK_XREF_EMID FOREIGN KEY(ENTITY_MASTER_ID) REFERENCES KIMM_ENTITY_MASTER(ENTITY_MASTER_ID), CONSTRAINT FK_XREF_XTY FOREIGN KEY(XREF_TYPE) REFERENCES KIMM_XREF_TYPE_REF(XREF_TYPE), CONSTRAINT FK_XREF_XEMID FOREIGN KEY(XREF_ENTITY_MASTER_ID) REFERENCES KIMM_ENTITY_MASTER(ENTITY_MASTER_ID), CONSTRAINT FK_XREF_MDSCD FOREIGN KEY(METADATA_STATUS_CODE) REFERENCES KIMM_METADATA_STATUS_CODE_REF(METADATA_STATUS_CODE), CONSTRAINT CK_XREF_LMCC CHECK(LST_MOD_CHG_CD IN ('I', 'U', 'D')));

CREATE UNIQUE INDEX IDX_XREF_XEMID ON KIMM_XREF(XREF_ENTITY_MASTER_ID);


-- Roles Table - Not entitlement Roles, but Roles which a Metadata Entity can take or has.

CREATE TABLE KIMM_ENTITY_ROLES(ENTITY_MASTER_ID NUMBER(19,0) NOT NULL, ROLE_TYPE VARCHAR(32) NOT NULL, ROLE_ENTITY_MASTER_ID NUMBER(19,0) NOT NULL, METADATA_STATUS_CODE VARCHAR(32) NOT NULL, CREATION_USR VARCHAR(32) NOT NULL, CREATION_APP VARCHAR(64) NOT NULL, CREATION_TS TIMESTAMP WITH TIME ZONE NOT NULL, LST_MOD_USR VARCHAR(32) NOT NULL, LST_MOD_APP VARCHAR(64) NOT NULL, LST_MOD_CHG_CD CHAR(1) NOT NULL, LST_MOD_TS TIMESTAMP WITH TIME ZONE NOT NULL, CONSTRAINT PK_ENTROLES_EMID PRIMARY KEY(ENTITY_MASTER_ID), CONSTRAINT FK_ENTROLES_EMID FOREIGN KEY(ENTITY_MASTER_ID) REFERENCES KIMM_ENTITY_MASTER(ENTITY_MASTER_ID), CONSTRAINT FK_ENTROLES_RTY FOREIGN KEY(ROLE_TYPE) REFERENCES KIMM_ROLE_TYPE_REF(ROLE_TYPE), CONSTRAINT FK_ENTROLES_REMID FOREIGN KEY(ROLE_ENTITY_MASTER_ID) REFERENCES KIMM_ENTITY_MASTER(ENTITY_MASTER_ID), CONSTRAINT FK_ENTROLES_MDSCD FOREIGN KEY(METADATA_STATUS_CODE) REFERENCES KIMM_METADATA_STATUS_CODE_REF(METADATA_STATUS_CODE), CONSTRAINT CK_ENTROLES_LMCC CHECK(LST_MOD_CHG_CD IN ('I', 'U', 'D')));

CREATE UNIQUE INDEX IDX_ENTROLES_REMID ON KIMM_ENTITY_ROLES(ROLE_ENTITY_MASTER_ID);


-- Comments Table

CREATE TABLE KIMM_COMMENTS(ENTITY_MASTER_ID NUMBER(19,0) NOT NULL, COMMENT_TYPE VARCHAR(32) NOT NULL, COMMENT_TEXT VARCHAR(4000) NOT NULL, COMMENTER VARCHAR(128) NOT NULL, COMMENT_TITLE VARCHAR(255) NULL, COMMENT_SUBJECT VARCHAR(255) NULL, COMMENT_REASON VARCHAR(255) NULL, COMMENT_ENTITY_MASTER_ID NUMBER(19,0) NOT NULL, METADATA_STATUS_CODE VARCHAR(32) NOT NULL, CREATION_USR VARCHAR(32) NOT NULL, CREATION_APP VARCHAR(64) NOT NULL, CREATION_TS TIMESTAMP WITH TIME ZONE NOT NULL, LST_MOD_USR VARCHAR(32) NOT NULL, LST_MOD_APP VARCHAR(64) NOT NULL, LST_MOD_CHG_CD CHAR(1) NOT NULL, LST_MOD_TS TIMESTAMP WITH TIME ZONE NOT NULL, CONSTRAINT PK_CMNTS_EMID PRIMARY KEY(ENTITY_MASTER_ID), CONSTRAINT FK_CMNTS_EMID FOREIGN KEY(ENTITY_MASTER_ID) REFERENCES KIMM_ENTITY_MASTER(ENTITY_MASTER_ID), CONSTRAINT FK_CMNTS_CTY FOREIGN KEY(COMMENT_TYPE) REFERENCES KIMM_COMMENT_TYPE_REF(COMMENT_TYPE), CONSTRAINT FK_CMNTS_CEMID FOREIGN KEY(COMMENT_ENTITY_MASTER_ID) REFERENCES KIMM_ENTITY_MASTER(ENTITY_MASTER_ID), CONSTRAINT FK_CMNTS_MDSCD FOREIGN KEY(METADATA_STATUS_CODE) REFERENCES KIMM_METADATA_STATUS_CODE_REF(METADATA_STATUS_CODE), CONSTRAINT CK_CMNTS_LMCC CHECK(LST_MOD_CHG_CD IN ('I', 'U', 'D')));

CREATE UNIQUE INDEX IDX_CMNTS_CEMID ON KIMM_COMMENTS(COMMENT_ENTITY_MASTER_ID);



-- Actions Audit Table

CREATE TABLE KIMM_ACTIONS_AUDIT(ENTITY_MASTER_ID NUMBER(19,0) NOT NULL, ACTION_TYPE VARCHAR(32) NOT NULL, ACTION_SUBJECT VARCHAR(255) NULL, ACTION_REASON VARCHAR(255) NULL, ACTION_NOTES VARCHAR(2048) NULL, ACTION_USER VARCHAR(32) NOT NULL, ACTION_TAKEN VARCHAR(255) NULL, IS_WORKFLOW CHAR(1) NOT NULL, WORKFLOW_PROCESS_ID VARCHAR(128) NULL, WORKFLOW_STEP_ID VARCHAR(128) NULL, WORKFLOW_PROCESS_NAME VARCHAR(255) NULL, WORKFLOW_STEP_NAME VARCHAR(255) NULL, WORKFLOW_PROCESS_INFO VARCHAR(512) NULL, WORKFLOW_STEP_INFO VARCHAR(512) NULL, ACTION_TS TIMESTAMP WITH TIME ZONE NOT NULL, METADATA_STATUS_CODE VARCHAR(32) NOT NULL, CREATION_USR VARCHAR(32) NOT NULL, CREATION_APP VARCHAR(64) NOT NULL, CREATION_TS TIMESTAMP WITH TIME ZONE NOT NULL, LST_MOD_USR VARCHAR(32) NOT NULL, LST_MOD_APP VARCHAR(64) NOT NULL, LST_MOD_CHG_CD CHAR(1) NOT NULL, LST_MOD_TS TIMESTAMP WITH TIME ZONE NOT NULL, CONSTRAINT PK_ACTAUD_EMID PRIMARY KEY(ENTITY_MASTER_ID), CONSTRAINT FK_ACTAUD_EMID FOREIGN KEY(ENTITY_MASTER_ID) REFERENCES KIMM_ENTITY_MASTER(ENTITY_MASTER_ID), CONSTRAINT FK_ACTAUD_ATY FOREIGN KEY(ACTION_TYPE) REFERENCES KIMM_ACTION_TYPE_REF(ACTION_TYPE), CONSTRAINT FK_ACTAUD_MDSCD FOREIGN KEY(METADATA_STATUS_CODE) REFERENCES KIMM_METADATA_STATUS_CODE_REF(METADATA_STATUS_CODE), CONSTRAINT CK_ACTAUD_LMCC CHECK(LST_MOD_CHG_CD IN ('I', 'U', 'D')));



-- Data Type Info Table

CREATE TABLE KIMM_DATA_TYPE_INFO(ENTITY_MASTER_ID NUMBER(19,0) NOT NULL, DATA_TYPE_CODE VARCHAR(32) NOT NULL, METADATA_STATUS_CODE VARCHAR(32) NOT NULL, CREATION_USR VARCHAR(32) NOT NULL, CREATION_APP VARCHAR(64) NOT NULL, CREATION_TS TIMESTAMP WITH TIME ZONE NOT NULL, LST_MOD_USR VARCHAR(32) NOT NULL, LST_MOD_APP VARCHAR(64) NOT NULL, LST_MOD_CHG_CD CHAR(1) NOT NULL, LST_MOD_TS TIMESTAMP WITH TIME ZONE NOT NULL, CONSTRAINT PK_DTINF_EMID PRIMARY KEY(ENTITY_MASTER_ID), CONSTRAINT FK_DTINF_EMID FOREIGN KEY(ENTITY_MASTER_ID) REFERENCES KIMM_ENTITY_MASTER(ENTITY_MASTER_ID), CONSTRAINT FK_DTINF_DTCD FOREIGN KEY(DATA_TYPE_CODE) REFERENCES KIMM_DATA_TYPE_REF(DATA_TYPE_CODE), CONSTRAINT FK_DTINF_MDSCD FOREIGN KEY(METADATA_STATUS_CODE) REFERENCES KIMM_METADATA_STATUS_CODE_REF(METADATA_STATUS_CODE), CONSTRAINT CK_DTINF_LMCC CHECK(LST_MOD_CHG_CD IN ('I', 'U', 'D')));




-- Links (Hyperlinks) Table

CREATE TABLE KIMM_LINKS(ENTITY_MASTER_ID NUMBER(19,0) NOT NULL, LINK_TYPE VARCHAR(32) NOT NULL, LINK_GROUP VARCHAR(32) NULL, LINK_URL VARCHAR(2048) NOT NULL, LINK_TEXT VARCHAR(255) NOT NULL, LINK_TOOLTIP VARCHAR(1024) NULL, LINK_DESCRIPTION VARCHAR(2048) NULL, LINK_ORDER_INDEX INT NULL, LINK_ENTITY_MASTER_ID NUMBER(19,0) NOT NULL, METADATA_STATUS_CODE VARCHAR(32) NOT NULL, CREATION_USR VARCHAR(32) NOT NULL, CREATION_APP VARCHAR(64) NOT NULL, CREATION_TS TIMESTAMP WITH TIME ZONE NOT NULL, LST_MOD_USR VARCHAR(32) NOT NULL, LST_MOD_APP VARCHAR(64) NOT NULL, LST_MOD_CHG_CD CHAR(1) NOT NULL, LST_MOD_TS TIMESTAMP WITH TIME ZONE NOT NULL, CONSTRAINT PK_LINKS_EMID PRIMARY KEY(ENTITY_MASTER_ID), CONSTRAINT FK_LINKS_EMID FOREIGN KEY(ENTITY_MASTER_ID) REFERENCES KIMM_ENTITY_MASTER(ENTITY_MASTER_ID), CONSTRAINT FK_LINKS_LNKTY FOREIGN KEY(LINK_TYPE) REFERENCES KIMM_LINK_TYPE_REF(LINK_TYPE), CONSTRAINT FK_LINKS_LNKGRP FOREIGN KEY(LINK_GROUP) REFERENCES KIMM_LINK_GROUP_REF(LINK_GROUP), CONSTRAINT FK_LINKS_LEMID FOREIGN KEY(LINK_ENTITY_MASTER_ID) REFERENCES KIMM_ENTITY_MASTER(ENTITY_MASTER_ID), CONSTRAINT FK_LINKS_MDSCD FOREIGN KEY(METADATA_STATUS_CODE) REFERENCES KIMM_METADATA_STATUS_CODE_REF(METADATA_STATUS_CODE), CONSTRAINT CK_LINKS_LMCC CHECK(LST_MOD_CHG_CD IN ('I', 'U', 'D')));

CREATE UNIQUE INDEX IDX_LINKS_LEMID ON KIMM_LINKS(LINK_ENTITY_MASTER_ID);




-- Properties Table

CREATE TABLE KIMM_PROPERTIES(ENTITY_MASTER_ID NUMBER(19,0) NOT NULL, PROP_SET_NAME VARCHAR(128) NOT NULL, PROP_NAME VARCHAR(512) NOT NULL, PROP_VALUE VARCHAR(4000) NULL, PROP_ARR_INDEX INT NOT NULL, IS_PROP_ARRAY CHAR(1) NOT NULL, METADATA_STATUS_CODE VARCHAR(32) NOT NULL, CREATION_USR VARCHAR(32) NOT NULL, CREATION_APP VARCHAR(64) NOT NULL, CREATION_TS TIMESTAMP WITH TIME ZONE NOT NULL, LST_MOD_USR VARCHAR(32) NOT NULL, LST_MOD_APP VARCHAR(64) NOT NULL, LST_MOD_CHG_CD CHAR(1) NOT NULL, LST_MOD_TS TIMESTAMP WITH TIME ZONE NOT NULL, CONSTRAINT PK_PROPS_EMIDSNI PRIMARY KEY(ENTITY_MASTER_ID, PROP_SET_NAME, PROP_NAME, PROP_ARR_INDEX), CONSTRAINT FK_PROPS_EMID FOREIGN KEY(ENTITY_MASTER_ID) REFERENCES KIMM_ENTITY_MASTER(ENTITY_MASTER_ID), CONSTRAINT FK_PROPS_MDSCD FOREIGN KEY(METADATA_STATUS_CODE) REFERENCES KIMM_METADATA_STATUS_CODE_REF(METADATA_STATUS_CODE), CONSTRAINT CK_PROPS_IPA CHECK(IS_PROP_ARRAY IN ('Y', 'N')), CONSTRAINT CK_PROPS_LMCC CHECK(LST_MOD_CHG_CD IN ('I', 'U', 'D')));




-- Annotations Table

CREATE TABLE KIMM_ANNOTATIONS(ENTITY_MASTER_ID NUMBER(19,0) NOT NULL, ANNOTATION_NAME VARCHAR(255) NOT NULL, ANNOTATION_INDEX INT NOT NULL, ANNOTATION_ENTITY_MASTER_ID NUMBER(19,0) NOT NULL, METADATA_STATUS_CODE VARCHAR(32) NOT NULL, CREATION_USR VARCHAR(32) NOT NULL, CREATION_APP VARCHAR(64) NOT NULL, CREATION_TS TIMESTAMP WITH TIME ZONE NOT NULL, LST_MOD_USR VARCHAR(32) NOT NULL, LST_MOD_APP VARCHAR(64) NOT NULL, LST_MOD_CHG_CD CHAR(1) NOT NULL, LST_MOD_TS TIMESTAMP WITH TIME ZONE NOT NULL, CONSTRAINT PK_ANNO_EMIDAN PRIMARY KEY(ENTITY_MASTER_ID, ANNOTATION_NAME), CONSTRAINT FK_ANNO_EMID FOREIGN KEY(ENTITY_MASTER_ID) REFERENCES KIMM_ENTITY_MASTER(ENTITY_MASTER_ID), CONSTRAINT FK_ANNO_AEMID FOREIGN KEY(ANNOTATION_ENTITY_MASTER_ID) REFERENCES KIMM_ENTITY_MASTER(ENTITY_MASTER_ID), CONSTRAINT FK_ANNO_MDSCD FOREIGN KEY(METADATA_STATUS_CODE) REFERENCES KIMM_METADATA_STATUS_CODE_REF(METADATA_STATUS_CODE), CONSTRAINT CK_ANNO_LMCC CHECK(LST_MOD_CHG_CD IN ('I', 'U', 'D')));

CREATE UNIQUE INDEX IDX_ANNO_AEMID ON KIMM_ANNOTATIONS(ANNOTATION_ENTITY_MASTER_ID);




-- Annotation Parameters Table

CREATE TABLE KIMM_ANNOTATION_PARAMS(ANNOTATION_ENTITY_MASTER_ID NUMBER(19,0) NOT NULL, ANNOTATION_PARAM_NAME VARCHAR(255) NOT NULL, ANNOTATION_PARAM_VALUE VARCHAR(4000) NULL, ANNOTATION_PARAM_VALUE_INDEX INT NOT NULL, METADATA_STATUS_CODE VARCHAR(32) NOT NULL, CREATION_USR VARCHAR(32) NOT NULL, CREATION_APP VARCHAR(64) NOT NULL, CREATION_TS TIMESTAMP WITH TIME ZONE NOT NULL, LST_MOD_USR VARCHAR(32) NOT NULL, LST_MOD_APP VARCHAR(64) NOT NULL, LST_MOD_CHG_CD CHAR(1) NOT NULL, LST_MOD_TS TIMESTAMP WITH TIME ZONE NOT NULL, CONSTRAINT PK_ANNOPM_AEMIDAPN PRIMARY KEY(ANNOTATION_ENTITY_MASTER_ID, ANNOTATION_PARAM_NAME, ANNOTATION_PARAM_VALUE_INDEX), CONSTRAINT FK_ANNOPM_AEMID FOREIGN KEY(ANNOTATION_ENTITY_MASTER_ID) REFERENCES KIMM_ENTITY_MASTER(ENTITY_MASTER_ID), CONSTRAINT FK_ANNOPM_MDSCD FOREIGN KEY(METADATA_STATUS_CODE) REFERENCES KIMM_METADATA_STATUS_CODE_REF(METADATA_STATUS_CODE), CONSTRAINT CK_ANNOPM_LMCC CHECK(LST_MOD_CHG_CD IN ('I', 'U', 'D')));



-- Query Base Table


CREATE TABLE KIMM_QUERY(ENTITY_MASTER_ID NUMBER(19,0) NOT NULL, QUERY_TYPE VARCHAR(32) NOT NULL, METADATA_STATUS_CODE VARCHAR(32) NOT NULL, CREATION_USR VARCHAR(32) NOT NULL, CREATION_APP VARCHAR(64) NOT NULL, CREATION_TS TIMESTAMP WITH TIME ZONE NOT NULL, LST_MOD_USR VARCHAR(32) NOT NULL, LST_MOD_APP VARCHAR(64) NOT NULL, LST_MOD_CHG_CD CHAR(1) NOT NULL, LST_MOD_TS TIMESTAMP WITH TIME ZONE NOT NULL, CONSTRAINT PK_QRY_EMID PRIMARY KEY(ENTITY_MASTER_ID), CONSTRAINT FK_QRY_EMID FOREIGN KEY(ENTITY_MASTER_ID) REFERENCES KIMM_ENTITY_MASTER(ENTITY_MASTER_ID), CONSTRAINT FK_QRY_QRYTY FOREIGN KEY(QUERY_TYPE) REFERENCES KIMM_QUERY_TYPE_REF(QUERY_TYPE), CONSTRAINT FK_QRY_MDSCD FOREIGN KEY(METADATA_STATUS_CODE) REFERENCES KIMM_METADATA_STATUS_CODE_REF(METADATA_STATUS_CODE), CONSTRAINT CK_QRY_LMCC CHECK(LST_MOD_CHG_CD IN ('I', 'U', 'D')));



-- Query Clause Table


CREATE TABLE KIMM_QUERY_CLAUSE(QUERY_ENTITY_MASTER_ID NUMBER(19,0) NOT NULL, QUERY_CLAUSE_TYPE VARCHAR(32) NOT NULL, QUERY_CLAUSE_ENTITY_MASTER_ID NUMBER(19,0) NOT NULL, METADATA_STATUS_CODE VARCHAR(32) NOT NULL, CREATION_USR VARCHAR(32) NOT NULL, CREATION_APP VARCHAR(64) NOT NULL, CREATION_TS TIMESTAMP WITH TIME ZONE NOT NULL, LST_MOD_USR VARCHAR(32) NOT NULL, LST_MOD_APP VARCHAR(64) NOT NULL, LST_MOD_CHG_CD CHAR(1) NOT NULL, LST_MOD_TS TIMESTAMP WITH TIME ZONE NOT NULL, CONSTRAINT PK_QRYCLS_QEMID PRIMARY KEY(QUERY_ENTITY_MASTER_ID), CONSTRAINT FK_QRYCLS_QEMID FOREIGN KEY(QUERY_ENTITY_MASTER_ID) REFERENCES KIMM_QUERY(ENTITY_MASTER_ID), CONSTRAINT FK_QRYCLS_QRYCLSTY FOREIGN KEY(QUERY_CLAUSE_TYPE) REFERENCES KIMM_QUERY_CLAUSE_TYPE_REF(QUERY_CLAUSE_TYPE), CONSTRAINT FK_QRYCLS_QCEMID FOREIGN KEY(QUERY_CLAUSE_ENTITY_MASTER_ID) REFERENCES KIMM_ENTITY_MASTER(ENTITY_MASTER_ID), CONSTRAINT FK_QRYCLS_MDSCD FOREIGN KEY(METADATA_STATUS_CODE) REFERENCES KIMM_METADATA_STATUS_CODE_REF(METADATA_STATUS_CODE), CONSTRAINT CK_QRYCLS_LMCC CHECK(LST_MOD_CHG_CD IN ('I', 'U', 'D')));


CREATE UNIQUE INDEX IDX_QRYCLS_QCEMID ON KIMM_QUERY_CLAUSE(QUERY_CLAUSE_ENTITY_MASTER_ID);



-- Query Clause Parameter Table

CREATE TABLE KIMM_QUERY_CLAUSE_PARAMS(QUERY_CLAUSE_ENTITY_MASTER_ID NUMBER(19,0) NOT NULL, QUERY_CLAUSE_PARAM_INDEX INT NOT NULL, QUERY_CLAUSE_PARAM_TYPE VARCHAR(32) NOT NULL, LEFT_OPERAND_PARAM_NAME VARCHAR(64) NULL, LEFT_OPERAND_ENTITY_MASTER_ID NUMBER(19,0) NULL, QUERY_OPERATOR_TYPE VARCHAR(32) NULL, RIGHT_OPERAND_PARAM_NAME VARCHAR(64) NULL, RIGHT_OPERAND_ENTITY_MASTER_ID NUMBER(19,0) NULL, RIGHT_OPERAND_PARAM_VALUE VARCHAR(255) NULL, METADATA_STATUS_CODE VARCHAR(32) NOT NULL, CREATION_USR VARCHAR(32) NOT NULL, CREATION_APP VARCHAR(64) NOT NULL, CREATION_TS TIMESTAMP WITH TIME ZONE NOT NULL, LST_MOD_USR VARCHAR(32) NOT NULL, LST_MOD_APP VARCHAR(64) NOT NULL, LST_MOD_CHG_CD CHAR(1) NOT NULL, LST_MOD_TS TIMESTAMP WITH TIME ZONE NOT NULL, CONSTRAINT PK_QRYCLPRM_QCEMIDPIDX PRIMARY KEY(QUERY_CLAUSE_ENTITY_MASTER_ID, QUERY_CLAUSE_PARAM_INDEX), CONSTRAINT FK_QRYCLPRM_QCEMID FOREIGN KEY(QUERY_CLAUSE_ENTITY_MASTER_ID) REFERENCES KIMM_ENTITY_MASTER(ENTITY_MASTER_ID), CONSTRAINT FK_QRYCLPRM_QCPTY FOREIGN KEY(QUERY_CLAUSE_PARAM_TYPE) REFERENCES KIMM_QUERY_CLAUSE_PARAM_TYPE_REF(QUERY_CLAUSE_PARAM_TYPE), CONSTRAINT FK_QRYCLPRM_QOPTY FOREIGN KEY(QUERY_OPERATOR_TYPE) REFERENCES KIMM_QUERY_OPERATOR_TYPE_REF(QUERY_OPERATOR_TYPE), CONSTRAINT FK_QRYCLPRM_LOEMID FOREIGN KEY(LEFT_OPERAND_ENTITY_MASTER_ID) REFERENCES KIMM_ENTITY_MASTER(ENTITY_MASTER_ID), CONSTRAINT FK_QRYCLPRM_ROEMID FOREIGN KEY(RIGHT_OPERAND_ENTITY_MASTER_ID) REFERENCES KIMM_ENTITY_MASTER(ENTITY_MASTER_ID), CONSTRAINT FK_QRYCLPRM_MDSCD FOREIGN KEY(METADATA_STATUS_CODE) REFERENCES KIMM_METADATA_STATUS_CODE_REF(METADATA_STATUS_CODE), CONSTRAINT CK_QRYCLPRM_LMCC CHECK(LST_MOD_CHG_CD IN ('I', 'U', 'D')));


-- Keys Table

CREATE TABLE KIMM_KEYS(ENTITY_MASTER_ID NUMBER(19,0) NOT NULL, KEY_TYPE VARCHAR(32) NOT NULL, KEY_NAME VARCHAR(64) NOT NULL, KEY_IS_COMPOSITE CHAR(1) NOT NULL, KEY_ORDER_INDEX INT NOT NULL, KEY_ENTITY_MASTER_ID NUMBER(19,0) NOT NULL, METADATA_STATUS_CODE VARCHAR(32) NOT NULL, CREATION_USR VARCHAR(32) NOT NULL, CREATION_APP VARCHAR(64) NOT NULL, CREATION_TS TIMESTAMP WITH TIME ZONE NOT NULL, LST_MOD_USR VARCHAR(32) NOT NULL, LST_MOD_APP VARCHAR(64) NOT NULL, LST_MOD_CHG_CD CHAR(1) NOT NULL, LST_MOD_TS TIMESTAMP WITH TIME ZONE NOT NULL, CONSTRAINT PK_KEYS_EMIDKTKN PRIMARY KEY(ENTITY_MASTER_ID, KEY_TYPE, KEY_NAME), CONSTRAINT FK_KEYS_EMID FOREIGN KEY(ENTITY_MASTER_ID) REFERENCES KIMM_ENTITY_MASTER(ENTITY_MASTER_ID), CONSTRAINT FK_KEYS_KYTY FOREIGN KEY(KEY_TYPE) REFERENCES KIMM_KEY_TYPE_REF(KEY_TYPE), CONSTRAINT FK_KEYS_KEMID FOREIGN KEY(KEY_ENTITY_MASTER_ID) REFERENCES KIMM_ENTITY_MASTER(ENTITY_MASTER_ID), CONSTRAINT FK_KEYS_MDSCD FOREIGN KEY(METADATA_STATUS_CODE) REFERENCES KIMM_METADATA_STATUS_CODE_REF(METADATA_STATUS_CODE), CONSTRAINT CK_KEYS_LMCC CHECK(LST_MOD_CHG_CD IN ('I', 'U', 'D')));

CREATE UNIQUE INDEX IDX_KEYS_KEMID ON KIMM_KEYS(KEY_ENTITY_MASTER_ID);




-- Key Fields Table

CREATE TABLE KIMM_KEY_FIELDS(KEY_ENTITY_MASTER_ID NUMBER(19,0) NOT NULL, KEY_FIELD_ENTITY_MASTER_ID NUMBER(19,0) NOT NULL, KEY_FIELD_ORDER_INDEX INT NOT NULL, METADATA_STATUS_CODE VARCHAR(32) NOT NULL, CREATION_USR VARCHAR(32) NOT NULL, CREATION_APP VARCHAR(64) NOT NULL, CREATION_TS TIMESTAMP WITH TIME ZONE NOT NULL, LST_MOD_USR VARCHAR(32) NOT NULL, LST_MOD_APP VARCHAR(64) NOT NULL, LST_MOD_CHG_CD CHAR(1) NOT NULL, LST_MOD_TS TIMESTAMP WITH TIME ZONE NOT NULL, CONSTRAINT PK_KYFLDS_KEMIDKFEMID PRIMARY KEY(KEY_ENTITY_MASTER_ID, KEY_FIELD_ENTITY_MASTER_ID), CONSTRAINT FK_KYFLDS_KEMID FOREIGN KEY(KEY_ENTITY_MASTER_ID) REFERENCES KIMM_ENTITY_MASTER(ENTITY_MASTER_ID), CONSTRAINT FK_KYFLDS_KFEMID FOREIGN KEY(KEY_FIELD_ENTITY_MASTER_ID) REFERENCES KIMM_ENTITY_MASTER(ENTITY_MASTER_ID), CONSTRAINT FK_KYFLDS_MDSCD FOREIGN KEY(METADATA_STATUS_CODE) REFERENCES KIMM_METADATA_STATUS_CODE_REF(METADATA_STATUS_CODE), CONSTRAINT CK_KYFLDS_LMCC CHECK(LST_MOD_CHG_CD IN ('I', 'U', 'D')));




-- Indexes Table

CREATE TABLE KIMM_INDEXES(ENTITY_MASTER_ID NUMBER(19,0) NOT NULL, INDEX_TYPE VARCHAR(32) NOT NULL, INDEX_NAME VARCHAR(64) NOT NULL, INDEX_IS_COMPOSITE CHAR(1) NOT NULL, INDEX_ORDER_INDEX INT NOT NULL, INDEX_ENTITY_MASTER_ID NUMBER(19,0) NOT NULL, METADATA_STATUS_CODE VARCHAR(32) NOT NULL, CREATION_USR VARCHAR(32) NOT NULL, CREATION_APP VARCHAR(64) NOT NULL, CREATION_TS TIMESTAMP WITH TIME ZONE NOT NULL, LST_MOD_USR VARCHAR(32) NOT NULL, LST_MOD_APP VARCHAR(64) NOT NULL, LST_MOD_CHG_CD CHAR(1) NOT NULL, LST_MOD_TS TIMESTAMP WITH TIME ZONE NOT NULL, CONSTRAINT PK_INDXS_EMIDITIN PRIMARY KEY(ENTITY_MASTER_ID, INDEX_TYPE, INDEX_NAME), CONSTRAINT FK_INDXS_EMID FOREIGN KEY(ENTITY_MASTER_ID) REFERENCES KIMM_ENTITY_MASTER(ENTITY_MASTER_ID), CONSTRAINT FK_INDXS_IDXTY FOREIGN KEY(INDEX_TYPE) REFERENCES KIMM_INDEX_TYPE_REF(INDEX_TYPE), CONSTRAINT FK_INDXS_IEMID FOREIGN KEY(INDEX_ENTITY_MASTER_ID) REFERENCES KIMM_ENTITY_MASTER(ENTITY_MASTER_ID), CONSTRAINT FK_INDXS_MDSCD FOREIGN KEY(METADATA_STATUS_CODE) REFERENCES KIMM_METADATA_STATUS_CODE_REF(METADATA_STATUS_CODE), CONSTRAINT CK_INDXS_LMCC CHECK(LST_MOD_CHG_CD IN ('I', 'U', 'D')));

CREATE UNIQUE INDEX IDX_INDXS_IEMID ON KIMM_INDEXES(INDEX_ENTITY_MASTER_ID);




-- Index Fields Table

CREATE TABLE KIMM_INDEX_FIELDS(INDEX_ENTITY_MASTER_ID NUMBER(19,0) NOT NULL, INDEX_FIELD_ENTITY_MASTER_ID NUMBER(19,0) NOT NULL, INDEX_FIELD_ORDER_INDEX INT NOT NULL, METADATA_STATUS_CODE VARCHAR(32) NOT NULL, CREATION_USR VARCHAR(32) NOT NULL, CREATION_APP VARCHAR(64) NOT NULL, CREATION_TS TIMESTAMP WITH TIME ZONE NOT NULL, LST_MOD_USR VARCHAR(32) NOT NULL, LST_MOD_APP VARCHAR(64) NOT NULL, LST_MOD_CHG_CD CHAR(1) NOT NULL, LST_MOD_TS TIMESTAMP WITH TIME ZONE NOT NULL, CONSTRAINT PK_INDXFLDS_IEMIDIFEMID PRIMARY KEY(INDEX_ENTITY_MASTER_ID, INDEX_FIELD_ENTITY_MASTER_ID), CONSTRAINT FK_INDXFLDS_IEMID FOREIGN KEY(INDEX_ENTITY_MASTER_ID) REFERENCES KIMM_ENTITY_MASTER(ENTITY_MASTER_ID), CONSTRAINT FK_INDXFLDS_IFEMID FOREIGN KEY(INDEX_FIELD_ENTITY_MASTER_ID) REFERENCES KIMM_ENTITY_MASTER(ENTITY_MASTER_ID), CONSTRAINT FK_INDXFLDS_MDSCD FOREIGN KEY(METADATA_STATUS_CODE) REFERENCES KIMM_METADATA_STATUS_CODE_REF(METADATA_STATUS_CODE), CONSTRAINT CK_INDXFLDS_LMCC CHECK(LST_MOD_CHG_CD IN ('I', 'U', 'D')));


-- Constraints Table

CREATE TABLE KIMM_CONSTRAINTS(ENTITY_MASTER_ID NUMBER(19,0) NOT NULL, CONSTRAINT_TYPE_CODE VARCHAR(32) NOT NULL, CONSTRAINT_NAME VARCHAR(64) NOT NULL, CONSTRAINT_ORDER_INDEX INT NOT NULL, QUERY_ENTITY_MASTER_ID NUMBER(19,0) NOT NULL, CONSTRAINT_ENTITY_MASTER_ID NUMBER(19,0) NOT NULL, METADATA_STATUS_CODE VARCHAR(32) NOT NULL, CREATION_USR VARCHAR(32) NOT NULL, CREATION_APP VARCHAR(64) NOT NULL, CREATION_TS TIMESTAMP WITH TIME ZONE NOT NULL, LST_MOD_USR VARCHAR(32) NOT NULL, LST_MOD_APP VARCHAR(64) NOT NULL, LST_MOD_CHG_CD CHAR(1) NOT NULL, LST_MOD_TS TIMESTAMP WITH TIME ZONE NOT NULL, CONSTRAINT PK_CNSTR_EMIDCNM PRIMARY KEY(ENTITY_MASTER_ID, CONSTRAINT_NAME), CONSTRAINT FK_CNSTR_EMID FOREIGN KEY(ENTITY_MASTER_ID) REFERENCES KIMM_ENTITY_MASTER(ENTITY_MASTER_ID), CONSTRAINT FK_CNSTR_QEMID FOREIGN KEY(QUERY_ENTITY_MASTER_ID) REFERENCES KIMM_QUERY(ENTITY_MASTER_ID), CONSTRAINT FK_CNSTR_CONEMID FOREIGN KEY(CONSTRAINT_ENTITY_MASTER_ID) REFERENCES KIMM_ENTITY_MASTER(ENTITY_MASTER_ID), CONSTRAINT FK_CNSTR_MDSCD FOREIGN KEY(METADATA_STATUS_CODE) REFERENCES KIMM_METADATA_STATUS_CODE_REF(METADATA_STATUS_CODE), CONSTRAINT CK_CNSTR_LMCC CHECK(LST_MOD_CHG_CD IN ('I', 'U', 'D')));

CREATE UNIQUE INDEX IDX_CNSTR_CONEMID ON KIMM_CONSTRAINTS(CONSTRAINT_ENTITY_MASTER_ID);


-- Multi Entity Keys (ex Foreign Keys) Table

CREATE TABLE KIMM_MULTI_ENTITY_KEYS(THIS_ENTITY_MASTER_ID NUMBER(19,0) NOT NULL, OTHER_ENTITY_MASTER_ID NUMBER(19,0) NOT NULL, KEY_TYPE VARCHAR(32) NOT NULL, KEY_NAME VARCHAR(64) NULL, KEY_SYS_ID VARCHAR(64) NULL, KEY_IS_COMPOSITE CHAR(1) NOT NULL, KEY_ORDER_INDEX INT NOT NULL, KEY_FIELDS_ORDER_INDEX INT NOT NULL, THIS_KEY_FIELD_ENTITY_MASTER_ID NUMBER(19,0) NOT NULL, OTHER_KEY_FIELD_ENTITY_MASTER_ID NUMBER(19,0) NOT NULL, KEY_MULTI_ENTITY_MASTER_ID NUMBER(19,0) NOT NULL, METADATA_STATUS_CODE VARCHAR(32) NOT NULL, CREATION_USR VARCHAR(32) NOT NULL, CREATION_APP VARCHAR(64) NOT NULL, CREATION_TS TIMESTAMP WITH TIME ZONE NOT NULL, LST_MOD_USR VARCHAR(32) NOT NULL, LST_MOD_APP VARCHAR(64) NOT NULL, LST_MOD_CHG_CD CHAR(1) NOT NULL, LST_MOD_TS TIMESTAMP WITH TIME ZONE NOT NULL, CONSTRAINT PK_MEKEY_TOTOKOI PRIMARY KEY(THIS_ENTITY_MASTER_ID, OTHER_ENTITY_MASTER_ID, THIS_KEY_FIELD_ENTITY_MASTER_ID, OTHER_KEY_FIELD_ENTITY_MASTER_ID, KEY_FIELDS_ORDER_INDEX, KEY_TYPE), CONSTRAINT FK_MEKEY_KMEMID FOREIGN KEY(KEY_MULTI_ENTITY_MASTER_ID) REFERENCES KIMM_ENTITY_MASTER(ENTITY_MASTER_ID), CONSTRAINT FK_MEKEY_KTYP FOREIGN KEY(KEY_TYPE) REFERENCES KIMM_KEY_TYPE_REF(KEY_TYPE), CONSTRAINT FK_MEKEY_MDSCD FOREIGN KEY(METADATA_STATUS_CODE) REFERENCES KIMM_METADATA_STATUS_CODE_REF(METADATA_STATUS_CODE), CONSTRAINT CK_MEKEY_ISCOMP CHECK(KEY_IS_COMPOSITE IN ('Y', 'N')), CONSTRAINT CK_MEKEY_LMCC CHECK(LST_MOD_CHG_CD IN ('I', 'U', 'D')));

CREATE UNIQUE INDEX IDX_MEKEY_KMEMID ON KIMM_MULTI_ENTITY_KEYS(KEY_MULTI_ENTITY_MASTER_ID);



-- END Entity Metadata - Generally attached to a single Entity (Direct Related, Entity-Entity-Rel not needed)

----------------------------------------------------------->


-- Begin Entity Relationship and Grouping Tables




-- END Entity Relationship and Grouping Tables


----------------------------------------------------------->


-- Begin Entity Metadata that needs to be related via a Bridge or Relationship Table - Can be attached to one or more Entities (Not directly Related, Entity-Entity-Rel Required)






-- END Entity Metadata that needs to be related via a Bridge or Relationship Table - Can be attached to one or more Entities (Not directly Related, Entity-Entity-Rel Required)

----------------------------------------------------------->



-- END Core Catalog Metadata (Meta Model) Tables -------------------------->


