-- Drop Main (Base) Metadata Entity Tables

DROP TABLE IF EXISTS REFMATICA_RELEASE_VERSION_ENTITY_REL;
DROP TABLE IF EXISTS REFMATICA_RELEASE_VERSIONS;
DROP TABLE IF EXISTS REFMATICA_ENTITY_VERSIONS;
DROP TABLE IF EXISTS REFMATICA_ENTITY;



-- Drop System Reference Code Tables

DROP TABLE IF EXISTS REFMATICA_USER_TYPE_REF;
DROP TABLE IF EXISTS REFMATICA_ORGANIZATION_TYPE_REF;
DROP TABLE IF EXISTS REFMATICA_ROLE_TYPE_REF;
DROP TABLE IF EXISTS REFMATICA_ENTITY_ADDRESS_TYPE_REF;
DROP TABLE IF EXISTS REFMATICA_ENTITY_LOCATION_TYPE_REF;
DROP TABLE IF EXISTS REFMATICA_ENTITY_DATA_RESOURCE_TYPE_REF;
DROP TABLE IF EXISTS REFMATICA_ENTITY_GROUP_TYPE_REF;
DROP TABLE IF EXISTS REFMATICA_ENTITY_REL_TYPE_REF;
DROP TABLE IF EXISTS REFMATICA_ENTITY_LOGIC_PARAM_TYPE_REF;
DROP TABLE IF EXISTS REFMATICA_ENTITY_LOGIC_TYPE_REF;
DROP TABLE IF EXISTS REFMATICA_ENTITY_XREF_TYPE_REF;
DROP TABLE IF EXISTS REFMATICA_ENTITY_METADATA_NAMESPACE_REF;
DROP TABLE IF EXISTS REFMATICA_ENTITY_ENVIRONMENT_REF;
DROP TABLE IF EXISTS REFMATICA_DATA_TYPE_REF;
DROP TABLE IF EXISTS REFMATICA_DATA_TYPE_LANGUAGE_REF;
DROP TABLE IF EXISTS REFMATICA_ENTITY_NAME_TYPE_REF;
DROP TABLE IF EXISTS REFMATICA_ENTITY_TYPE_REF;
DROP TABLE IF EXISTS REFMATICA_CATALOG_STRUCTURE_TYPE_REF;
DROP TABLE IF EXISTS REFMATICA_ENTITY_DATA_STATUS_CODE_REF;
DROP TABLE IF EXISTS REFMATICA_RELEASE_VERSION_ENTITY_REL_TYPE_REF;
DROP TABLE IF EXISTS REFMATICA_RELEASE_VERSION_STATUS_CODE_REF;
DROP TABLE IF EXISTS REFMATICA_RELEASE_VERSION_ENTITY_REL_STATUS_CODE_REF;
DROP TABLE IF EXISTS REFMATICA_ENTITY_VERSION_STATUS_CODE_REF;
DROP TABLE IF EXISTS REFMATICA_ENTITY_REL_STATUS_CODE_REF;
DROP TABLE IF EXISTS REFMATICA_ENTITY_STATUS_CODE_REF;
DROP TABLE IF EXISTS REFMATICA_REF_STATUS_CODE_REF;



-- End Drop Table Statements ----------------------------------->



-- System Reference Code Tables ------------->


-- Reference Tables Status Code Reference Table

CREATE TABLE REFMATICA_REF_STATUS_CODE_REF(REF_STATUS_CODE VARCHAR(32) NOT NULL, REF_STATUS_CODE_NAME VARCHAR(64) NOT NULL, REF_STATUS_CODE_DESCRIPTION VARCHAR(1024) NOT NULL, IS_ACTIVE CHAR(1) NOT NULL, PARENT_REF_STATUS_CODE VARCHAR(32) NOT NULL, CREATION_USR VARCHAR(32) NOT NULL, CREATION_APP VARCHAR(64) NOT NULL, CREATION_TS TIMESTAMP WITH TIME ZONE NOT NULL, LST_MOD_USR VARCHAR(32) NOT NULL, LST_MOD_APP VARCHAR(64) NOT NULL, LST_MOD_CHG_CD CHAR(1) NOT NULL, LST_MOD_TS TIMESTAMP WITH TIME ZONE NOT NULL, CONSTRAINT PK_RSCR_RSCD PRIMARY KEY(REF_STATUS_CODE), CONSTRAINT FK_RSCR_PRSCD FOREIGN KEY(PARENT_REF_STATUS_CODE) REFERENCES REFMATICA_REF_STATUS_CODE_REF(REF_STATUS_CODE), CONSTRAINT CK_RSCR_ISACT CHECK(IS_ACTIVE IN ('Y', 'N')), CONSTRAINT CK_RSCR_LMCC CHECK(LST_MOD_CHG_CD IN ('I', 'U', 'D')));

INSERT INTO REFMATICA_REF_STATUS_CODE_REF(REF_STATUS_CODE, REF_STATUS_CODE_NAME, REF_STATUS_CODE_DESCRIPTION, IS_ACTIVE, PARENT_REF_STATUS_CODE, CREATION_USR, CREATION_APP, CREATION_TS, LST_MOD_USR, LST_MOD_APP, LST_MOD_CHG_CD, LST_MOD_TS) VALUES ('ACTIVE', 'Active', 'The Status Code indicating that a Reference Type Record is Active within the Database.', 'Y', 'ACTIVE', 'REFMATICA', 'REFMATICA', current_timestamp, 'REFMATICA', 'REFMATICA', 'I', current_timestamp);

INSERT INTO REFMATICA_REF_STATUS_CODE_REF(REF_STATUS_CODE, REF_STATUS_CODE_NAME, REF_STATUS_CODE_DESCRIPTION, IS_ACTIVE, PARENT_REF_STATUS_CODE, CREATION_USR, CREATION_APP, CREATION_TS, LST_MOD_USR, LST_MOD_APP, LST_MOD_CHG_CD, LST_MOD_TS) VALUES ('INACTIVE', 'Inactive', 'The Status Code indicating that a Reference Type Record is Inactive within the Database.', 'Y', 'INACTIVE', 'REFMATICA', 'REFMATICA', current_timestamp, 'REFMATICA', 'REFMATICA', 'I', current_timestamp);



-- Entity Status Code Reference Table

CREATE TABLE REFMATICA_ENTITY_STATUS_CODE_REF(ENTITY_STATUS_CODE VARCHAR(32) NOT NULL, ENTITY_STATUS_CODE_NAME VARCHAR(64) NOT NULL, ENTITY_STATUS_CODE_DESCRIPTION VARCHAR(1024) NOT NULL, PARENT_ENTITY_STATUS_CODE VARCHAR(32) NOT NULL, REF_STATUS_CODE VARCHAR(32) NOT NULL, CREATION_USR VARCHAR(32) NOT NULL, CREATION_APP VARCHAR(64) NOT NULL, CREATION_TS TIMESTAMP WITH TIME ZONE NOT NULL, LST_MOD_USR VARCHAR(32) NOT NULL, LST_MOD_APP VARCHAR(64) NOT NULL, LST_MOD_CHG_CD CHAR(1) NOT NULL, LST_MOD_TS TIMESTAMP WITH TIME ZONE NOT NULL, CONSTRAINT PK_ESCR_ESCD PRIMARY KEY(ENTITY_STATUS_CODE), CONSTRAINT FK_ESCR_PESCD FOREIGN KEY(PARENT_ENTITY_STATUS_CODE) REFERENCES REFMATICA_ENTITY_STATUS_CODE_REF(ENTITY_STATUS_CODE), CONSTRAINT FK_ESCR_RSCD FOREIGN KEY(REF_STATUS_CODE) REFERENCES REFMATICA_REF_STATUS_CODE_REF(REF_STATUS_CODE), CONSTRAINT CK_ESCR_LMCC CHECK(LST_MOD_CHG_CD IN ('I', 'U', 'D')));

INSERT INTO REFMATICA_ENTITY_STATUS_CODE_REF(ENTITY_STATUS_CODE, ENTITY_STATUS_CODE_NAME, ENTITY_STATUS_CODE_DESCRIPTION, PARENT_ENTITY_STATUS_CODE, REF_STATUS_CODE, CREATION_USR, CREATION_APP, CREATION_TS, LST_MOD_USR, LST_MOD_APP, LST_MOD_CHG_CD, LST_MOD_TS) VALUES ('ACTIVE', 'Active', 'The Status Code indicating that an Entity Record is Active within the Catalog.', 'ACTIVE', 'ACTIVE', 'REFMATICA', 'REFMATICA', current_timestamp, 'REFMATICA', 'REFMATICA', 'I', current_timestamp);

INSERT INTO REFMATICA_ENTITY_STATUS_CODE_REF(ENTITY_STATUS_CODE, ENTITY_STATUS_CODE_NAME, ENTITY_STATUS_CODE_DESCRIPTION, PARENT_ENTITY_STATUS_CODE, REF_STATUS_CODE, CREATION_USR, CREATION_APP, CREATION_TS, LST_MOD_USR, LST_MOD_APP, LST_MOD_CHG_CD, LST_MOD_TS) VALUES ('INACTIVE', 'Inactive', 'The Status Code indicating that an Entity Record is Inactive within the Catalog.', 'ACTIVE', 'ACTIVE', 'REFMATICA', 'REFMATICA', current_timestamp, 'REFMATICA', 'REFMATICA', 'I', current_timestamp);



-- Entity Version Status Code Reference Table

CREATE TABLE REFMATICA_ENTITY_VERSION_STATUS_CODE_REF(ENTITY_VERSION_STATUS_CODE VARCHAR(32) NOT NULL, ENTITY_VERSION_STATUS_CODE_NAME VARCHAR(64) NOT NULL, ENTITY_VERSION_STATUS_CODE_DESCRIPTION VARCHAR(1024) NOT NULL, PARENT_ENTITY_VERSION_STATUS_CODE VARCHAR(32) NOT NULL, REF_STATUS_CODE VARCHAR(32) NOT NULL, CREATION_USR VARCHAR(32) NOT NULL, CREATION_APP VARCHAR(64) NOT NULL, CREATION_TS TIMESTAMP WITH TIME ZONE NOT NULL, LST_MOD_USR VARCHAR(32) NOT NULL, LST_MOD_APP VARCHAR(64) NOT NULL, LST_MOD_CHG_CD CHAR(1) NOT NULL, LST_MOD_TS TIMESTAMP WITH TIME ZONE NOT NULL, CONSTRAINT PK_EVSCR_EVSC PRIMARY KEY(ENTITY_VERSION_STATUS_CODE), CONSTRAINT FK_EVSCR_PEVSC FOREIGN KEY(PARENT_ENTITY_VERSION_STATUS_CODE) REFERENCES REFMATICA_ENTITY_VERSION_STATUS_CODE_REF(ENTITY_VERSION_STATUS_CODE), CONSTRAINT FK_EVSCR_RSCD FOREIGN KEY(REF_STATUS_CODE) REFERENCES REFMATICA_REF_STATUS_CODE_REF(REF_STATUS_CODE), CONSTRAINT CK_EVSCR_LMCC CHECK(LST_MOD_CHG_CD IN ('I', 'U', 'D')));




-- Release Version Status Code Reference Table

CREATE TABLE REFMATICA_RELEASE_VERSION_STATUS_CODE_REF(RELEASE_VERSION_STATUS_CODE VARCHAR(32) NOT NULL, RELEASE_VERSION_STATUS_CODE_NAME VARCHAR(64) NOT NULL, RELEASE_VERSION_STATUS_CODE_DESCRIPTION VARCHAR(1024) NOT NULL, PARENT_RELEASE_VERSION_STATUS_CODE VARCHAR(32) NOT NULL, REF_STATUS_CODE VARCHAR(32) NOT NULL, CREATION_USR VARCHAR(32) NOT NULL, CREATION_APP VARCHAR(64) NOT NULL, CREATION_TS TIMESTAMP WITH TIME ZONE NOT NULL, LST_MOD_USR VARCHAR(32) NOT NULL, LST_MOD_APP VARCHAR(64) NOT NULL, LST_MOD_CHG_CD CHAR(1) NOT NULL, LST_MOD_TS TIMESTAMP WITH TIME ZONE NOT NULL, CONSTRAINT PK_RVSCR_RVSCD PRIMARY KEY(RELEASE_VERSION_STATUS_CODE), CONSTRAINT FK_RVSCR_PRVSCD FOREIGN KEY(PARENT_RELEASE_VERSION_STATUS_CODE) REFERENCES REFMATICA_RELEASE_VERSION_STATUS_CODE_REF(RELEASE_VERSION_STATUS_CODE), CONSTRAINT FK_RVSCR_RSCD FOREIGN KEY(REF_STATUS_CODE) REFERENCES REFMATICA_REF_STATUS_CODE_REF(REF_STATUS_CODE), CONSTRAINT CK_RVSCR_LMCC CHECK(LST_MOD_CHG_CD IN ('I', 'U', 'D')));


INSERT INTO REFMATICA_RELEASE_VERSION_STATUS_CODE_REF(RELEASE_VERSION_STATUS_CODE, RELEASE_VERSION_STATUS_CODE_NAME, RELEASE_VERSION_STATUS_CODE_DESCRIPTION, PARENT_RELEASE_VERSION_STATUS_CODE, REF_STATUS_CODE, CREATION_USR, CREATION_APP, CREATION_TS, LST_MOD_USR, LST_MOD_APP, LST_MOD_CHG_CD, LST_MOD_TS) VALUES ('ACTIVE', 'Active', 'The Status Code indicating that an Release Version is Active within the Catalog.', 'ACTIVE', 'ACTIVE', 'REFMATICA', 'REFMATICA', current_timestamp, 'REFMATICA', 'REFMATICA', 'I', current_timestamp);

INSERT INTO REFMATICA_RELEASE_VERSION_STATUS_CODE_REF(RELEASE_VERSION_STATUS_CODE, RELEASE_VERSION_STATUS_CODE_NAME, RELEASE_VERSION_STATUS_CODE_DESCRIPTION, PARENT_RELEASE_VERSION_STATUS_CODE, REF_STATUS_CODE, CREATION_USR, CREATION_APP, CREATION_TS, LST_MOD_USR, LST_MOD_APP, LST_MOD_CHG_CD, LST_MOD_TS) VALUES ('INACTIVE', 'Inactive', 'The Status Code indicating that an Release Version is Inactive within the Catalog.', 'INACTIVE', 'ACTIVE', 'REFMATICA', 'REFMATICA', current_timestamp, 'REFMATICA', 'REFMATICA', 'I', current_timestamp);




-- Release Version Relationship Status Code Reference Table

CREATE TABLE REFMATICA_RELEASE_VERSION_ENTITY_REL_STATUS_CODE_REF(RELEASE_VERSION_REL_STATUS_CODE VARCHAR(32) NOT NULL, RELEASE_VERSION_REL_STATUS_CODE_NAME VARCHAR(64) NOT NULL, RELEASE_VERSION_REL_STATUS_CODE_DESCRIPTION VARCHAR(1024) NOT NULL, PARENT_RELEASE_VERSION_REL_STATUS_CODE VARCHAR(32) NOT NULL, REF_STATUS_CODE VARCHAR(32) NOT NULL, CREATION_USR VARCHAR(32) NOT NULL, CREATION_APP VARCHAR(64) NOT NULL, CREATION_TS TIMESTAMP WITH TIME ZONE NOT NULL, LST_MOD_USR VARCHAR(32) NOT NULL, LST_MOD_APP VARCHAR(64) NOT NULL, LST_MOD_CHG_CD CHAR(1) NOT NULL, LST_MOD_TS TIMESTAMP WITH TIME ZONE NOT NULL, CONSTRAINT PK_RVRSCR_RVRSCD PRIMARY KEY(RELEASE_VERSION_REL_STATUS_CODE), CONSTRAINT FK_RVRSCR_PRVRSCD FOREIGN KEY(PARENT_RELEASE_VERSION_REL_STATUS_CODE) REFERENCES REFMATICA_RELEASE_VERSION_ENTITY_REL_STATUS_CODE_REF(RELEASE_VERSION_REL_STATUS_CODE), CONSTRAINT FK_RVRSCR_RSCD FOREIGN KEY(REF_STATUS_CODE) REFERENCES REFMATICA_REF_STATUS_CODE_REF(REF_STATUS_CODE), CONSTRAINT CK_RVRSCR_LMCC CHECK(LST_MOD_CHG_CD IN ('I', 'U', 'D')));

INSERT INTO REFMATICA_RELEASE_VERSION_ENTITY_REL_STATUS_CODE_REF(RELEASE_VERSION_REL_STATUS_CODE, RELEASE_VERSION_REL_STATUS_CODE_NAME, RELEASE_VERSION_REL_STATUS_CODE_DESCRIPTION, PARENT_RELEASE_VERSION_REL_STATUS_CODE, REF_STATUS_CODE, CREATION_USR, CREATION_APP, CREATION_TS, LST_MOD_USR, LST_MOD_APP, LST_MOD_CHG_CD, LST_MOD_TS) VALUES ('ACTIVE', 'Active', 'The Status Code indicating that an Release Version is Active within the Catalog.', 'ACTIVE', 'ACTIVE', 'REFMATICA', 'REFMATICA', current_timestamp, 'REFMATICA', 'REFMATICA', 'I', current_timestamp);

INSERT INTO REFMATICA_RELEASE_VERSION_ENTITY_REL_STATUS_CODE_REF(RELEASE_VERSION_REL_STATUS_CODE, RELEASE_VERSION_REL_STATUS_CODE_NAME, RELEASE_VERSION_REL_STATUS_CODE_DESCRIPTION, PARENT_RELEASE_VERSION_REL_STATUS_CODE, REF_STATUS_CODE, CREATION_USR, CREATION_APP, CREATION_TS, LST_MOD_USR, LST_MOD_APP, LST_MOD_CHG_CD, LST_MOD_TS) VALUES ('INACTIVE', 'Inactive', 'The Status Code indicating that an Release Version is Inactive within the Catalog.', 'INACTIVE', 'ACTIVE', 'REFMATICA', 'REFMATICA', current_timestamp, 'REFMATICA', 'REFMATICA', 'I', current_timestamp);



-- Entity Data (Metadata) Status Code Reference Table

CREATE TABLE REFMATICA_ENTITY_DATA_STATUS_CODE_REF(ENTITY_DATA_STATUS_CODE VARCHAR(32) NOT NULL, ENTITY_DATA_STATUS_CODE_NAME VARCHAR(64) NOT NULL, ENTITY_DATA_STATUS_CODE_DESCRIPTION VARCHAR(1024) NOT NULL, PARENT_ENTITY_DATA_STATUS_CODE VARCHAR(32) NOT NULL, REF_STATUS_CODE VARCHAR(32) NOT NULL, CREATION_USR VARCHAR(32) NOT NULL, CREATION_APP VARCHAR(64) NOT NULL, CREATION_TS TIMESTAMP WITH TIME ZONE NOT NULL, LST_MOD_USR VARCHAR(32) NOT NULL, LST_MOD_APP VARCHAR(64) NOT NULL, LST_MOD_CHG_CD CHAR(1) NOT NULL, LST_MOD_TS TIMESTAMP WITH TIME ZONE NOT NULL, CONSTRAINT PK_EDSCR_EDSCD PRIMARY KEY(ENTITY_DATA_STATUS_CODE), CONSTRAINT FK_EDSCR_PEDSCD FOREIGN KEY(PARENT_ENTITY_DATA_STATUS_CODE) REFERENCES REFMATICA_ENTITY_DATA_STATUS_CODE_REF(ENTITY_DATA_STATUS_CODE), CONSTRAINT FK_EDSCR_RSCD FOREIGN KEY(REF_STATUS_CODE) REFERENCES REFMATICA_REF_STATUS_CODE_REF(REF_STATUS_CODE), CONSTRAINT CK_EDSCR_LMCC CHECK(LST_MOD_CHG_CD IN ('I', 'U', 'D')));



-- Entity Relationship Status Code Reference Table

CREATE TABLE REFMATICA_ENTITY_REL_STATUS_CODE_REF(ENTITY_REL_STATUS_CODE VARCHAR(32) NOT NULL, ENTITY_REL_STATUS_CODE_NAME VARCHAR(64) NOT NULL, ENTITY_REL_STATUS_CODE_DESCRIPTION VARCHAR(1024) NOT NULL, PARENT_ENTITY_REL_STATUS_CODE VARCHAR(32) NOT NULL, REF_STATUS_CODE VARCHAR(32) NOT NULL, CREATION_USR VARCHAR(32) NOT NULL, CREATION_APP VARCHAR(64) NOT NULL, CREATION_TS TIMESTAMP WITH TIME ZONE NOT NULL, LST_MOD_USR VARCHAR(32) NOT NULL, LST_MOD_APP VARCHAR(64) NOT NULL, LST_MOD_CHG_CD CHAR(1) NOT NULL, LST_MOD_TS TIMESTAMP WITH TIME ZONE NOT NULL, CONSTRAINT PK_ERSCR_ERSCD PRIMARY KEY(ENTITY_REL_STATUS_CODE), CONSTRAINT FK_ERSCR_PERSCD FOREIGN KEY(PARENT_ENTITY_REL_STATUS_CODE) REFERENCES REFMATICA_ENTITY_REL_STATUS_CODE_REF(ENTITY_REL_STATUS_CODE), CONSTRAINT FK_ERSCR_RSCD FOREIGN KEY(REF_STATUS_CODE) REFERENCES REFMATICA_REF_STATUS_CODE_REF(REF_STATUS_CODE), CONSTRAINT CK_ERSCR_LMCC CHECK(LST_MOD_CHG_CD IN ('I', 'U', 'D')));



-- Entity Release Version Relationship Type Reference Table

CREATE TABLE REFMATICA_RELEASE_VERSION_ENTITY_REL_TYPE_REF(RELEASE_VERSION_ENTITY_REL_TYPE VARCHAR(32) NOT NULL, RELEASE_VERSION_ENTITY_REL_TYPE_NAME VARCHAR(128) NOT NULL, RELEASE_VERSION_ENTITY_REL_TYPE_DESCRIPTION VARCHAR(1024) NOT NULL, PARENT_RELEASE_VERSION_ENTITY_REL_TYPE VARCHAR(32) NOT NULL, REF_STATUS_CODE VARCHAR(32) NOT NULL, CREATION_USR VARCHAR(32) NOT NULL, CREATION_APP VARCHAR(64) NOT NULL, CREATION_TS TIMESTAMP WITH TIME ZONE NOT NULL, LST_MOD_USR VARCHAR(32) NOT NULL, LST_MOD_APP VARCHAR(64) NOT NULL, LST_MOD_CHG_CD CHAR(1) NOT NULL, LST_MOD_TS TIMESTAMP WITH TIME ZONE NOT NULL, CONSTRAINT PK_RVERTYR_RVERTY PRIMARY KEY(RELEASE_VERSION_ENTITY_REL_TYPE), CONSTRAINT FK_RVERTYR_PRVERTY FOREIGN KEY(PARENT_RELEASE_VERSION_ENTITY_REL_TYPE) REFERENCES REFMATICA_RELEASE_VERSION_ENTITY_REL_TYPE_REF(RELEASE_VERSION_ENTITY_REL_TYPE), CONSTRAINT FK_RVERTYR_RSCD FOREIGN KEY(REF_STATUS_CODE) REFERENCES REFMATICA_REF_STATUS_CODE_REF(REF_STATUS_CODE), CONSTRAINT CK_RVERTYR_LMCC CHECK(LST_MOD_CHG_CD IN ('I', 'U', 'D')));



-- Core Catalog Structure References Code Table ------------->

CREATE TABLE REFMATICA_CATALOG_STRUCTURE_TYPE_REF(CATALOG_STRUCTURE_TYPE VARCHAR(32) NOT NULL, CATALOG_STRUCTURE_NAME VARCHAR(64) NOT NULL, CATALOG_STRUCTURE_DESCRIPTION VARCHAR(1024) NOT NULL, PARENT_CATALOG_STRUCTURE_TYPE VARCHAR(32) NOT NULL, IS_SYSTEM_STRUCT CHAR(1) NOT NULL, REF_STATUS_CODE VARCHAR(32) NOT NULL, CREATION_USR VARCHAR(32) NOT NULL, CREATION_APP VARCHAR(64) NOT NULL, CREATION_TS TIMESTAMP WITH TIME ZONE NOT NULL, LST_MOD_USR VARCHAR(32) NOT NULL, LST_MOD_APP VARCHAR(64) NOT NULL, LST_MOD_CHG_CD CHAR(1) NOT NULL, LST_MOD_TS TIMESTAMP WITH TIME ZONE NOT NULL, CONSTRAINT PK_CSTR_CSTY PRIMARY KEY(CATALOG_STRUCTURE_TYPE), CONSTRAINT FK_CSTR_PCSTY FOREIGN KEY(PARENT_CATALOG_STRUCTURE_TYPE) REFERENCES REFMATICA_CATALOG_STRUCTURE_TYPE_REF(CATALOG_STRUCTURE_TYPE), CONSTRAINT FK_CSTR_RSCD FOREIGN KEY(REF_STATUS_CODE) REFERENCES REFMATICA_REF_STATUS_CODE_REF(REF_STATUS_CODE), CONSTRAINT CK_CSTR_ISSYS CHECK(IS_SYSTEM_STRUCT IN ('Y', 'N')), CONSTRAINT CK_CSTR_LMCC CHECK(LST_MOD_CHG_CD IN ('I', 'U', 'D')));

INSERT INTO REFMATICA_CATALOG_STRUCTURE_TYPE_REF(CATALOG_STRUCTURE_TYPE, CATALOG_STRUCTURE_NAME, CATALOG_STRUCTURE_DESCRIPTION, PARENT_CATALOG_STRUCTURE_TYPE, IS_SYSTEM_STRUCT, REF_STATUS_CODE, CREATION_USR, CREATION_APP, CREATION_TS, LST_MOD_USR, LST_MOD_APP, LST_MOD_CHG_CD, LST_MOD_TS) VALUES ('SYSTEM-OBJECT', 'SystemObject', 'A System Object is a Catalog Entity that generally not part of the Catalog Hierarchical Structure that typically organizes the rest of the Catalog Entity records in a usable form for end users, but is required for proper operation of the Catalog.', 'SYSTEM-OBJECT', 'Y', 'ACTIVE', 'REFMATICA', 'REFMATICA', current_timestamp, 'REFMATICA', 'REFMATICA', 'I', current_timestamp);

INSERT INTO REFMATICA_CATALOG_STRUCTURE_TYPE_REF(CATALOG_STRUCTURE_TYPE, CATALOG_STRUCTURE_NAME, CATALOG_STRUCTURE_DESCRIPTION, PARENT_CATALOG_STRUCTURE_TYPE, IS_SYSTEM_STRUCT, REF_STATUS_CODE, CREATION_USR, CREATION_APP, CREATION_TS, LST_MOD_USR, LST_MOD_APP, LST_MOD_CHG_CD, LST_MOD_TS) VALUES ('LIBRARY', 'Library', 'A Library is the Root Structure for a Metadata Catalog, it is a Collection of Volumes.', 'LIBRARY', 'Y', 'ACTIVE', 'REFMATICA', 'REFMATICA', current_timestamp, 'REFMATICA', 'REFMATICA', 'I', current_timestamp);

INSERT INTO REFMATICA_CATALOG_STRUCTURE_TYPE_REF(CATALOG_STRUCTURE_TYPE, CATALOG_STRUCTURE_NAME, CATALOG_STRUCTURE_DESCRIPTION, PARENT_CATALOG_STRUCTURE_TYPE, IS_SYSTEM_STRUCT, REF_STATUS_CODE, CREATION_USR, CREATION_APP, CREATION_TS, LST_MOD_USR, LST_MOD_APP, LST_MOD_CHG_CD, LST_MOD_TS) VALUES ('VOLUME', 'Volume', 'A Volume is the Series or Collection of Sets within a given Library.', 'LIBRARY', 'Y', 'ACTIVE', 'REFMATICA', 'REFMATICA', current_timestamp, 'REFMATICA', 'REFMATICA', 'I', current_timestamp);

INSERT INTO REFMATICA_CATALOG_STRUCTURE_TYPE_REF(CATALOG_STRUCTURE_TYPE, CATALOG_STRUCTURE_NAME, CATALOG_STRUCTURE_DESCRIPTION, PARENT_CATALOG_STRUCTURE_TYPE, IS_SYSTEM_STRUCT, REF_STATUS_CODE, CREATION_USR, CREATION_APP, CREATION_TS, LST_MOD_USR, LST_MOD_APP, LST_MOD_CHG_CD, LST_MOD_TS) VALUES ('SET', 'Set', 'A Set is the Collection of Entries within a given Volume.', 'VOLUME', 'Y', 'ACTIVE', 'REFMATICA', 'REFMATICA', current_timestamp, 'REFMATICA', 'REFMATICA', 'I', current_timestamp);

INSERT INTO REFMATICA_CATALOG_STRUCTURE_TYPE_REF(CATALOG_STRUCTURE_TYPE, CATALOG_STRUCTURE_NAME, CATALOG_STRUCTURE_DESCRIPTION, PARENT_CATALOG_STRUCTURE_TYPE, IS_SYSTEM_STRUCT, REF_STATUS_CODE, CREATION_USR, CREATION_APP, CREATION_TS, LST_MOD_USR, LST_MOD_APP, LST_MOD_CHG_CD, LST_MOD_TS) VALUES ('ENTRY', 'Entry', 'An Entry is element such as a term and definition or other such attribute which represents a Data Element within a Set.', 'SET', 'Y', 'ACTIVE', 'REFMATICA', 'REFMATICA', current_timestamp, 'REFMATICA', 'REFMATICA', 'I', current_timestamp);




-- Metadata Entity Reference Code Tables ------------->


-- Entity Type Reference Code Table

CREATE TABLE REFMATICA_ENTITY_TYPE_REF(ENTITY_TYPE VARCHAR(32) NOT NULL, ENTITY_TYPE_NAME VARCHAR(64) NOT NULL, ENTITY_TYPE_DESCRIPTION VARCHAR(1024) NOT NULL, PARENT_ENTITY_TYPE VARCHAR(32) NOT NULL, REF_STATUS_CODE VARCHAR(32) NOT NULL, CREATION_USR VARCHAR(32) NOT NULL, CREATION_APP VARCHAR(64) NOT NULL, CREATION_TS TIMESTAMP WITH TIME ZONE NOT NULL, LST_MOD_USR VARCHAR(32) NOT NULL, LST_MOD_APP VARCHAR(64) NOT NULL, LST_MOD_CHG_CD CHAR(1) NOT NULL, LST_MOD_TS TIMESTAMP WITH TIME ZONE NOT NULL, CONSTRAINT PK_ENTTYR_ENTTY PRIMARY KEY(ENTITY_TYPE), CONSTRAINT FK_ENTTYR_PENTTY FOREIGN KEY(PARENT_ENTITY_TYPE) REFERENCES REFMATICA_ENTITY_TYPE_REF(ENTITY_TYPE), CONSTRAINT FK_ENTTYR_RSCD FOREIGN KEY(REF_STATUS_CODE) REFERENCES REFMATICA_REF_STATUS_CODE_REF(REF_STATUS_CODE), CONSTRAINT CK_ENTTYR_LMCC CHECK(LST_MOD_CHG_CD IN ('I', 'U', 'D')));

INSERT INTO REFMATICA_ENTITY_TYPE_REF(ENTITY_TYPE, ENTITY_TYPE_NAME, ENTITY_TYPE_DESCRIPTION, PARENT_ENTITY_TYPE, REF_STATUS_CODE, CREATION_USR, CREATION_APP, CREATION_TS, LST_MOD_USR, LST_MOD_APP, LST_MOD_CHG_CD, LST_MOD_TS) VALUES ('SYSTEM-OBJECT', 'SystemObject', 'Also a Catalog Structure Type Reference Code, a System Object can also be an Entity itself. A System Object is a Catalog Entity that generally not part of the Catalog Hierarchical Structure that typically organizes the rest of the Catalog Entity records in a usable form for end users, but is required for proper operation of the Catalog.', 'SYSTEM-OBJECT', 'ACTIVE', 'REFMATICA', 'REFMATICA', current_timestamp, 'REFMATICA', 'REFMATICA', 'I', current_timestamp);

INSERT INTO REFMATICA_ENTITY_TYPE_REF(ENTITY_TYPE, ENTITY_TYPE_NAME, ENTITY_TYPE_DESCRIPTION, PARENT_ENTITY_TYPE, REF_STATUS_CODE, CREATION_USR, CREATION_APP, CREATION_TS, LST_MOD_USR, LST_MOD_APP, LST_MOD_CHG_CD, LST_MOD_TS) VALUES ('LIBRARY', 'Library', 'Also a Catalog Structure Type Reference Code, a Library can also be an Entity itself. A Library is the Root Structure for a Metadata Catalog, it is a Collection of Volumes.', 'LIBRARY', 'ACTIVE', 'REFMATICA', 'REFMATICA', current_timestamp, 'REFMATICA', 'REFMATICA', 'I', current_timestamp);

INSERT INTO REFMATICA_ENTITY_TYPE_REF(ENTITY_TYPE, ENTITY_TYPE_NAME, ENTITY_TYPE_DESCRIPTION, PARENT_ENTITY_TYPE, REF_STATUS_CODE, CREATION_USR, CREATION_APP, CREATION_TS, LST_MOD_USR, LST_MOD_APP, LST_MOD_CHG_CD, LST_MOD_TS) VALUES ('VOLUME', 'Volume', 'Also a Catalog Structure Type Reference Code, a Volume can also be an Entity itself. A Volume is the Series or Collection of Sets within a given Library.', 'LIBRARY', 'ACTIVE', 'REFMATICA', 'REFMATICA', current_timestamp, 'REFMATICA', 'REFMATICA', 'I', current_timestamp);

INSERT INTO REFMATICA_ENTITY_TYPE_REF(ENTITY_TYPE, ENTITY_TYPE_NAME, ENTITY_TYPE_DESCRIPTION, PARENT_ENTITY_TYPE, REF_STATUS_CODE, CREATION_USR, CREATION_APP, CREATION_TS, LST_MOD_USR, LST_MOD_APP, LST_MOD_CHG_CD, LST_MOD_TS) VALUES ('SET', 'Set', 'Also a Catalog Structure Type Reference Code, a Set can also be an Entity itself. A Set is the Collection of Entries within a given Volume.', 'VOLUME', 'ACTIVE', 'REFMATICA', 'REFMATICA', current_timestamp, 'REFMATICA', 'REFMATICA', 'I', current_timestamp);

INSERT INTO REFMATICA_ENTITY_TYPE_REF(ENTITY_TYPE, ENTITY_TYPE_NAME, ENTITY_TYPE_DESCRIPTION, PARENT_ENTITY_TYPE, REF_STATUS_CODE, CREATION_USR, CREATION_APP, CREATION_TS, LST_MOD_USR, LST_MOD_APP, LST_MOD_CHG_CD, LST_MOD_TS) VALUES ('ENTRY', 'Entry', 'Also a Catalog Structure Type Reference Code, an Entry can also be an Entity itself. An Entry is element such as a term and definition or other such attribute which represents a Data Element within a Set.', 'SET', 'ACTIVE', 'REFMATICA', 'REFMATICA', current_timestamp, 'REFMATICA', 'REFMATICA', 'I', current_timestamp);

INSERT INTO REFMATICA_ENTITY_TYPE_REF(ENTITY_TYPE, ENTITY_TYPE_NAME, ENTITY_TYPE_DESCRIPTION, PARENT_ENTITY_TYPE, REF_STATUS_CODE, CREATION_USR, CREATION_APP, CREATION_TS, LST_MOD_USR, LST_MOD_APP, LST_MOD_CHG_CD, LST_MOD_TS) VALUES ('VERSION', 'Version', 'A Version is an Entity that describes an Entity Version. This Version is an Internal Version used by the System in order to create addressable timeseries of data for every entity created in the Catalog System. For User entered Version Information, please use Release Version. This version is a Integer that the System will auto increment and set on an Entity as needed.', 'SYSTEM-OBJECT', 'ACTIVE', 'REFMATICA', 'REFMATICA', current_timestamp, 'REFMATICA', 'REFMATICA', 'I', current_timestamp);

INSERT INTO REFMATICA_ENTITY_TYPE_REF(ENTITY_TYPE, ENTITY_TYPE_NAME, ENTITY_TYPE_DESCRIPTION, PARENT_ENTITY_TYPE, REF_STATUS_CODE, CREATION_USR, CREATION_APP, CREATION_TS, LST_MOD_USR, LST_MOD_APP, LST_MOD_CHG_CD, LST_MOD_TS) VALUES ('RELEASE-VERSION', 'ReleaseVersion', 'A Release Version is an Entity that describes a User Defined Release Version of a Metadata within the Catalog System. It is different from the Internal Version Entity Type. Physically, a Release Entity is a grouping of Entities via their Entity Version IDs.', 'SYSTEM-OBJECT', 'ACTIVE', 'REFMATICA', 'REFMATICA', current_timestamp, 'REFMATICA', 'REFMATICA', 'I', current_timestamp);



-- Entity Name Type Reference Table

CREATE TABLE REFMATICA_ENTITY_NAME_TYPE_REF(ENTITY_NAME_TYPE VARCHAR(32) NOT NULL, ENTITY_NAME_TYPE_NAME VARCHAR(128) NOT NULL, ENTITY_NAME_TYPE_DESCRIPTION VARCHAR(1024) NOT NULL, REF_STATUS_CODE VARCHAR(32) NOT NULL, CREATION_USR VARCHAR(32) NOT NULL, CREATION_APP VARCHAR(64) NOT NULL, CREATION_TS TIMESTAMP WITH TIME ZONE NOT NULL, LST_MOD_USR VARCHAR(32) NOT NULL, LST_MOD_APP VARCHAR(64) NOT NULL, LST_MOD_CHG_CD CHAR(1) NOT NULL, LST_MOD_TS TIMESTAMP WITH TIME ZONE NOT NULL, CONSTRAINT PK_ENTNMTYR_NMTY PRIMARY KEY(ENTITY_NAME_TYPE), CONSTRAINT FK_ENTNMTYR_RSCD FOREIGN KEY(REF_STATUS_CODE) REFERENCES REFMATICA_REF_STATUS_CODE_REF(REF_STATUS_CODE), CONSTRAINT CK_ENTNMTYR_LMCC CHECK(LST_MOD_CHG_CD IN ('I', 'U', 'D')));

INSERT INTO REFMATICA_ENTITY_NAME_TYPE_REF(ENTITY_NAME_TYPE, ENTITY_NAME_TYPE_NAME, ENTITY_NAME_TYPE_DESCRIPTION, REF_STATUS_CODE, CREATION_USR, CREATION_APP, CREATION_TS, LST_MOD_USR, LST_MOD_APP, LST_MOD_CHG_CD, LST_MOD_TS) VALUES ('LOGICAL-NAME', 'Logical Name', 'A Logical Name is a Logical Model Friendly Name for a Metadata Entity within the Catalog System.', 'ACTIVE', 'REFMATICA', 'REFMATICA', current_timestamp, 'REFMATICA', 'REFMATICA', 'I', current_timestamp);

INSERT INTO REFMATICA_ENTITY_NAME_TYPE_REF(ENTITY_NAME_TYPE, ENTITY_NAME_TYPE_NAME, ENTITY_NAME_TYPE_DESCRIPTION, REF_STATUS_CODE, CREATION_USR, CREATION_APP, CREATION_TS, LST_MOD_USR, LST_MOD_APP, LST_MOD_CHG_CD, LST_MOD_TS) VALUES ('PHYSICAL-NAME', 'Physical Name', 'A Physical Name is a Physical Model Name for a Metadata Entity within the Catalog System.', 'ACTIVE', 'REFMATICA', 'REFMATICA', current_timestamp, 'REFMATICA', 'REFMATICA', 'I', current_timestamp);

INSERT INTO REFMATICA_ENTITY_NAME_TYPE_REF(ENTITY_NAME_TYPE, ENTITY_NAME_TYPE_NAME, ENTITY_NAME_TYPE_DESCRIPTION, REF_STATUS_CODE, CREATION_USR, CREATION_APP, CREATION_TS, LST_MOD_USR, LST_MOD_APP, LST_MOD_CHG_CD, LST_MOD_TS) VALUES ('DISPLAY-NAME', 'Display Name', 'A Display Name is a Name for a Metadata Entity that should be used as the Display or Label Name within the Catalog System.', 'ACTIVE', 'REFMATICA', 'REFMATICA', current_timestamp, 'REFMATICA', 'REFMATICA', 'I', current_timestamp);

INSERT INTO REFMATICA_ENTITY_NAME_TYPE_REF(ENTITY_NAME_TYPE, ENTITY_NAME_TYPE_NAME, ENTITY_NAME_TYPE_DESCRIPTION, REF_STATUS_CODE, CREATION_USR, CREATION_APP, CREATION_TS, LST_MOD_USR, LST_MOD_APP, LST_MOD_CHG_CD, LST_MOD_TS) VALUES ('BUSINESS-TERM', 'Business Term', 'A Business Term is Business Definition or Glossary Term level Name for a Metadata Entity within the Catalog System.', 'ACTIVE', 'REFMATICA', 'REFMATICA', current_timestamp, 'REFMATICA', 'REFMATICA', 'I', current_timestamp);



-- Entity Data Type Language Reference Table

CREATE TABLE REFMATICA_DATA_TYPE_LANGUAGE_REF(DATA_TYPE_LANGUAGE_CODE VARCHAR(32) NOT NULL, DATA_TYPE_LANGUAGE_NAME VARCHAR(64) NOT NULL, DATA_TYPE_LANGUAGE_DESCRIPTION VARCHAR(1024) NOT NULL, PARENT_DATA_TYPE_LANGUAGE_CODE VARCHAR(32) NOT NULL, REF_STATUS_CODE VARCHAR(32) NOT NULL, CREATION_USR VARCHAR(32) NOT NULL, CREATION_APP VARCHAR(64) NOT NULL, CREATION_TS TIMESTAMP WITH TIME ZONE NOT NULL, LST_MOD_USR VARCHAR(32) NOT NULL, LST_MOD_APP VARCHAR(64) NOT NULL, LST_MOD_CHG_CD CHAR(1) NOT NULL, LST_MOD_TS TIMESTAMP WITH TIME ZONE NOT NULL, CONSTRAINT PK_DTLNGREF_DTLCD PRIMARY KEY(DATA_TYPE_LANGUAGE_CODE), CONSTRAINT FK_DTLNGREF_PDTLCD FOREIGN KEY(PARENT_DATA_TYPE_LANGUAGE_CODE) REFERENCES REFMATICA_DATA_TYPE_LANGUAGE_REF(DATA_TYPE_LANGUAGE_CODE), CONSTRAINT FK_DTLNGREF_RSCD FOREIGN KEY(REF_STATUS_CODE) REFERENCES REFMATICA_REF_STATUS_CODE_REF(REF_STATUS_CODE), CONSTRAINT CK_DTLNGREF_LMCC CHECK(LST_MOD_CHG_CD IN ('I', 'U', 'D')));

INSERT INTO REFMATICA_DATA_TYPE_LANGUAGE_REF(DATA_TYPE_LANGUAGE_CODE, DATA_TYPE_LANGUAGE_NAME, DATA_TYPE_LANGUAGE_DESCRIPTION, PARENT_DATA_TYPE_LANGUAGE_CODE, REF_STATUS_CODE, CREATION_USR, CREATION_APP, CREATION_TS, LST_MOD_USR, LST_MOD_APP, LST_MOD_CHG_CD, LST_MOD_TS) VALUES ('SQL', 'Generic SQL', 'Generic Structured Query Language (SQL)', 'SQL', 'ACTIVE', 'REFMATICA', 'REFMATICA', current_timestamp, 'REFMATICA', 'REFMATICA', 'I', current_timestamp);

INSERT INTO REFMATICA_DATA_TYPE_LANGUAGE_REF(DATA_TYPE_LANGUAGE_CODE, DATA_TYPE_LANGUAGE_NAME, DATA_TYPE_LANGUAGE_DESCRIPTION, PARENT_DATA_TYPE_LANGUAGE_CODE, REF_STATUS_CODE, CREATION_USR, CREATION_APP, CREATION_TS, LST_MOD_USR, LST_MOD_APP, LST_MOD_CHG_CD, LST_MOD_TS) VALUES ('JAVA', 'Java', 'The Java Programming Language', 'JAVA', 'ACTIVE', 'REFMATICA', 'REFMATICA', current_timestamp, 'REFMATICA', 'REFMATICA', 'I', current_timestamp);



-- Entity Data Type Reference Table

CREATE TABLE REFMATICA_DATA_TYPE_REF(DATA_TYPE_CODE VARCHAR(32) NOT NULL, DATA_TYPE_LANGUAGE_CODE VARCHAR(32) NOT NULL, DATA_TYPE_NAME VARCHAR(64) NOT NULL, DATA_TYPE_LANG_KEYWORD VARCHAR(64) NULL, DATA_TYPE_DESCRIPTION VARCHAR(1024) NOT NULL, DATA_TYPE_IS_CODE_GEN_USABLE CHAR(1) NOT NULL, DATA_TYPE_IS_MODELING_USABLE CHAR(1) NOT NULL, PARENT_DATA_TYPE_CODE VARCHAR(32) NOT NULL, REF_STATUS_CODE VARCHAR(32) NOT NULL, CREATION_USR VARCHAR(32) NOT NULL, CREATION_APP VARCHAR(64) NOT NULL, CREATION_TS TIMESTAMP WITH TIME ZONE NOT NULL, LST_MOD_USR VARCHAR(32) NOT NULL, LST_MOD_APP VARCHAR(64) NOT NULL, LST_MOD_CHG_CD CHAR(1) NOT NULL, LST_MOD_TS TIMESTAMP WITH TIME ZONE NOT NULL, CONSTRAINT PK_DTREF_DTCD PRIMARY KEY(DATA_TYPE_CODE), CONSTRAINT FK_DTREF_PDTCD FOREIGN KEY(PARENT_DATA_TYPE_CODE) REFERENCES REFMATICA_DATA_TYPE_REF(DATA_TYPE_CODE), CONSTRAINT FK_DTREF_DTLCD FOREIGN KEY(DATA_TYPE_LANGUAGE_CODE) REFERENCES REFMATICA_DATA_TYPE_LANGUAGE_REF(DATA_TYPE_LANGUAGE_CODE), CONSTRAINT FK_DTREF_RSCD FOREIGN KEY(REF_STATUS_CODE) REFERENCES REFMATICA_REF_STATUS_CODE_REF(REF_STATUS_CODE), CONSTRAINT CK_DTREF_ISCGU CHECK(DATA_TYPE_IS_CODE_GEN_USABLE IN ('Y', 'N')), CONSTRAINT CK_DTREF_ISMU CHECK(DATA_TYPE_IS_MODELING_USABLE IN ('Y', 'N')), CONSTRAINT CK_DTREF_LMCC CHECK(LST_MOD_CHG_CD IN ('I', 'U', 'D')));

INSERT INTO REFMATICA_DATA_TYPE_REF(DATA_TYPE_CODE, DATA_TYPE_LANGUAGE_CODE, DATA_TYPE_NAME, DATA_TYPE_LANG_KEYWORD, DATA_TYPE_DESCRIPTION, DATA_TYPE_IS_CODE_GEN_USABLE, DATA_TYPE_IS_MODELING_USABLE, PARENT_DATA_TYPE_CODE, REF_STATUS_CODE, CREATION_USR, CREATION_APP, CREATION_TS, LST_MOD_USR, LST_MOD_APP, LST_MOD_CHG_CD, LST_MOD_TS) VALUES ('JAVA-PRIMITIVE', 'JAVA', 'JAVA PRIMITIVE', NULL, 'Java Primitives Data Type Indicator. This Data Type is NOT used directly, it is just to use as a sentinel value for use by Catalog System Data Type Identification to detected Data Types that are Java Primitive also known as Built-In Types.', 'N', 'N', 'JAVA-PRIMITIVE', 'ACTIVE', 'REFMATICA', 'REFMATICA', current_timestamp, 'REFMATICA', 'REFMATICA', 'I', current_timestamp);

INSERT INTO REFMATICA_DATA_TYPE_REF(DATA_TYPE_CODE, DATA_TYPE_LANGUAGE_CODE, DATA_TYPE_NAME, DATA_TYPE_LANG_KEYWORD, DATA_TYPE_DESCRIPTION, DATA_TYPE_IS_CODE_GEN_USABLE, DATA_TYPE_IS_MODELING_USABLE, PARENT_DATA_TYPE_CODE, REF_STATUS_CODE, CREATION_USR, CREATION_APP, CREATION_TS, LST_MOD_USR, LST_MOD_APP, LST_MOD_CHG_CD, LST_MOD_TS) VALUES ('JAVA-OBJECT', 'JAVA', 'JAVA OBJECT', NULL, 'Java Object Data Type Indicator. This Data Type is NOT used directly, it is just to use as a sentinel value for use by Catalog System Data Type Identification to detected Data Types that are Java Objects.', 'N', 'N', 'JAVA-OBJECT', 'ACTIVE', 'REFMATICA', 'REFMATICA', current_timestamp, 'REFMATICA', 'REFMATICA', 'I', current_timestamp);

INSERT INTO REFMATICA_DATA_TYPE_REF(DATA_TYPE_CODE, DATA_TYPE_LANGUAGE_CODE, DATA_TYPE_NAME, DATA_TYPE_LANG_KEYWORD, DATA_TYPE_DESCRIPTION, DATA_TYPE_IS_CODE_GEN_USABLE, DATA_TYPE_IS_MODELING_USABLE, PARENT_DATA_TYPE_CODE, REF_STATUS_CODE, CREATION_USR, CREATION_APP, CREATION_TS, LST_MOD_USR, LST_MOD_APP, LST_MOD_CHG_CD, LST_MOD_TS) VALUES ('INT', 'JAVA', 'int', 'int', 'Java Primitive Int Built-In Data Type. Represents a 32-bit Signed Integer.', 'Y', 'Y', 'JAVA-PRIMITIVE', 'ACTIVE', 'REFMATICA', 'REFMATICA', current_timestamp, 'REFMATICA', 'REFMATICA', 'I', current_timestamp);

INSERT INTO REFMATICA_DATA_TYPE_REF(DATA_TYPE_CODE, DATA_TYPE_LANGUAGE_CODE, DATA_TYPE_NAME, DATA_TYPE_LANG_KEYWORD, DATA_TYPE_DESCRIPTION, DATA_TYPE_IS_CODE_GEN_USABLE, DATA_TYPE_IS_MODELING_USABLE, PARENT_DATA_TYPE_CODE, REF_STATUS_CODE, CREATION_USR, CREATION_APP, CREATION_TS, LST_MOD_USR, LST_MOD_APP, LST_MOD_CHG_CD, LST_MOD_TS) VALUES ('SHORT', 'JAVA', 'short', 'short', 'Java Short Primitive Short Built-In Data Type. Represents a 16-bit Signed Integer.', 'Y', 'Y', 'JAVA-PRIMITIVE', 'ACTIVE', 'REFMATICA', 'REFMATICA', current_timestamp, 'REFMATICA', 'REFMATICA', 'I', current_timestamp);

INSERT INTO REFMATICA_DATA_TYPE_REF(DATA_TYPE_CODE, DATA_TYPE_LANGUAGE_CODE, DATA_TYPE_NAME, DATA_TYPE_LANG_KEYWORD, DATA_TYPE_DESCRIPTION, DATA_TYPE_IS_CODE_GEN_USABLE, DATA_TYPE_IS_MODELING_USABLE, PARENT_DATA_TYPE_CODE, REF_STATUS_CODE, CREATION_USR, CREATION_APP, CREATION_TS, LST_MOD_USR, LST_MOD_APP, LST_MOD_CHG_CD, LST_MOD_TS) VALUES ('LONG', 'JAVA', 'long', 'long', 'Java Long Primitive Built-In Data Type. Represents a 64-bit Signed Integer.', 'Y', 'Y', 'JAVA-PRIMITIVE', 'ACTIVE', 'REFMATICA', 'REFMATICA', current_timestamp, 'REFMATICA', 'REFMATICA', 'I', current_timestamp);

INSERT INTO REFMATICA_DATA_TYPE_REF(DATA_TYPE_CODE, DATA_TYPE_LANGUAGE_CODE, DATA_TYPE_NAME, DATA_TYPE_LANG_KEYWORD, DATA_TYPE_DESCRIPTION, DATA_TYPE_IS_CODE_GEN_USABLE, DATA_TYPE_IS_MODELING_USABLE, PARENT_DATA_TYPE_CODE, REF_STATUS_CODE, CREATION_USR, CREATION_APP, CREATION_TS, LST_MOD_USR, LST_MOD_APP, LST_MOD_CHG_CD, LST_MOD_TS) VALUES ('BYTE', 'JAVA', 'byte', 'byte', 'Java Byte Primitive Built-In Data Type. Represents a single 8-bit Byte. Internally is a signed 8-bit integer with 256 possible values from -128 to 127.', 'Y', 'Y', 'JAVA-PRIMITIVE', 'ACTIVE', 'REFMATICA', 'REFMATICA', current_timestamp, 'REFMATICA', 'REFMATICA', 'I', current_timestamp);

INSERT INTO REFMATICA_DATA_TYPE_REF(DATA_TYPE_CODE, DATA_TYPE_LANGUAGE_CODE, DATA_TYPE_NAME, DATA_TYPE_LANG_KEYWORD, DATA_TYPE_DESCRIPTION, DATA_TYPE_IS_CODE_GEN_USABLE, DATA_TYPE_IS_MODELING_USABLE, PARENT_DATA_TYPE_CODE, REF_STATUS_CODE, CREATION_USR, CREATION_APP, CREATION_TS, LST_MOD_USR, LST_MOD_APP, LST_MOD_CHG_CD, LST_MOD_TS) VALUES ('CHAR', 'JAVA', 'char', 'char', 'Java Char Primitive Built-In Data Type. Represents a single Unicode Character (16-bit). In some other languages such as C++ this type of character is known as a Wide Character, taking two 8-bit bytes.', 'Y', 'Y', 'JAVA-PRIMITIVE', 'ACTIVE', 'REFMATICA', 'REFMATICA', current_timestamp, 'REFMATICA', 'REFMATICA', 'I', current_timestamp);

INSERT INTO REFMATICA_DATA_TYPE_REF(DATA_TYPE_CODE, DATA_TYPE_LANGUAGE_CODE, DATA_TYPE_NAME, DATA_TYPE_LANG_KEYWORD, DATA_TYPE_DESCRIPTION, DATA_TYPE_IS_CODE_GEN_USABLE, DATA_TYPE_IS_MODELING_USABLE, PARENT_DATA_TYPE_CODE, REF_STATUS_CODE, CREATION_USR, CREATION_APP, CREATION_TS, LST_MOD_USR, LST_MOD_APP, LST_MOD_CHG_CD, LST_MOD_TS) VALUES ('FLOAT', 'JAVA', 'float', 'float', 'Java Float Primitive Built-In Data Type. Represents a single-precision 32-bit IEEE 754 floating-point.', 'Y', 'Y', 'JAVA-PRIMITIVE', 'ACTIVE', 'REFMATICA', 'REFMATICA', current_timestamp, 'REFMATICA', 'REFMATICA', 'I', current_timestamp);

INSERT INTO REFMATICA_DATA_TYPE_REF(DATA_TYPE_CODE, DATA_TYPE_LANGUAGE_CODE, DATA_TYPE_NAME, DATA_TYPE_LANG_KEYWORD, DATA_TYPE_DESCRIPTION, DATA_TYPE_IS_CODE_GEN_USABLE, DATA_TYPE_IS_MODELING_USABLE, PARENT_DATA_TYPE_CODE, REF_STATUS_CODE, CREATION_USR, CREATION_APP, CREATION_TS, LST_MOD_USR, LST_MOD_APP, LST_MOD_CHG_CD, LST_MOD_TS) VALUES ('DOUBLE', 'JAVA', 'double', 'double', 'Java Double Primitive Built-In Data Type. Represents a double-precision 64-bit IEEE 754 floating point.', 'Y', 'Y', 'JAVA-PRIMITIVE', 'ACTIVE', 'REFMATICA', 'REFMATICA', current_timestamp, 'REFMATICA', 'REFMATICA', 'I', current_timestamp);

INSERT INTO REFMATICA_DATA_TYPE_REF(DATA_TYPE_CODE, DATA_TYPE_LANGUAGE_CODE, DATA_TYPE_NAME, DATA_TYPE_LANG_KEYWORD, DATA_TYPE_DESCRIPTION, DATA_TYPE_IS_CODE_GEN_USABLE, DATA_TYPE_IS_MODELING_USABLE, PARENT_DATA_TYPE_CODE, REF_STATUS_CODE, CREATION_USR, CREATION_APP, CREATION_TS, LST_MOD_USR, LST_MOD_APP, LST_MOD_CHG_CD, LST_MOD_TS) VALUES ('BOOLEAN', 'JAVA', 'boolean', 'boolean', 'Java Primitive Built-In Data Type. Represents a boolean (true/false) variable.', 'Y', 'Y', 'JAVA-PRIMITIVE', 'ACTIVE', 'REFMATICA', 'REFMATICA', current_timestamp, 'REFMATICA', 'REFMATICA', 'I', current_timestamp);

INSERT INTO REFMATICA_DATA_TYPE_REF(DATA_TYPE_CODE, DATA_TYPE_LANGUAGE_CODE, DATA_TYPE_NAME, DATA_TYPE_LANG_KEYWORD, DATA_TYPE_DESCRIPTION, DATA_TYPE_IS_CODE_GEN_USABLE, DATA_TYPE_IS_MODELING_USABLE, PARENT_DATA_TYPE_CODE, REF_STATUS_CODE, CREATION_USR, CREATION_APP, CREATION_TS, LST_MOD_USR, LST_MOD_APP, LST_MOD_CHG_CD, LST_MOD_TS) VALUES ('STRING', 'JAVA', 'String', 'String', 'Java String Object (JDK/JRE Included) Data Type. Represents a variable-length double-byte (16-bit/unicode) character String.', 'Y', 'Y', 'JAVA-OBJECT', 'ACTIVE', 'REFMATICA', 'REFMATICA', current_timestamp, 'REFMATICA', 'REFMATICA', 'I', current_timestamp);




-- Entity Environment Reference Table

CREATE TABLE REFMATICA_ENTITY_ENVIRONMENT_REF(ENVIRONMENT_CODE VARCHAR(32) NOT NULL, ENVIRONMENT_NAME VARCHAR(128) NOT NULL, ENVIRONMENT_DESCRIPTION VARCHAR(1024) NOT NULL, PARENT_ENVIRONMENT_CODE VARCHAR(32) NOT NULL, REF_STATUS_CODE VARCHAR(32) NOT NULL, CREATION_USR VARCHAR(32) NOT NULL, CREATION_APP VARCHAR(64) NOT NULL, CREATION_TS TIMESTAMP WITH TIME ZONE NOT NULL, LST_MOD_USR VARCHAR(32) NOT NULL, LST_MOD_APP VARCHAR(64) NOT NULL, LST_MOD_CHG_CD CHAR(1) NOT NULL, LST_MOD_TS TIMESTAMP WITH TIME ZONE NOT NULL, CONSTRAINT PK_ENVREF_ENVCD PRIMARY KEY(ENVIRONMENT_CODE), CONSTRAINT FK_ENVREF_PENVCD FOREIGN KEY(PARENT_ENVIRONMENT_CODE) REFERENCES REFMATICA_ENTITY_ENVIRONMENT_REF(ENVIRONMENT_CODE), CONSTRAINT FK_ENVREF_RSCD FOREIGN KEY(REF_STATUS_CODE) REFERENCES REFMATICA_REF_STATUS_CODE_REF(REF_STATUS_CODE), CONSTRAINT CK_ENVREF_LMCC CHECK(LST_MOD_CHG_CD IN ('I', 'U', 'D')));

INSERT INTO REFMATICA_ENTITY_ENVIRONMENT_REF(ENVIRONMENT_CODE, ENVIRONMENT_NAME, ENVIRONMENT_DESCRIPTION, PARENT_ENVIRONMENT_CODE, REF_STATUS_CODE, CREATION_USR, CREATION_APP, CREATION_TS, LST_MOD_USR, LST_MOD_APP, LST_MOD_CHG_CD, LST_MOD_TS) VALUES ('DEV', 'Development', 'The Development Environment', 'DEV', 'ACTIVE', 'REFMATICA', 'REFMATICA', current_timestamp, 'REFMATICA', 'REFMATICA', 'I', current_timestamp);

INSERT INTO REFMATICA_ENTITY_ENVIRONMENT_REF(ENVIRONMENT_CODE, ENVIRONMENT_NAME, ENVIRONMENT_DESCRIPTION, PARENT_ENVIRONMENT_CODE, REF_STATUS_CODE, CREATION_USR, CREATION_APP, CREATION_TS, LST_MOD_USR, LST_MOD_APP, LST_MOD_CHG_CD, LST_MOD_TS) VALUES ('SIT', 'System Integration Test', 'The System Integration Test Environment', 'SIT', 'ACTIVE', 'REFMATICA', 'REFMATICA', current_timestamp, 'REFMATICA', 'REFMATICA', 'I', current_timestamp);

INSERT INTO REFMATICA_ENTITY_ENVIRONMENT_REF(ENVIRONMENT_CODE, ENVIRONMENT_NAME, ENVIRONMENT_DESCRIPTION, PARENT_ENVIRONMENT_CODE, REF_STATUS_CODE, CREATION_USR, CREATION_APP, CREATION_TS, LST_MOD_USR, LST_MOD_APP, LST_MOD_CHG_CD, LST_MOD_TS) VALUES ('QA', 'Quality Assurance', 'The Quality Assurance Environment', 'QA', 'ACTIVE', 'REFMATICA', 'REFMATICA', current_timestamp, 'REFMATICA', 'REFMATICA', 'I', current_timestamp);

INSERT INTO REFMATICA_ENTITY_ENVIRONMENT_REF(ENVIRONMENT_CODE, ENVIRONMENT_NAME, ENVIRONMENT_DESCRIPTION, PARENT_ENVIRONMENT_CODE, REF_STATUS_CODE, CREATION_USR, CREATION_APP, CREATION_TS, LST_MOD_USR, LST_MOD_APP, LST_MOD_CHG_CD, LST_MOD_TS) VALUES ('UAT', 'User Acceptance Test', 'The User Acceptance Test Environment', 'UAT', 'ACTIVE', 'REFMATICA', 'REFMATICA', current_timestamp, 'REFMATICA', 'REFMATICA', 'I', current_timestamp);

INSERT INTO REFMATICA_ENTITY_ENVIRONMENT_REF(ENVIRONMENT_CODE, ENVIRONMENT_NAME, ENVIRONMENT_DESCRIPTION, PARENT_ENVIRONMENT_CODE, REF_STATUS_CODE, CREATION_USR, CREATION_APP, CREATION_TS, LST_MOD_USR, LST_MOD_APP, LST_MOD_CHG_CD, LST_MOD_TS) VALUES ('PROD', 'Production', 'The Production Environment', 'PROD', 'ACTIVE', 'REFMATICA', 'REFMATICA', current_timestamp, 'REFMATICA', 'REFMATICA', 'I', current_timestamp);

INSERT INTO REFMATICA_ENTITY_ENVIRONMENT_REF(ENVIRONMENT_CODE, ENVIRONMENT_NAME, ENVIRONMENT_DESCRIPTION, PARENT_ENVIRONMENT_CODE, REF_STATUS_CODE, CREATION_USR, CREATION_APP, CREATION_TS, LST_MOD_USR, LST_MOD_APP, LST_MOD_CHG_CD, LST_MOD_TS) VALUES ('COB', 'Continuity of Business', 'The Continuity of Business Environment', 'COB', 'ACTIVE', 'REFMATICA', 'REFMATICA', current_timestamp, 'REFMATICA', 'REFMATICA', 'I', current_timestamp);



-- Entity Data Namespace Reference Table

CREATE TABLE REFMATICA_ENTITY_METADATA_NAMESPACE_REF(DATA_NAMESPACE_CODE VARCHAR(32) NOT NULL, ENVIRONMENT_CODE VARCHAR(32) NOT NULL, DATA_NAMESPACE_NAME VARCHAR(128) NOT NULL, DATA_NAMESPACE_DESCRIPTION VARCHAR(1024) NOT NULL, PARENT_DATA_NAMESPACE_CODE VARCHAR(32) NOT NULL, REF_STATUS_CODE VARCHAR(32) NOT NULL, CREATION_USR VARCHAR(32) NOT NULL, CREATION_APP VARCHAR(64) NOT NULL, CREATION_TS TIMESTAMP WITH TIME ZONE NOT NULL, LST_MOD_USR VARCHAR(32) NOT NULL, LST_MOD_APP VARCHAR(64) NOT NULL, LST_MOD_CHG_CD CHAR(1) NOT NULL, LST_MOD_TS TIMESTAMP WITH TIME ZONE NOT NULL, CONSTRAINT PK_DNSREF_DNSCD PRIMARY KEY(DATA_NAMESPACE_CODE), CONSTRAINT FK_DNSREF_PDNSCD FOREIGN KEY(PARENT_DATA_NAMESPACE_CODE) REFERENCES REFMATICA_ENTITY_METADATA_NAMESPACE_REF(DATA_NAMESPACE_CODE), CONSTRAINT FK_DNSREF_DNSCD FOREIGN KEY(ENVIRONMENT_CODE) REFERENCES REFMATICA_ENTITY_ENVIRONMENT_REF(ENVIRONMENT_CODE), CONSTRAINT FK_DNSREF_RSCD FOREIGN KEY(REF_STATUS_CODE) REFERENCES REFMATICA_REF_STATUS_CODE_REF(REF_STATUS_CODE), CONSTRAINT CK_DNSREF_LMCC CHECK(LST_MOD_CHG_CD IN ('I', 'U', 'D')));

INSERT INTO REFMATICA_ENTITY_METADATA_NAMESPACE_REF(DATA_NAMESPACE_CODE, ENVIRONMENT_CODE, DATA_NAMESPACE_NAME, DATA_NAMESPACE_DESCRIPTION, PARENT_DATA_NAMESPACE_CODE, REF_STATUS_CODE, CREATION_USR, CREATION_APP, CREATION_TS, LST_MOD_USR, LST_MOD_APP, LST_MOD_CHG_CD, LST_MOD_TS) VALUES ('DEV-DEV', 'DEV', 'Development Metadata in Development', 'Development Metadata Namespace in Development Environment', 'DEV-DEV', 'ACTIVE', 'REFMATICA', 'REFMATICA', current_timestamp, 'REFMATICA', 'REFMATICA', 'I', current_timestamp);

INSERT INTO REFMATICA_ENTITY_METADATA_NAMESPACE_REF(DATA_NAMESPACE_CODE, ENVIRONMENT_CODE, DATA_NAMESPACE_NAME, DATA_NAMESPACE_DESCRIPTION, PARENT_DATA_NAMESPACE_CODE, REF_STATUS_CODE, CREATION_USR, CREATION_APP, CREATION_TS, LST_MOD_USR, LST_MOD_APP, LST_MOD_CHG_CD, LST_MOD_TS) VALUES ('SIT-DEV', 'DEV', 'System Integration Test Metadata in Development', 'System Integration Test Metadata Namespace in Development Environment', 'SIT-DEV', 'ACTIVE', 'REFMATICA', 'REFMATICA', current_timestamp, 'REFMATICA', 'REFMATICA', 'I', current_timestamp);

INSERT INTO REFMATICA_ENTITY_METADATA_NAMESPACE_REF(DATA_NAMESPACE_CODE, ENVIRONMENT_CODE, DATA_NAMESPACE_NAME, DATA_NAMESPACE_DESCRIPTION, PARENT_DATA_NAMESPACE_CODE, REF_STATUS_CODE, CREATION_USR, CREATION_APP, CREATION_TS, LST_MOD_USR, LST_MOD_APP, LST_MOD_CHG_CD, LST_MOD_TS) VALUES ('QA-DEV', 'DEV', 'Quality Assurance Metadata in Development', 'Quality Assurance Metadata Namespace in Development Environment', 'QA-DEV', 'ACTIVE', 'REFMATICA', 'REFMATICA', current_timestamp, 'REFMATICA', 'REFMATICA', 'I', current_timestamp);

INSERT INTO REFMATICA_ENTITY_METADATA_NAMESPACE_REF(DATA_NAMESPACE_CODE, ENVIRONMENT_CODE, DATA_NAMESPACE_NAME, DATA_NAMESPACE_DESCRIPTION, PARENT_DATA_NAMESPACE_CODE, REF_STATUS_CODE, CREATION_USR, CREATION_APP, CREATION_TS, LST_MOD_USR, LST_MOD_APP, LST_MOD_CHG_CD, LST_MOD_TS) VALUES ('UAT-DEV', 'DEV', 'User Acceptance Test Metadata in Development', 'User Acceptance Test Metadata Namespace in Development Environment', 'UAT-DEV', 'ACTIVE', 'REFMATICA', 'REFMATICA', current_timestamp, 'REFMATICA', 'REFMATICA', 'I', current_timestamp);

INSERT INTO REFMATICA_ENTITY_METADATA_NAMESPACE_REF(DATA_NAMESPACE_CODE, ENVIRONMENT_CODE, DATA_NAMESPACE_NAME, DATA_NAMESPACE_DESCRIPTION, PARENT_DATA_NAMESPACE_CODE, REF_STATUS_CODE, CREATION_USR, CREATION_APP, CREATION_TS, LST_MOD_USR, LST_MOD_APP, LST_MOD_CHG_CD, LST_MOD_TS) VALUES ('PROD-DEV', 'DEV', 'Production Metadata in Development', 'Production Metadata Namespace in Development Environment', 'PROD-DEV', 'ACTIVE', 'REFMATICA', 'REFMATICA', current_timestamp, 'REFMATICA', 'REFMATICA', 'I', current_timestamp);



INSERT INTO REFMATICA_ENTITY_METADATA_NAMESPACE_REF(DATA_NAMESPACE_CODE, ENVIRONMENT_CODE, DATA_NAMESPACE_NAME, DATA_NAMESPACE_DESCRIPTION, PARENT_DATA_NAMESPACE_CODE, REF_STATUS_CODE, CREATION_USR, CREATION_APP, CREATION_TS, LST_MOD_USR, LST_MOD_APP, LST_MOD_CHG_CD, LST_MOD_TS) VALUES ('DEV-SIT', 'SIT', 'Development Metadata in System Integration Test', 'Development Metadata Namespace in System Integration Test Environment', 'DEV-SIT', 'ACTIVE', 'REFMATICA', 'REFMATICA', current_timestamp, 'REFMATICA', 'REFMATICA', 'I', current_timestamp);

INSERT INTO REFMATICA_ENTITY_METADATA_NAMESPACE_REF(DATA_NAMESPACE_CODE, ENVIRONMENT_CODE, DATA_NAMESPACE_NAME, DATA_NAMESPACE_DESCRIPTION, PARENT_DATA_NAMESPACE_CODE, REF_STATUS_CODE, CREATION_USR, CREATION_APP, CREATION_TS, LST_MOD_USR, LST_MOD_APP, LST_MOD_CHG_CD, LST_MOD_TS) VALUES ('SIT-SIT', 'SIT', 'System Integration Test Metadata in System Integration Test', 'System Integration Test Metadata Namespace in System Integration Test Environment', 'SIT-SIT', 'ACTIVE', 'REFMATICA', 'REFMATICA', current_timestamp, 'REFMATICA', 'REFMATICA', 'I', current_timestamp);

INSERT INTO REFMATICA_ENTITY_METADATA_NAMESPACE_REF(DATA_NAMESPACE_CODE, ENVIRONMENT_CODE, DATA_NAMESPACE_NAME, DATA_NAMESPACE_DESCRIPTION, PARENT_DATA_NAMESPACE_CODE, REF_STATUS_CODE, CREATION_USR, CREATION_APP, CREATION_TS, LST_MOD_USR, LST_MOD_APP, LST_MOD_CHG_CD, LST_MOD_TS) VALUES ('QA-SIT', 'SIT', 'Quality Assurance Metadata in System Integration Test', 'Quality Assurance Metadata Namespace in System Integration Test Environment', 'QA-SIT', 'ACTIVE', 'REFMATICA', 'REFMATICA', current_timestamp, 'REFMATICA', 'REFMATICA', 'I', current_timestamp);

INSERT INTO REFMATICA_ENTITY_METADATA_NAMESPACE_REF(DATA_NAMESPACE_CODE, ENVIRONMENT_CODE, DATA_NAMESPACE_NAME, DATA_NAMESPACE_DESCRIPTION, PARENT_DATA_NAMESPACE_CODE, REF_STATUS_CODE, CREATION_USR, CREATION_APP, CREATION_TS, LST_MOD_USR, LST_MOD_APP, LST_MOD_CHG_CD, LST_MOD_TS) VALUES ('UAT-SIT', 'SIT', 'User Acceptance Test Metadata in System Integration Test', 'User Acceptance Test Metadata Namespace in System Integration Test Environment', 'UAT-SIT', 'ACTIVE', 'REFMATICA', 'REFMATICA', current_timestamp, 'REFMATICA', 'REFMATICA', 'I', current_timestamp);

INSERT INTO REFMATICA_ENTITY_METADATA_NAMESPACE_REF(DATA_NAMESPACE_CODE, ENVIRONMENT_CODE, DATA_NAMESPACE_NAME, DATA_NAMESPACE_DESCRIPTION, PARENT_DATA_NAMESPACE_CODE, REF_STATUS_CODE, CREATION_USR, CREATION_APP, CREATION_TS, LST_MOD_USR, LST_MOD_APP, LST_MOD_CHG_CD, LST_MOD_TS) VALUES ('PROD-SIT', 'SIT', 'Production Metadata in System Integration Test', 'Production Metadata Namespace in System Integration Test Environment', 'PROD-SIT', 'ACTIVE', 'REFMATICA', 'REFMATICA', current_timestamp, 'REFMATICA', 'REFMATICA', 'I', current_timestamp);



INSERT INTO REFMATICA_ENTITY_METADATA_NAMESPACE_REF(DATA_NAMESPACE_CODE, ENVIRONMENT_CODE, DATA_NAMESPACE_NAME, DATA_NAMESPACE_DESCRIPTION, PARENT_DATA_NAMESPACE_CODE, REF_STATUS_CODE, CREATION_USR, CREATION_APP, CREATION_TS, LST_MOD_USR, LST_MOD_APP, LST_MOD_CHG_CD, LST_MOD_TS) VALUES ('DEV-QA', 'QA', 'Development Metadata in Quality Assurance', 'Development Metadata Namespace in Quality Assurance Environment', 'DEV-QA', 'ACTIVE', 'REFMATICA', 'REFMATICA', current_timestamp, 'REFMATICA', 'REFMATICA', 'I', current_timestamp);

INSERT INTO REFMATICA_ENTITY_METADATA_NAMESPACE_REF(DATA_NAMESPACE_CODE, ENVIRONMENT_CODE, DATA_NAMESPACE_NAME, DATA_NAMESPACE_DESCRIPTION, PARENT_DATA_NAMESPACE_CODE, REF_STATUS_CODE, CREATION_USR, CREATION_APP, CREATION_TS, LST_MOD_USR, LST_MOD_APP, LST_MOD_CHG_CD, LST_MOD_TS) VALUES ('SIT-QA', 'QA', 'System Integration Test Metadata in Quality Assurance', 'System Integration Test Metadata Namespace in Quality Assurance Environment', 'SIT-QA', 'ACTIVE', 'REFMATICA', 'REFMATICA', current_timestamp, 'REFMATICA', 'REFMATICA', 'I', current_timestamp);

INSERT INTO REFMATICA_ENTITY_METADATA_NAMESPACE_REF(DATA_NAMESPACE_CODE, ENVIRONMENT_CODE, DATA_NAMESPACE_NAME, DATA_NAMESPACE_DESCRIPTION, PARENT_DATA_NAMESPACE_CODE, REF_STATUS_CODE, CREATION_USR, CREATION_APP, CREATION_TS, LST_MOD_USR, LST_MOD_APP, LST_MOD_CHG_CD, LST_MOD_TS) VALUES ('QA-QA', 'QA', 'Quality Assurance Metadata in Quality Assurance', 'Quality Assurance Metadata Namespace in Quality Assurance Environment', 'QA-QA', 'ACTIVE', 'REFMATICA', 'REFMATICA', current_timestamp, 'REFMATICA', 'REFMATICA', 'I', current_timestamp);

INSERT INTO REFMATICA_ENTITY_METADATA_NAMESPACE_REF(DATA_NAMESPACE_CODE, ENVIRONMENT_CODE, DATA_NAMESPACE_NAME, DATA_NAMESPACE_DESCRIPTION, PARENT_DATA_NAMESPACE_CODE, REF_STATUS_CODE, CREATION_USR, CREATION_APP, CREATION_TS, LST_MOD_USR, LST_MOD_APP, LST_MOD_CHG_CD, LST_MOD_TS) VALUES ('UAT-QA', 'QA', 'User Acceptance Test Metadata in Quality Assurance', 'User Acceptance Test Metadata Namespace in Quality Assurance Environment', 'UAT-QA', 'ACTIVE', 'REFMATICA', 'REFMATICA', current_timestamp, 'REFMATICA', 'REFMATICA', 'I', current_timestamp);

INSERT INTO REFMATICA_ENTITY_METADATA_NAMESPACE_REF(DATA_NAMESPACE_CODE, ENVIRONMENT_CODE, DATA_NAMESPACE_NAME, DATA_NAMESPACE_DESCRIPTION, PARENT_DATA_NAMESPACE_CODE, REF_STATUS_CODE, CREATION_USR, CREATION_APP, CREATION_TS, LST_MOD_USR, LST_MOD_APP, LST_MOD_CHG_CD, LST_MOD_TS) VALUES ('PROD-QA', 'QA', 'Production Metadata in Quality Assurance', 'Production Metadata Namespace in Quality Assurance Environment', 'PROD-QA', 'ACTIVE', 'REFMATICA', 'REFMATICA', current_timestamp, 'REFMATICA', 'REFMATICA', 'I', current_timestamp);



INSERT INTO REFMATICA_ENTITY_METADATA_NAMESPACE_REF(DATA_NAMESPACE_CODE, ENVIRONMENT_CODE, DATA_NAMESPACE_NAME, DATA_NAMESPACE_DESCRIPTION, PARENT_DATA_NAMESPACE_CODE, REF_STATUS_CODE, CREATION_USR, CREATION_APP, CREATION_TS, LST_MOD_USR, LST_MOD_APP, LST_MOD_CHG_CD, LST_MOD_TS) VALUES ('DEV-UAT', 'UAT', 'Development Metadata in User Acceptance Test', 'Development Metadata Namespace in User Acceptance Test Environment', 'DEV-UAT', 'ACTIVE', 'REFMATICA', 'REFMATICA', current_timestamp, 'REFMATICA', 'REFMATICA', 'I', current_timestamp);

INSERT INTO REFMATICA_ENTITY_METADATA_NAMESPACE_REF(DATA_NAMESPACE_CODE, ENVIRONMENT_CODE, DATA_NAMESPACE_NAME, DATA_NAMESPACE_DESCRIPTION, PARENT_DATA_NAMESPACE_CODE, REF_STATUS_CODE, CREATION_USR, CREATION_APP, CREATION_TS, LST_MOD_USR, LST_MOD_APP, LST_MOD_CHG_CD, LST_MOD_TS) VALUES ('SIT-UAT', 'UAT', 'System Integration Test Metadata in User Acceptance Test', 'System Integration Test Metadata Namespace in User Acceptance Test Environment', 'SIT-UAT', 'ACTIVE', 'REFMATICA', 'REFMATICA', current_timestamp, 'REFMATICA', 'REFMATICA', 'I', current_timestamp);

INSERT INTO REFMATICA_ENTITY_METADATA_NAMESPACE_REF(DATA_NAMESPACE_CODE, ENVIRONMENT_CODE, DATA_NAMESPACE_NAME, DATA_NAMESPACE_DESCRIPTION, PARENT_DATA_NAMESPACE_CODE, REF_STATUS_CODE, CREATION_USR, CREATION_APP, CREATION_TS, LST_MOD_USR, LST_MOD_APP, LST_MOD_CHG_CD, LST_MOD_TS) VALUES ('QA-UAT', 'UAT', 'Quality Assurance Metadata in User Acceptance Test', 'Quality Assurance Metadata Namespace in User Acceptance Test Environment', 'QA-UAT', 'ACTIVE', 'REFMATICA', 'REFMATICA', current_timestamp, 'REFMATICA', 'REFMATICA', 'I', current_timestamp);

INSERT INTO REFMATICA_ENTITY_METADATA_NAMESPACE_REF(DATA_NAMESPACE_CODE, ENVIRONMENT_CODE, DATA_NAMESPACE_NAME, DATA_NAMESPACE_DESCRIPTION, PARENT_DATA_NAMESPACE_CODE, REF_STATUS_CODE, CREATION_USR, CREATION_APP, CREATION_TS, LST_MOD_USR, LST_MOD_APP, LST_MOD_CHG_CD, LST_MOD_TS) VALUES ('UAT-UAT', 'UAT', 'User Acceptance Test Metadata in User Acceptance Test', 'User Acceptance Test Metadata Namespace in User Acceptance Test Environment', 'UAT-UAT', 'ACTIVE', 'REFMATICA', 'REFMATICA', current_timestamp, 'REFMATICA', 'REFMATICA', 'I', current_timestamp);

INSERT INTO REFMATICA_ENTITY_METADATA_NAMESPACE_REF(DATA_NAMESPACE_CODE, ENVIRONMENT_CODE, DATA_NAMESPACE_NAME, DATA_NAMESPACE_DESCRIPTION, PARENT_DATA_NAMESPACE_CODE, REF_STATUS_CODE, CREATION_USR, CREATION_APP, CREATION_TS, LST_MOD_USR, LST_MOD_APP, LST_MOD_CHG_CD, LST_MOD_TS) VALUES ('PROD-UAT', 'UAT', 'Production Metadata in User Acceptance Test', 'Production Metadata Namespace in User Acceptance Test Environment', 'PROD-UAT', 'ACTIVE', 'REFMATICA', 'REFMATICA', current_timestamp, 'REFMATICA', 'REFMATICA', 'I', current_timestamp);



INSERT INTO REFMATICA_ENTITY_METADATA_NAMESPACE_REF(DATA_NAMESPACE_CODE, ENVIRONMENT_CODE, DATA_NAMESPACE_NAME, DATA_NAMESPACE_DESCRIPTION, PARENT_DATA_NAMESPACE_CODE, REF_STATUS_CODE, CREATION_USR, CREATION_APP, CREATION_TS, LST_MOD_USR, LST_MOD_APP, LST_MOD_CHG_CD, LST_MOD_TS) VALUES ('DEV-PROD', 'PROD', 'Development Metadata in Production', 'Development Metadata Namespace in Production Environment', 'DEV-PROD', 'ACTIVE', 'REFMATICA', 'REFMATICA', current_timestamp, 'REFMATICA', 'REFMATICA', 'I', current_timestamp);

INSERT INTO REFMATICA_ENTITY_METADATA_NAMESPACE_REF(DATA_NAMESPACE_CODE, ENVIRONMENT_CODE, DATA_NAMESPACE_NAME, DATA_NAMESPACE_DESCRIPTION, PARENT_DATA_NAMESPACE_CODE, REF_STATUS_CODE, CREATION_USR, CREATION_APP, CREATION_TS, LST_MOD_USR, LST_MOD_APP, LST_MOD_CHG_CD, LST_MOD_TS) VALUES ('SIT-PROD', 'PROD', 'System Integration Test Metadata in Production', 'System Integration Test Metadata Namespace in Production Environment', 'SIT-PROD', 'ACTIVE', 'REFMATICA', 'REFMATICA', current_timestamp, 'REFMATICA', 'REFMATICA', 'I', current_timestamp);

INSERT INTO REFMATICA_ENTITY_METADATA_NAMESPACE_REF(DATA_NAMESPACE_CODE, ENVIRONMENT_CODE, DATA_NAMESPACE_NAME, DATA_NAMESPACE_DESCRIPTION, PARENT_DATA_NAMESPACE_CODE, REF_STATUS_CODE, CREATION_USR, CREATION_APP, CREATION_TS, LST_MOD_USR, LST_MOD_APP, LST_MOD_CHG_CD, LST_MOD_TS) VALUES ('QA-PROD', 'PROD', 'Quality Assurance Metadata in Production', 'Quality Assurance Metadata Namespace in Production Environment', 'QA-PROD', 'ACTIVE', 'REFMATICA', 'REFMATICA', current_timestamp, 'REFMATICA', 'REFMATICA', 'I', current_timestamp);

INSERT INTO REFMATICA_ENTITY_METADATA_NAMESPACE_REF(DATA_NAMESPACE_CODE, ENVIRONMENT_CODE, DATA_NAMESPACE_NAME, DATA_NAMESPACE_DESCRIPTION, PARENT_DATA_NAMESPACE_CODE, REF_STATUS_CODE, CREATION_USR, CREATION_APP, CREATION_TS, LST_MOD_USR, LST_MOD_APP, LST_MOD_CHG_CD, LST_MOD_TS) VALUES ('UAT-PROD', 'PROD', 'User Acceptance Test Metadata in Production', 'User Acceptance Test Metadata Namespace in Production Environment', 'UAT-PROD', 'ACTIVE', 'REFMATICA', 'REFMATICA', current_timestamp, 'REFMATICA', 'REFMATICA', 'I', current_timestamp);

INSERT INTO REFMATICA_ENTITY_METADATA_NAMESPACE_REF(DATA_NAMESPACE_CODE, ENVIRONMENT_CODE, DATA_NAMESPACE_NAME, DATA_NAMESPACE_DESCRIPTION, PARENT_DATA_NAMESPACE_CODE, REF_STATUS_CODE, CREATION_USR, CREATION_APP, CREATION_TS, LST_MOD_USR, LST_MOD_APP, LST_MOD_CHG_CD, LST_MOD_TS) VALUES ('PROD-PROD', 'PROD', 'Production Metadata in Production', 'Production Metadata Namespace in Production Environment', 'PROD-PROD', 'ACTIVE', 'REFMATICA', 'REFMATICA', current_timestamp, 'REFMATICA', 'REFMATICA', 'I', current_timestamp);




-- Entity Xref Id Type Reference Table

CREATE TABLE REFMATICA_ENTITY_XREF_TYPE_REF(ENTITY_XREF_TYPE VARCHAR(32) NOT NULL, ENTITY_XREF_TYPE_NAME VARCHAR(64) NOT NULL, ENTITY_XREF_TYPE_DESCRIPTION VARCHAR(1024) NOT NULL, REF_STATUS_CODE VARCHAR(32) NOT NULL, CREATION_USR VARCHAR(32) NOT NULL, CREATION_APP VARCHAR(64) NOT NULL, CREATION_TS TIMESTAMP WITH TIME ZONE NOT NULL, LST_MOD_USR VARCHAR(32) NOT NULL, LST_MOD_APP VARCHAR(64) NOT NULL, LST_MOD_CHG_CD CHAR(1) NOT NULL, LST_MOD_TS TIMESTAMP WITH TIME ZONE NOT NULL, CONSTRAINT PK_XRTREF_XRTY PRIMARY KEY(ENTITY_XREF_TYPE), CONSTRAINT FK_XRTREF_RSCD FOREIGN KEY(REF_STATUS_CODE) REFERENCES REFMATICA_REF_STATUS_CODE_REF(REF_STATUS_CODE), CONSTRAINT CK_XRTREF_LMCC CHECK(LST_MOD_CHG_CD IN ('I', 'U', 'D')));

INSERT INTO REFMATICA_ENTITY_XREF_TYPE_REF(ENTITY_XREF_TYPE, ENTITY_XREF_TYPE_NAME, ENTITY_XREF_TYPE_DESCRIPTION, REF_STATUS_CODE, CREATION_USR, CREATION_APP, CREATION_TS, LST_MOD_USR, LST_MOD_APP, LST_MOD_CHG_CD, LST_MOD_TS) VALUES ('APP-ID', 'Application ID', 'A Unique Identifier of an External Source System or Application for which this set of Metadata linked to this cross-reference ID is about or originates.', 'ACTIVE', 'REFMATICA', 'REFMATICA', current_timestamp, 'REFMATICA', 'REFMATICA', 'I', current_timestamp);



-- Entity Logic Type Reference Table

CREATE TABLE REFMATICA_ENTITY_LOGIC_TYPE_REF(ENTITY_LOGIC_TYPE VARCHAR(32) NOT NULL, ENTITY_LOGIC_TYPE_NAME VARCHAR(64) NOT NULL, ENTITY_LOGIC_TYPE_DESCRIPTION VARCHAR(1024) NOT NULL, PARENT_ENTITY_LOGIC_TYPE VARCHAR(32) NOT NULL, REF_STATUS_CODE VARCHAR(32) NOT NULL, CREATION_USR VARCHAR(32) NOT NULL, CREATION_APP VARCHAR(64) NOT NULL, CREATION_TS TIMESTAMP WITH TIME ZONE NOT NULL, LST_MOD_USR VARCHAR(32) NOT NULL, LST_MOD_APP VARCHAR(64) NOT NULL, LST_MOD_CHG_CD CHAR(1) NOT NULL, LST_MOD_TS TIMESTAMP WITH TIME ZONE NOT NULL, CONSTRAINT PK_LOGTYREF_LOGTY PRIMARY KEY(ENTITY_LOGIC_TYPE), CONSTRAINT FK_LOGTYREF_PLOGTY FOREIGN KEY(PARENT_ENTITY_LOGIC_TYPE) REFERENCES REFMATICA_ENTITY_LOGIC_TYPE_REF(ENTITY_LOGIC_TYPE), CONSTRAINT FK_LOGTYREF_RSCD FOREIGN KEY(REF_STATUS_CODE) REFERENCES REFMATICA_REF_STATUS_CODE_REF(REF_STATUS_CODE), CONSTRAINT CK_LOGTYREF_LMCC CHECK(LST_MOD_CHG_CD IN ('I', 'U', 'D')));

INSERT INTO REFMATICA_ENTITY_LOGIC_TYPE_REF(ENTITY_LOGIC_TYPE, ENTITY_LOGIC_TYPE_NAME, ENTITY_LOGIC_TYPE_DESCRIPTION, PARENT_ENTITY_LOGIC_TYPE, REF_STATUS_CODE, CREATION_USR, CREATION_APP, CREATION_TS, LST_MOD_USR, LST_MOD_APP, LST_MOD_CHG_CD, LST_MOD_TS) VALUES ('RULE', 'Rule Definition', 'A Logic Record that Represents a Rule Definition. Rules are generally associated with Rule Engines.', 'RULE', 'ACTIVE', 'REFMATICA', 'REFMATICA', current_timestamp, 'REFMATICA', 'REFMATICA', 'I', current_timestamp);

INSERT INTO REFMATICA_ENTITY_LOGIC_TYPE_REF(ENTITY_LOGIC_TYPE, ENTITY_LOGIC_TYPE_NAME, ENTITY_LOGIC_TYPE_DESCRIPTION, PARENT_ENTITY_LOGIC_TYPE, REF_STATUS_CODE, CREATION_USR, CREATION_APP, CREATION_TS, LST_MOD_USR, LST_MOD_APP, LST_MOD_CHG_CD, LST_MOD_TS) VALUES ('FUNCTION', 'Generic Function Definition', 'A Logic Record that Represents a Generic (non-programming-language specific) Definition. Generic Function are generally used as Parent Logic Types for Programming Language Specific Function Types.', 'FUNCTION', 'ACTIVE', 'REFMATICA', 'REFMATICA', current_timestamp, 'REFMATICA', 'REFMATICA', 'I', current_timestamp);


-- Entity Logic Parameter Type Reference Table

CREATE TABLE REFMATICA_ENTITY_LOGIC_PARAM_TYPE_REF(ENTITY_LOGIC_PARAM_TYPE VARCHAR(32) NOT NULL, ENTITY_LOGIC_TYPE VARCHAR(32) NOT NULL, ENTITY_LOGIC_PARAM_TYPE_NAME VARCHAR(64) NOT NULL, ENTITY_LOGIC_PARAM_TYPE_DESCRIPTION VARCHAR(1024) NOT NULL, PARENT_ENTITY_LOGIC_PARAM_TYPE VARCHAR(32) NOT NULL, REF_STATUS_CODE VARCHAR(32) NOT NULL, CREATION_USR VARCHAR(32) NOT NULL, CREATION_APP VARCHAR(64) NOT NULL, CREATION_TS TIMESTAMP WITH TIME ZONE NOT NULL, LST_MOD_USR VARCHAR(32) NOT NULL, LST_MOD_APP VARCHAR(64) NOT NULL, LST_MOD_CHG_CD CHAR(1) NOT NULL, LST_MOD_TS TIMESTAMP WITH TIME ZONE NOT NULL, CONSTRAINT PK_LOGPMTYREF_LOGPMTY PRIMARY KEY(ENTITY_LOGIC_PARAM_TYPE), CONSTRAINT FK_LOGPMTYREF_PLOGPMTY FOREIGN KEY(PARENT_ENTITY_LOGIC_PARAM_TYPE) REFERENCES REFMATICA_ENTITY_LOGIC_PARAM_TYPE_REF(ENTITY_LOGIC_PARAM_TYPE), CONSTRAINT FK_LOGPMTYREF_LOGTY FOREIGN KEY(ENTITY_LOGIC_TYPE) REFERENCES REFMATICA_ENTITY_LOGIC_TYPE_REF(ENTITY_LOGIC_TYPE), CONSTRAINT FK_LOGPMTYREF_RSCD FOREIGN KEY(REF_STATUS_CODE) REFERENCES REFMATICA_REF_STATUS_CODE_REF(REF_STATUS_CODE), CONSTRAINT CK_LOGPMTYREF_LMCC CHECK(LST_MOD_CHG_CD IN ('I', 'U', 'D')));

INSERT INTO REFMATICA_ENTITY_LOGIC_PARAM_TYPE_REF(ENTITY_LOGIC_PARAM_TYPE, ENTITY_LOGIC_TYPE, ENTITY_LOGIC_PARAM_TYPE_NAME, ENTITY_LOGIC_PARAM_TYPE_DESCRIPTION, PARENT_ENTITY_LOGIC_PARAM_TYPE, REF_STATUS_CODE, CREATION_USR, CREATION_APP, CREATION_TS, LST_MOD_USR, LST_MOD_APP, LST_MOD_CHG_CD, LST_MOD_TS) VALUES ('NON-TYPED-ARGUMENT', 'FUNCTION', 'Non-Type Specific Argument', 'A Parameter of this type is non-programming-language specific as well as non-typed.', 'NON-TYPED-ARGUMENT', 'ACTIVE', 'REFMATICA', 'REFMATICA', current_timestamp, 'REFMATICA', 'REFMATICA', 'I', current_timestamp);




-- Entity Relationship Type Reference Table

CREATE TABLE REFMATICA_ENTITY_REL_TYPE_REF(ENTITY_REL_TYPE VARCHAR(32) NOT NULL, ENTITY_REL_TYPE_NAME VARCHAR(128) NOT NULL, ENTITY_REL_TYPE_DESCRIPTION VARCHAR(1024) NOT NULL, PARENT_ENTITY_REL_TYPE VARCHAR(32) NOT NULL, REF_STATUS_CODE VARCHAR(32) NOT NULL, CREATION_USR VARCHAR(32) NOT NULL, CREATION_APP VARCHAR(64) NOT NULL, CREATION_TS TIMESTAMP WITH TIME ZONE NOT NULL, LST_MOD_USR VARCHAR(32) NOT NULL, LST_MOD_APP VARCHAR(64) NOT NULL, LST_MOD_CHG_CD CHAR(1) NOT NULL, LST_MOD_TS TIMESTAMP WITH TIME ZONE NOT NULL, CONSTRAINT PK_ERTYR_ERTY PRIMARY KEY(ENTITY_REL_TYPE), CONSTRAINT FK_ERTYR_PERTY FOREIGN KEY(PARENT_ENTITY_REL_TYPE) REFERENCES REFMATICA_ENTITY_REL_TYPE_REF(ENTITY_REL_TYPE), CONSTRAINT FK_ERTYR_RSCD FOREIGN KEY(REF_STATUS_CODE) REFERENCES REFMATICA_REF_STATUS_CODE_REF(REF_STATUS_CODE), CONSTRAINT CK_ERTYR_LMCC CHECK(LST_MOD_CHG_CD IN ('I', 'U', 'D')));

INSERT INTO REFMATICA_ENTITY_REL_TYPE_REF(ENTITY_REL_TYPE, ENTITY_REL_TYPE_NAME, ENTITY_REL_TYPE_DESCRIPTION, PARENT_ENTITY_REL_TYPE, REF_STATUS_CODE, CREATION_USR, CREATION_APP, CREATION_TS, LST_MOD_USR, LST_MOD_APP, LST_MOD_CHG_CD, LST_MOD_TS) VALUES ('LIBRARY-LIBRARY-REL', 'Library to Library', 'Base Library to Library Relationship', 'LIBRARY-LIBRARY-REL', 'ACTIVE', 'REFMATICA', 'REFMATICA', current_timestamp, 'REFMATICA', 'REFMATICA', 'I', current_timestamp);

INSERT INTO REFMATICA_ENTITY_REL_TYPE_REF(ENTITY_REL_TYPE, ENTITY_REL_TYPE_NAME, ENTITY_REL_TYPE_DESCRIPTION, PARENT_ENTITY_REL_TYPE, REF_STATUS_CODE, CREATION_USR, CREATION_APP, CREATION_TS, LST_MOD_USR, LST_MOD_APP, LST_MOD_CHG_CD, LST_MOD_TS) VALUES ('LIBRARY-VOLUME-REL', 'Library to Volume', 'Base Library to Volume Relationship', 'LIBRARY-VOLUME-REL', 'ACTIVE', 'REFMATICA', 'REFMATICA', current_timestamp, 'REFMATICA', 'REFMATICA', 'I', current_timestamp);

INSERT INTO REFMATICA_ENTITY_REL_TYPE_REF(ENTITY_REL_TYPE, ENTITY_REL_TYPE_NAME, ENTITY_REL_TYPE_DESCRIPTION, PARENT_ENTITY_REL_TYPE, REF_STATUS_CODE, CREATION_USR, CREATION_APP, CREATION_TS, LST_MOD_USR, LST_MOD_APP, LST_MOD_CHG_CD, LST_MOD_TS) VALUES ('VOLUME-VOLUME-REL', 'Volume to Volume', 'Base Volume to Volume Relationship', 'VOLUME-VOLUME-REL', 'ACTIVE', 'REFMATICA', 'REFMATICA', current_timestamp, 'REFMATICA', 'REFMATICA', 'I', current_timestamp);

INSERT INTO REFMATICA_ENTITY_REL_TYPE_REF(ENTITY_REL_TYPE, ENTITY_REL_TYPE_NAME, ENTITY_REL_TYPE_DESCRIPTION, PARENT_ENTITY_REL_TYPE, REF_STATUS_CODE, CREATION_USR, CREATION_APP, CREATION_TS, LST_MOD_USR, LST_MOD_APP, LST_MOD_CHG_CD, LST_MOD_TS) VALUES ('VOLUME-SET-REL', 'Volume to Set', 'Base Volume to Set Relationship', 'VOLUME-SET-REL', 'ACTIVE', 'REFMATICA', 'REFMATICA', current_timestamp, 'REFMATICA', 'REFMATICA', 'I', current_timestamp);

INSERT INTO REFMATICA_ENTITY_REL_TYPE_REF(ENTITY_REL_TYPE, ENTITY_REL_TYPE_NAME, ENTITY_REL_TYPE_DESCRIPTION, PARENT_ENTITY_REL_TYPE, REF_STATUS_CODE, CREATION_USR, CREATION_APP, CREATION_TS, LST_MOD_USR, LST_MOD_APP, LST_MOD_CHG_CD, LST_MOD_TS) VALUES ('SET-SET-REL', 'Set to Set', 'Base Set to Set Relationship', 'SET-SET-REL', 'ACTIVE', 'REFMATICA', 'REFMATICA', current_timestamp, 'REFMATICA', 'REFMATICA', 'I', current_timestamp);

INSERT INTO REFMATICA_ENTITY_REL_TYPE_REF(ENTITY_REL_TYPE, ENTITY_REL_TYPE_NAME, ENTITY_REL_TYPE_DESCRIPTION, PARENT_ENTITY_REL_TYPE, REF_STATUS_CODE, CREATION_USR, CREATION_APP, CREATION_TS, LST_MOD_USR, LST_MOD_APP, LST_MOD_CHG_CD, LST_MOD_TS) VALUES ('SET-ENTRY-REL', 'Set to Entry', 'Base Set to Entry Relationship', 'SET-ENTRY-REL', 'ACTIVE', 'REFMATICA', 'REFMATICA', current_timestamp, 'REFMATICA', 'REFMATICA', 'I', current_timestamp);

INSERT INTO REFMATICA_ENTITY_REL_TYPE_REF(ENTITY_REL_TYPE, ENTITY_REL_TYPE_NAME, ENTITY_REL_TYPE_DESCRIPTION, PARENT_ENTITY_REL_TYPE, REF_STATUS_CODE, CREATION_USR, CREATION_APP, CREATION_TS, LST_MOD_USR, LST_MOD_APP, LST_MOD_CHG_CD, LST_MOD_TS) VALUES ('ENTRY-ENTRY-REL', 'Entry to Entry', 'Base Entry to Entry Relationship', 'ENTRY-ENTRY-REL', 'ACTIVE', 'REFMATICA', 'REFMATICA', current_timestamp, 'REFMATICA', 'REFMATICA', 'I', current_timestamp);




-- Entity Group Type Reference Table

CREATE TABLE REFMATICA_ENTITY_GROUP_TYPE_REF(ENTITY_GROUP_TYPE VARCHAR(32) NOT NULL, ENTITY_GROUP_TYPE_NAME VARCHAR(128) NOT NULL, ENTITY_GROUP_TYPE_DESCRIPTION VARCHAR(1024) NOT NULL, PARENT_ENTITY_GROUP_TYPE VARCHAR(32) NOT NULL, REF_STATUS_CODE VARCHAR(32) NOT NULL, CREATION_USR VARCHAR(32) NOT NULL, CREATION_APP VARCHAR(64) NOT NULL, CREATION_TS TIMESTAMP WITH TIME ZONE NOT NULL, LST_MOD_USR VARCHAR(32) NOT NULL, LST_MOD_APP VARCHAR(64) NOT NULL, LST_MOD_CHG_CD CHAR(1) NOT NULL, LST_MOD_TS TIMESTAMP WITH TIME ZONE NOT NULL, CONSTRAINT PK_EGTYR_EGTY PRIMARY KEY(ENTITY_GROUP_TYPE), CONSTRAINT FK_EGTYR_PEGTY FOREIGN KEY(PARENT_ENTITY_GROUP_TYPE) REFERENCES REFMATICA_ENTITY_GROUP_TYPE_REF(ENTITY_GROUP_TYPE), CONSTRAINT FK_EGTYR_RSCD FOREIGN KEY(REF_STATUS_CODE) REFERENCES REFMATICA_REF_STATUS_CODE_REF(REF_STATUS_CODE), CONSTRAINT CK_EGTYR_LMCC CHECK(LST_MOD_CHG_CD IN ('I', 'U', 'D')));

--INSERT INTO REFMATICA_ENTITY_GROUP_TYPE_REF(ENTITY_GROUP_TYPE, ENTITY_GROUP_TYPE_NAME, ENTITY_GROUP_TYPE_DESCRIPTION, PARENT_ENTITY_GROUP_TYPE, REF_STATUS_CODE, CREATION_USR, CREATION_APP, CREATION_TS, LST_MOD_USR, LST_MOD_APP, LST_MOD_CHG_CD, LST_MOD_TS) VALUES ('', '', '', '', 'ACTIVE', 'REFMATICA', 'REFMATICA', current_timestamp, 'REFMATICA', 'REFMATICA', 'I', current_timestamp);




-- Entity Data Resouce Type Reference Table

CREATE TABLE REFMATICA_ENTITY_DATA_RESOURCE_TYPE_REF(DAT_RES_TYPE VARCHAR(32) NOT NULL, DAT_RES_TYPE_NAME VARCHAR(126) NOT NULL, DAT_RES_TYPE_DESCRIPTION VARCHAR(1024) NOT NULL, PARENT_DAT_RES_TYPE VARCHAR(32) NOT NULL, REF_STATUS_CODE VARCHAR(32) NOT NULL, CREATION_USR VARCHAR(32) NOT NULL, CREATION_APP VARCHAR(64) NOT NULL, CREATION_TS TIMESTAMP WITH TIME ZONE NOT NULL, LST_MOD_USR VARCHAR(32) NOT NULL, LST_MOD_APP VARCHAR(64) NOT NULL, LST_MOD_CHG_CD CHAR(1) NOT NULL, LST_MOD_TS TIMESTAMP WITH TIME ZONE NOT NULL, CONSTRAINT PK_DRTYR_DRTY PRIMARY KEY(DAT_RES_TYPE), CONSTRAINT FK_DRTYR_PDRTY FOREIGN KEY(PARENT_DAT_RES_TYPE) REFERENCES REFMATICA_ENTITY_DATA_RESOURCE_TYPE_REF(DAT_RES_TYPE), CONSTRAINT FK_DRTYR_RSCD FOREIGN KEY(REF_STATUS_CODE) REFERENCES REFMATICA_REF_STATUS_CODE_REF(REF_STATUS_CODE), CONSTRAINT CK_DRTYR_LMCC CHECK(LST_MOD_CHG_CD IN ('I', 'U', 'D')));

--INSERT INTO REFMATICA_ENTITY_DATA_RESOURCE_TYPE_REF(DAT_RES_TYPE, DAT_RES_TYPE_NAME, DAT_RES_TYPE_DESCRIPTION, PARENT_DAT_RES_TYPE, REF_STATUS_CODE, CREATION_USR, CREATION_APP, CREATION_TS, LST_MOD_USR, LST_MOD_APP, LST_MOD_CHG_CD, LST_MOD_TS) VALUES ('', '', '', '', 'ACTIVE', 'REFMATICA', 'REFMATICA', current_timestamp, 'REFMATICA', 'REFMATICA', 'I', current_timestamp);



-- Entity Location Type Reference Table

CREATE TABLE REFMATICA_ENTITY_LOCATION_TYPE_REF(LOC_TYPE VARCHAR(32) NOT NULL, LOC_TYPE_NAME VARCHAR(126) NOT NULL, LOC_TYPE_DESCRIPTION VARCHAR(1024) NOT NULL, PARENT_LOC_TYPE VARCHAR(32) NOT NULL, REF_STATUS_CODE VARCHAR(32) NOT NULL, CREATION_USR VARCHAR(32) NOT NULL, CREATION_APP VARCHAR(64) NOT NULL, CREATION_TS TIMESTAMP WITH TIME ZONE NOT NULL, LST_MOD_USR VARCHAR(32) NOT NULL, LST_MOD_APP VARCHAR(64) NOT NULL, LST_MOD_CHG_CD CHAR(1) NOT NULL, LST_MOD_TS TIMESTAMP WITH TIME ZONE NOT NULL, CONSTRAINT PK_LOCTYR_LOCTY PRIMARY KEY(LOC_TYPE), CONSTRAINT FK_LOCTYR_PLOCTY FOREIGN KEY(PARENT_LOC_TYPE) REFERENCES REFMATICA_ENTITY_LOCATION_TYPE_REF(LOC_TYPE), CONSTRAINT FK_LOCTYR_RSCD FOREIGN KEY(REF_STATUS_CODE) REFERENCES REFMATICA_REF_STATUS_CODE_REF(REF_STATUS_CODE), CONSTRAINT CK_LOCTYR_LMCC CHECK(LST_MOD_CHG_CD IN ('I', 'U', 'D')));

--INSERT INTO REFMATICA_ENTITY_LOCATION_TYPE_REF(LOC_TYPE, LOC_TYPE_NAME, LOC_TYPE_DESCRIPTION, PARENT_LOC_TYPE, REF_STATUS_CODE, CREATION_USR, CREATION_APP, CREATION_TS, LST_MOD_USR, LST_MOD_APP, LST_MOD_CHG_CD, LST_MOD_TS) VALUES ('', '', '', '', 'ACTIVE', 'REFMATICA', 'REFMATICA', current_timestamp, 'REFMATICA', 'REFMATICA', 'I', current_timestamp);



-- Address Type Reference Table

CREATE TABLE REFMATICA_ENTITY_ADDRESS_TYPE_REF(ADDR_TYPE VARCHAR(32) NOT NULL, ADDR_TYPE_NAME VARCHAR(128) NOT NULL, ADDR_TYPE_DESCRIPTION VARCHAR(1024) NOT NULL, PARENT_ADDR_TYPE VARCHAR(32) NOT NULL, REF_STATUS_CODE VARCHAR(32) NOT NULL, CREATION_USR VARCHAR(32) NOT NULL, CREATION_APP VARCHAR(64) NOT NULL, CREATION_TS TIMESTAMP WITH TIME ZONE NOT NULL, LST_MOD_USR VARCHAR(32) NOT NULL, LST_MOD_APP VARCHAR(64) NOT NULL, LST_MOD_CHG_CD CHAR(1) NOT NULL, LST_MOD_TS TIMESTAMP WITH TIME ZONE NOT NULL, CONSTRAINT PK_ADDRTYR_ADDRTY PRIMARY KEY(ADDR_TYPE), CONSTRAINT FK_ADDRTYR_PADDRTY FOREIGN KEY(PARENT_ADDR_TYPE) REFERENCES REFMATICA_ENTITY_ADDRESS_TYPE_REF(ADDR_TYPE), CONSTRAINT FK_ADDRTYR_RSCD FOREIGN KEY(REF_STATUS_CODE) REFERENCES REFMATICA_REF_STATUS_CODE_REF(REF_STATUS_CODE), CONSTRAINT CK_ADDRTYR_LMCC CHECK(LST_MOD_CHG_CD IN ('I', 'U', 'D')));

--INSERT INTO REFMATICA_ENTITY_ADDRESS_TYPE_REF(ADDR_TYPE, ADDR_TYPE_NAME, ADDR_TYPE_DESCRIPTION, PARENT_ADDR_TYPE, REF_STATUS_CODE, CREATION_USR, CREATION_APP, CREATION_TS, LST_MOD_USR, LST_MOD_APP, LST_MOD_CHG_CD, LST_MOD_TS) VALUES ('', '', '', '', 'ACTIVE', 'REFMATICA', 'REFMATICA', current_timestamp, 'REFMATICA', 'REFMATICA', 'I', current_timestamp);



-- Role Reference Table

CREATE TABLE REFMATICA_ROLE_TYPE_REF(ROLE_TYPE VARCHAR(32) NOT NULL, ROLE_NAME VARCHAR(128) NOT NULL, ROLE_DESCRIPTION VARCHAR(1024) NOT NULL, PARENT_ROLE_TYPE VARCHAR(32) NOT NULL, REF_STATUS_CODE VARCHAR(32) NOT NULL, CREATION_USR VARCHAR(32) NOT NULL, CREATION_APP VARCHAR(64) NOT NULL, CREATION_TS TIMESTAMP WITH TIME ZONE NOT NULL, LST_MOD_USR VARCHAR(32) NOT NULL, LST_MOD_APP VARCHAR(64) NOT NULL, LST_MOD_CHG_CD CHAR(1) NOT NULL, LST_MOD_TS TIMESTAMP WITH TIME ZONE NOT NULL, CONSTRAINT PK_ROLTYR_ROLTY PRIMARY KEY(ROLE_TYPE), CONSTRAINT FK_ROLTYR_PROLTY FOREIGN KEY(PARENT_ROLE_TYPE) REFERENCES REFMATICA_ROLE_TYPE_REF(ROLE_TYPE), CONSTRAINT FK_ROLTYR_RSCD FOREIGN KEY(REF_STATUS_CODE) REFERENCES REFMATICA_REF_STATUS_CODE_REF(REF_STATUS_CODE), CONSTRAINT CK_ROLTYR_LMCC CHECK(LST_MOD_CHG_CD IN ('I', 'U', 'D')));

--INSERT INTO REFMATICA_ROLE_TYPE_REF(ROLE_TYPE, ROLE_NAME, ROLE_DESCRIPTION, PARENT_ROLE_TYPE, REF_STATUS_CODE, CREATION_USR, CREATION_APP, CREATION_TS, LST_MOD_USR, LST_MOD_APP, LST_MOD_CHG_CD, LST_MOD_TS) VALUES ('', '', '', '', 'ACTIVE', 'REFMATICA', 'REFMATICA', current_timestamp, 'REFMATICA', 'REFMATICA', 'I', current_timestamp);



-- Organization Type Reference Table

CREATE TABLE REFMATICA_ORGANIZATION_TYPE_REF(ORG_TYPE VARCHAR(32) NOT NULL, ORG_TYPE_NAME VARCHAR(128) NOT NULL, ORG_TYPE_DESCRIPTION VARCHAR(1024) NOT NULL, PARENT_ORG_TYPE VARCHAR(32) NOT NULL, REF_STATUS_CODE VARCHAR(32) NOT NULL, CREATION_USR VARCHAR(32) NOT NULL, CREATION_APP VARCHAR(64) NOT NULL, CREATION_TS TIMESTAMP WITH TIME ZONE NOT NULL, LST_MOD_USR VARCHAR(32) NOT NULL, LST_MOD_APP VARCHAR(64) NOT NULL, LST_MOD_CHG_CD CHAR(1) NOT NULL, LST_MOD_TS TIMESTAMP WITH TIME ZONE NOT NULL, CONSTRAINT PK_ORGTYR_ORGTY PRIMARY KEY(ORG_TYPE), CONSTRAINT FK_ORGTYR_PORGTY FOREIGN KEY(PARENT_ORG_TYPE) REFERENCES REFMATICA_ORGANIZATION_TYPE_REF(ORG_TYPE), CONSTRAINT FK_ORGTYR_RSCD FOREIGN KEY(REF_STATUS_CODE) REFERENCES REFMATICA_REF_STATUS_CODE_REF(REF_STATUS_CODE), CONSTRAINT CK_ORGTYR_LMCC CHECK(LST_MOD_CHG_CD IN ('I', 'U', 'D')));

--INSERT INTO REFMATICA_ORGANIZATION_TYPE_REF(ORG_TYPE, ORG_TYPE_NAME, ORG_TYPE_DESCRIPTION, PARENT_ORG_TYPE, REF_STATUS_CODE, CREATION_USR, CREATION_APP, CREATION_TS, LST_MOD_USR, LST_MOD_APP, LST_MOD_CHG_CD, LST_MOD_TS) VALUES ('', '', '', '', 'ACTIVE', 'REFMATICA', 'REFMATICA', current_timestamp, 'REFMATICA', 'REFMATICA', 'I', current_timestamp);



-- User Type Reference Table

CREATE TABLE REFMATICA_USER_TYPE_REF(USER_TYPE VARCHAR(32) NOT NULL, USER_TYPE_NAME VARCHAR(128) NOT NULL, USER_TYPE_DESCRIPTION VARCHAR(1024) NOT NULL, PARENT_USER_TYPE VARCHAR(32) NOT NULL, REF_STATUS_CODE VARCHAR(32) NOT NULL, CREATION_USR VARCHAR(32) NOT NULL, CREATION_APP VARCHAR(64) NOT NULL, CREATION_TS TIMESTAMP WITH TIME ZONE NOT NULL, LST_MOD_USR VARCHAR(32) NOT NULL, LST_MOD_APP VARCHAR(64) NOT NULL, LST_MOD_CHG_CD CHAR(1) NOT NULL, LST_MOD_TS TIMESTAMP WITH TIME ZONE NOT NULL, CONSTRAINT PK_USRTYR_USRTY PRIMARY KEY(USER_TYPE), CONSTRAINT FK_USRTYR_PUSRTY FOREIGN KEY(PARENT_USER_TYPE) REFERENCES REFMATICA_USER_TYPE_REF(USER_TYPE), CONSTRAINT FK_USRTYR_RSCD FOREIGN KEY(REF_STATUS_CODE) REFERENCES REFMATICA_REF_STATUS_CODE_REF(REF_STATUS_CODE), CONSTRAINT CK_USRTYR_LMCC CHECK(LST_MOD_CHG_CD IN ('I', 'U', 'D')));

--INSERT INTO REFMATICA_USER_TYPE_REF(USER_TYPE, USER_TYPE_NAME, USER_TYPE_DESCRIPTION, PARENT_USER_TYPE, REF_STATUS_CODE, CREATION_USR, CREATION_APP, CREATION_TS, LST_MOD_USR, LST_MOD_APP, LST_MOD_CHG_CD, LST_MOD_TS) VALUES ('', '', '', '', 'ACTIVE', 'REFMATICA', 'REFMATICA', current_timestamp, 'REFMATICA', 'REFMATICA', 'I', current_timestamp);



-- End System Reference Code Tables ----------------------------------------->



-- Begin Core Catalog Metadata (Meta Model) Tables -------------------------->


-- Begin Base Entity Tables ------------------------->

-- Main (Base) Metadata Entity Table

CREATE TABLE REFMATICA_ENTITY(ENTITY_ID BIGINT NOT NULL, CATALOG_STRUCTURE_TYPE VARCHAR(32) NOT NULL, ENTITY_TYPE VARCHAR(32) NOT NULL, UNIQUE_CATALOG_ENTITY_NAME VARCHAR(255) NOT NULL, ENTITY_STATUS_CODE VARCHAR(32) NOT NULL, CREATION_USR VARCHAR(32) NOT NULL, CREATION_APP VARCHAR(64) NOT NULL, CREATION_TS TIMESTAMP WITH TIME ZONE NOT NULL, LST_MOD_USR VARCHAR(32) NOT NULL, LST_MOD_APP VARCHAR(64) NOT NULL, LST_MOD_CHG_CD CHAR(1) NOT NULL, LST_MOD_TS TIMESTAMP WITH TIME ZONE NOT NULL, CONSTRAINT PK_ENT_EID PRIMARY KEY(ENTITY_ID), CONSTRAINT FK_ENT_ESCD FOREIGN KEY(ENTITY_STATUS_CODE) REFERENCES REFMATICA_ENTITY_STATUS_CODE_REF(ENTITY_STATUS_CODE), CONSTRAINT FK_ENT_CATSTRUCTY FOREIGN KEY(CATALOG_STRUCTURE_TYPE) REFERENCES REFMATICA_CATALOG_STRUCTURE_TYPE_REF(CATALOG_STRUCTURE_TYPE), CONSTRAINT FK_ENT_ETY FOREIGN KEY(ENTITY_TYPE) REFERENCES REFMATICA_ENTITY_TYPE_REF(ENTITY_TYPE), CONSTRAINT CK_ENT_LMCC CHECK(LST_MOD_CHG_CD IN ('I', 'U', 'D')));

--INSERT INTO (ENTITY_ID, CATALOG_STRUCTURE_TYPE, ENTITY_TYPE, UNIQUE_CATALOG_ENTITY_NAME, ENTITY_STATUS_CODE, CREATION_USR, CREATION_APP, CREATION_TS, LST_MOD_USR, LST_MOD_APP, LST_MOD_CHG_CD, LST_MOD_TS) VALUES ('', '', '', '', '', 'ACTIVE', 'REFMATICA', 'REFMATICA', current_timestamp, 'REFMATICA', 'REFMATICA', 'I', current_timestamp);


-- End Base Entity Tables --------------------------->




-- Begin Version Management Tables ------------>

-- Entity Versions (Internal System Assigned Version / Auto Version / Timeseries) Table

CREATE TABLE REFMATICA_ENTITY_VERSIONS(ENTITY_VERSION_ID BIGINT NOT NULL, ENTITY_ID BIGINT NOT NULL, ENTITY_VERSION_STATUS_CODE VARCHAR(32) NOT NULL, CREATION_USR VARCHAR(32) NOT NULL, CREATION_APP VARCHAR(64) NOT NULL, CREATION_TS TIMESTAMP WITH TIME ZONE NOT NULL, LST_MOD_USR VARCHAR(32) NOT NULL, LST_MOD_APP VARCHAR(64) NOT NULL, LST_MOD_CHG_CD CHAR(1) NOT NULL, LST_MOD_TS TIMESTAMP WITH TIME ZONE NOT NULL, CONSTRAINT PK_ENTVERS_EVID PRIMARY KEY(ENTITY_VERSION_ID), CONSTRAINT FK_ENTVERS_EID FOREIGN KEY(ENTITY_ID) REFERENCES REFMATICA_ENTITY(ENTITY_ID), CONSTRAINT FK_ENTVERS_EVSCD FOREIGN KEY(ENTITY_VERSION_STATUS_CODE) REFERENCES REFMATICA_ENTITY_VERSION_STATUS_CODE_REF(ENTITY_VERSION_STATUS_CODE), CONSTRAINT CK_ENTVERS_LMCC CHECK(LST_MOD_CHG_CD IN ('I', 'U', 'D')));

--INSERT INTO (ENTITY_VERSION_ID, ENTITY_ID, ENTITY_VERSION_STATUS_CODE, CREATION_USR, CREATION_APP, CREATION_TS, LST_MOD_USR, LST_MOD_APP, LST_MOD_CHG_CD, LST_MOD_TS) VALUES ('', '', '', 'ACTIVE', 'REFMATICA', 'REFMATICA', current_timestamp, 'REFMATICA', 'REFMATICA', 'I', current_timestamp);



-- User Specified Release Version Table

CREATE TABLE REFMATICA_RELEASE_VERSIONS(RELEASE_VERSION_ID BIGINT NOT NULL, RELEASE_VERSION_STR VARCHAR(32) NOT NULL, RELEASE_VERSION_MAJOR INT NOT NULL, RELEASE_VERSION_MINOR INT NOT NULL, RELEASE_VERSION_NAME VARCHAR(64) NOT NULL, RELEASE_VERSION_DESCRIPTION VARCHAR(1024) NOT NULL, RELEASE_VERSION_STATUS_CODE VARCHAR(32) NOT NULL, CREATION_USR VARCHAR(32) NOT NULL, CREATION_APP VARCHAR(64) NOT NULL, CREATION_TS TIMESTAMP WITH TIME ZONE NOT NULL, LST_MOD_USR VARCHAR(32) NOT NULL, LST_MOD_APP VARCHAR(64) NOT NULL, LST_MOD_CHG_CD CHAR(1) NOT NULL, LST_MOD_TS TIMESTAMP WITH TIME ZONE NOT NULL, CONSTRAINT PK_RESVERS_RVID PRIMARY KEY(RELEASE_VERSION_ID), CONSTRAINT FK_RESVERS_RVSCD FOREIGN KEY(RELEASE_VERSION_STATUS_CODE) REFERENCES REFMATICA_RELEASE_VERSION_STATUS_CODE_REF(RELEASE_VERSION_STATUS_CODE), CONSTRAINT CK_RESVERS_LMCC CHECK(LST_MOD_CHG_CD IN ('I', 'U', 'D')));

--INSERT INTO (RELEASE_VERSION_ID, RELEASE_VERSION_STR, RELEASE_VERSION_MAJOR, RELEASE_VERSION_MINOR, RELEASE_VERSION_NAME, RELEASE_VERSION_DESCRIPTION, RELEASE_VERSION_STATUS_CODE, CREATION_USR, CREATION_APP, CREATION_TS, LST_MOD_USR, LST_MOD_APP, LST_MOD_CHG_CD, LST_MOD_TS) VALUES ('', '', '', '', '', '', '', 'REFMATICA', 'REFMATICA', current_timestamp, 'REFMATICA', 'REFMATICA', 'I', current_timestamp);



-- Relationship Table between Release Version to Internal Versions

CREATE TABLE REFMATICA_RELEASE_VERSION_ENTITY_REL(RELEASE_VERSION_ID BIGINT NOT NULL, ENTITY_VERSION_ID BIGINT NOT NULL, RELEASE_VERSION_ENTITY_REL_TYPE VARCHAR(32) NOT NULL, RELEASE_VERSION_REL_STATUS_CODE VARCHAR(32) NOT NULL, CREATION_USR VARCHAR(32) NOT NULL, CREATION_APP VARCHAR(64) NOT NULL, CREATION_TS TIMESTAMP WITH TIME ZONE NOT NULL, LST_MOD_USR VARCHAR(32) NOT NULL, LST_MOD_APP VARCHAR(64) NOT NULL, LST_MOD_CHG_CD CHAR(1) NOT NULL, LST_MOD_TS TIMESTAMP WITH TIME ZONE NOT NULL, CONSTRAINT PK_RESVERENTREL_RVERTY PRIMARY KEY(RELEASE_VERSION_ID, ENTITY_VERSION_ID, RELEASE_VERSION_ENTITY_REL_TYPE), CONSTRAINT FK_RESVERENTREL_RVID FOREIGN KEY(RELEASE_VERSION_ID) REFERENCES REFMATICA_RELEASE_VERSIONS(RELEASE_VERSION_ID), CONSTRAINT FK_RESVERENTREL_EVID FOREIGN KEY(ENTITY_VERSION_ID) REFERENCES REFMATICA_ENTITY_VERSIONS(ENTITY_VERSION_ID), CONSTRAINT FK_RESVERENTREL_RVERTY FOREIGN KEY(RELEASE_VERSION_ENTITY_REL_TYPE) REFERENCES REFMATICA_RELEASE_VERSION_ENTITY_REL_TYPE_REF(RELEASE_VERSION_ENTITY_REL_TYPE), CONSTRAINT FK_RESVERENTREL_RVERSCD FOREIGN KEY(RELEASE_VERSION_REL_STATUS_CODE) REFERENCES REFMATICA_RELEASE_VERSION_ENTITY_REL_STATUS_CODE_REF(RELEASE_VERSION_REL_STATUS_CODE), CONSTRAINT CK_RESVERENTREL_LMCC CHECK(LST_MOD_CHG_CD IN ('I', 'U', 'D')));

--INSERT INTO (RELEASE_VERSION_ID, ENTITY_VERSION_ID, RELEASE_VERSION_ENTITY_REL_TYPE, RELEASE_VERSION_REL_STATUS_CODE, CREATION_USR, CREATION_APP, CREATION_TS, LST_MOD_USR, LST_MOD_APP, LST_MOD_CHG_CD, LST_MOD_TS) VALUES ('', '', '', '', 'REFMATICA', 'REFMATICA', current_timestamp, 'REFMATICA', 'REFMATICA', 'I', current_timestamp);


-- End Version Management Tables ------------>




-- Begin Organizational Model Tables -------------->


-- Organizational Structure Table

CREATE TABLE REFMATICA_ORGANIZATION(ENTITY_VERSION_ID, ORG_TYPE, ORG_ENTITY_STATUS_CODE VARCHAR(32) NOT NULL, CREATION_USR VARCHAR(32) NOT NULL, CREATION_APP VARCHAR(64) NOT NULL, CREATION_TS TIMESTAMP WITH TIME ZONE NOT NULL, LST_MOD_USR VARCHAR(32) NOT NULL, LST_MOD_APP VARCHAR(64) NOT NULL, LST_MOD_CHG_CD CHAR(1) NOT NULL, LST_MOD_TS TIMESTAMP WITH TIME ZONE NOT NULL);

INSERT INTO (ENTITY_VERSION_ID, ORG_TYPE, ORG_ENTITY_STATUS_CODE, CREATION_USR, CREATION_APP, CREATION_TS, LST_MOD_USR, LST_MOD_APP, LST_MOD_CHG_CD, LST_MOD_TS) VALUES ('', '', '', 'REFMATICA', 'REFMATICA', current_timestamp, 'REFMATICA', 'REFMATICA', 'I', current_timestamp);


-- User Table

CREATE TABLE REFMATICA_USERS(ENTITY_VERSION_ID, USER_TYPE, USER_ENTITY_STATUS_CODE VARCHAR(32) NOT NULL, CREATION_USR VARCHAR(32) NOT NULL, CREATION_APP VARCHAR(64) NOT NULL, CREATION_TS TIMESTAMP WITH TIME ZONE NOT NULL, LST_MOD_USR VARCHAR(32) NOT NULL, LST_MOD_APP VARCHAR(64) NOT NULL, LST_MOD_CHG_CD CHAR(1) NOT NULL, LST_MOD_TS TIMESTAMP WITH TIME ZONE NOT NULL);

INSERT INTO (ENTITY_VERSION_ID, USER_TYPE, USER_ENTITY_STATUS_CODE, CREATION_USR, CREATION_APP, CREATION_TS, LST_MOD_USR, LST_MOD_APP, LST_MOD_CHG_CD, LST_MOD_TS) VALUES ('', '', '', 'REFMATICA', 'REFMATICA', current_timestamp, 'REFMATICA', 'REFMATICA', 'I', current_timestamp);


-- User to Org (with Roles) Relationship Mapping Table

CREATE TABLE REFMATICA_ORG_USERS(ORG_ENTITY_VERSION_ID, USER_ENTITY_VERSION_ID, ROLE_TYPE, USER_INHERIT_ORG_ROLE_IND, ORG_USER_ENTITY_STATUS_CODE VARCHAR(32) NOT NULL, CREATION_USR VARCHAR(32) NOT NULL, CREATION_APP VARCHAR(64) NOT NULL, CREATION_TS TIMESTAMP WITH TIME ZONE NOT NULL, LST_MOD_USR VARCHAR(32) NOT NULL, LST_MOD_APP VARCHAR(64) NOT NULL, LST_MOD_CHG_CD CHAR(1) NOT NULL, LST_MOD_TS TIMESTAMP WITH TIME ZONE NOT NULL);

INSERT INTO (ORG_ENTITY_VERSION_ID, USER_ENTITY_VERSION_ID, ROLE_TYPE, USER_INHERIT_ORG_ROLE_IND, ORG_USER_ENTITY_STATUS_CODE, CREATION_USR, CREATION_APP, CREATION_TS, LST_MOD_USR, LST_MOD_APP, LST_MOD_CHG_CD, LST_MOD_TS) VALUES ('', '', '', 'REFMATICA', 'REFMATICA', current_timestamp, 'REFMATICA', 'REFMATICA', 'I', current_timestamp);


-- Begin Organizational Model Tables -------------->



-- Entity Metadata - Generally attached to a single Entity (Direct Related, Entity-Entity-Rel not needed)

CREATE TABLE REFMATICA_ENTITY_NAMES(ENTITY_VERSION_ID, ENTITY_NAME_TYPE, ENTITY_NAME_VALUE, NAME_ENTITY_VERSION_ID, ENTITY_DATA_STATUS_CODE, CREATION_USR VARCHAR(32) NOT NULL, CREATION_APP VARCHAR(64) NOT NULL, CREATION_TS TIMESTAMP WITH TIME ZONE NOT NULL, LST_MOD_USR VARCHAR(32) NOT NULL, LST_MOD_APP VARCHAR(64) NOT NULL, LST_MOD_CHG_CD CHAR(1) NOT NULL, LST_MOD_TS TIMESTAMP WITH TIME ZONE NOT NULL);

INSERT INTO (, CREATION_USR, CREATION_APP, CREATION_TS, LST_MOD_USR, LST_MOD_APP, LST_MOD_CHG_CD, LST_MOD_TS) VALUES ('', '', '', 'REFMATICA', 'REFMATICA', current_timestamp, 'REFMATICA', 'REFMATICA', 'I', current_timestamp);



CREATE TABLE REFMATICA_ENTITY_ENVIRONMENTS(ENTITY_VERSION_ID, ENVIRONMENT_CODE, ENV_ENTITY_VERSION_ID, ENTITY_DATA_STATUS_CODE, CREATION_USR VARCHAR(32) NOT NULL, CREATION_APP VARCHAR(64) NOT NULL, CREATION_TS TIMESTAMP WITH TIME ZONE NOT NULL, LST_MOD_USR VARCHAR(32) NOT NULL, LST_MOD_APP VARCHAR(64) NOT NULL, LST_MOD_CHG_CD CHAR(1) NOT NULL, LST_MOD_TS TIMESTAMP WITH TIME ZONE NOT NULL);

INSERT INTO (, CREATION_USR, CREATION_APP, CREATION_TS, LST_MOD_USR, LST_MOD_APP, LST_MOD_CHG_CD, LST_MOD_TS) VALUES ('', '', '', 'REFMATICA', 'REFMATICA', current_timestamp, 'REFMATICA', 'REFMATICA', 'I', current_timestamp);


CREATE TABLE REFMATICA_ENTITY_DATA_NAMESPACES(ENTITY_VERSION_ID, DATA_NAMESPACE_CODE, ENV_ENTITY_VERSION_ID, ENTITY_DATA_STATUS_CODE, CREATION_USR VARCHAR(32) NOT NULL, CREATION_APP VARCHAR(64) NOT NULL, CREATION_TS TIMESTAMP WITH TIME ZONE NOT NULL, LST_MOD_USR VARCHAR(32) NOT NULL, LST_MOD_APP VARCHAR(64) NOT NULL, LST_MOD_CHG_CD CHAR(1) NOT NULL, LST_MOD_TS TIMESTAMP WITH TIME ZONE NOT NULL);

INSERT INTO (, CREATION_USR, CREATION_APP, CREATION_TS, LST_MOD_USR, LST_MOD_APP, LST_MOD_CHG_CD, LST_MOD_TS) VALUES ('', '', '', 'REFMATICA', 'REFMATICA', current_timestamp, 'REFMATICA', 'REFMATICA', 'I', current_timestamp);



CREATE TABLE REFMATICA_ENTITY_TAGS(ENTITY_VERSION_ID, TAG_TYPE, TAG_NAME, TAG_VALUE, TAG_INDEX, TAG_LEVEL, TAG_ENTITY_VERSION_ID, ENTITY_DATA_STATUS_CODE, CREATION_USR VARCHAR(32) NOT NULL, CREATION_APP VARCHAR(64) NOT NULL, CREATION_TS TIMESTAMP WITH TIME ZONE NOT NULL, LST_MOD_USR VARCHAR(32) NOT NULL, LST_MOD_APP VARCHAR(64) NOT NULL, LST_MOD_CHG_CD CHAR(1) NOT NULL, LST_MOD_TS TIMESTAMP WITH TIME ZONE NOT NULL);

INSERT INTO (, CREATION_USR, CREATION_APP, CREATION_TS, LST_MOD_USR, LST_MOD_APP, LST_MOD_CHG_CD, LST_MOD_TS) VALUES ('', '', '', 'REFMATICA', 'REFMATICA', current_timestamp, 'REFMATICA', 'REFMATICA', 'I', current_timestamp);



CREATE TABLE REFMATICA_ENTITY_XREF(ENTITY_VERSION_ID, ENTITY_XREF_TYPE, ENTITY_XREF_VALUE, XREF_ENTITY_VERSION_ID, ENTITY_DATA_STATUS_CODE, CREATION_USR VARCHAR(32) NOT NULL, CREATION_APP VARCHAR(64) NOT NULL, CREATION_TS TIMESTAMP WITH TIME ZONE NOT NULL, LST_MOD_USR VARCHAR(32) NOT NULL, LST_MOD_APP VARCHAR(64) NOT NULL, LST_MOD_CHG_CD CHAR(1) NOT NULL, LST_MOD_TS TIMESTAMP WITH TIME ZONE NOT NULL);

INSERT INTO (, CREATION_USR, CREATION_APP, CREATION_TS, LST_MOD_USR, LST_MOD_APP, LST_MOD_CHG_CD, LST_MOD_TS) VALUES ('', '', '', 'REFMATICA', 'REFMATICA', current_timestamp, 'REFMATICA', 'REFMATICA', 'I', current_timestamp);



CREATE TABLE REFMATICA_ENTITY_PROPERTIES(ENTITY_VERSION_ID, PROP_SET_NAME, PROP_NAME, PROP_VALUE, PROP_ARR_INDEX, IS_PROP_ARRAY, PROP_ENTITY_VERSION_ID, ENTITY_DATA_STATUS_CODE, CREATION_USR VARCHAR(32) NOT NULL, CREATION_APP VARCHAR(64) NOT NULL, CREATION_TS TIMESTAMP WITH TIME ZONE NOT NULL, LST_MOD_USR VARCHAR(32) NOT NULL, LST_MOD_APP VARCHAR(64) NOT NULL, LST_MOD_CHG_CD CHAR(1) NOT NULL, LST_MOD_TS TIMESTAMP WITH TIME ZONE NOT NULL);

INSERT INTO (, CREATION_USR, CREATION_APP, CREATION_TS, LST_MOD_USR, LST_MOD_APP, LST_MOD_CHG_CD, LST_MOD_TS) VALUES ('', '', '', 'REFMATICA', 'REFMATICA', current_timestamp, 'REFMATICA', 'REFMATICA', 'I', current_timestamp);



CREATE TABLE REFMATICA_ENTITY_ANNOTATIONS(ENTITY_VERSION_ID, ANNOTATION_NAME, ANNOTATION_INDEX, ANNOTATION_PARAM_NAME, ANNOTATION_PARAM_VALUE, ANNOTATION_PARAM_VALUE_INDEX, ANNOTATION_ENTITY_VERSION_ID, ENTITY_DATA_STATUS_CODE, CREATION_USR VARCHAR(32) NOT NULL, CREATION_APP VARCHAR(64) NOT NULL, CREATION_TS TIMESTAMP WITH TIME ZONE NOT NULL, LST_MOD_USR VARCHAR(32) NOT NULL, LST_MOD_APP VARCHAR(64) NOT NULL, LST_MOD_CHG_CD CHAR(1) NOT NULL, LST_MOD_TS TIMESTAMP WITH TIME ZONE NOT NULL);

INSERT INTO (, CREATION_USR, CREATION_APP, CREATION_TS, LST_MOD_USR, LST_MOD_APP, LST_MOD_CHG_CD, LST_MOD_TS) VALUES ('', '', '', 'REFMATICA', 'REFMATICA', current_timestamp, 'REFMATICA', 'REFMATICA', 'I', current_timestamp);



CREATE TABLE REFMATICA_ENTITY_LINKS(ENTITY_VERSION_ID, LINK_URL, LINK_TEXT, LINK_TOOLTIP, LINK_DESCRIPTION, LINK_ORDER_INDEX, LINK_GROUP_NAME, LINK_GROUP_INDEX, LINK_ENTITY_VERSION_ID, ENTITY_DATA_STATUS_CODE, CREATION_USR VARCHAR(32) NOT NULL, CREATION_APP VARCHAR(64) NOT NULL, CREATION_TS TIMESTAMP WITH TIME ZONE NOT NULL, LST_MOD_USR VARCHAR(32) NOT NULL, LST_MOD_APP VARCHAR(64) NOT NULL, LST_MOD_CHG_CD CHAR(1) NOT NULL, LST_MOD_TS TIMESTAMP WITH TIME ZONE NOT NULL);

INSERT INTO (, CREATION_USR, CREATION_APP, CREATION_TS, LST_MOD_USR, LST_MOD_APP, LST_MOD_CHG_CD, LST_MOD_TS) VALUES ('', '', '', 'REFMATICA', 'REFMATICA', current_timestamp, 'REFMATICA', 'REFMATICA', 'I', current_timestamp);



CREATE TABLE REFMATICA_ENTITY_COMMENTS(ENTITY_VERSION_ID, COMMENT_TYPE, COMMENT_TITLE, COMMENT_SUBJECT, COMMENT_REASON, COMMENT_TEXT, COMMENTER, COMMENT_ENTITY_VERSION_ID, ENTITY_DATA_STATUS_CODE, CREATION_USR VARCHAR(32) NOT NULL, CREATION_APP VARCHAR(64) NOT NULL, CREATION_TS TIMESTAMP WITH TIME ZONE NOT NULL, LST_MOD_USR VARCHAR(32) NOT NULL, LST_MOD_APP VARCHAR(64) NOT NULL, LST_MOD_CHG_CD CHAR(1) NOT NULL, LST_MOD_TS TIMESTAMP WITH TIME ZONE NOT NULL);

INSERT INTO (, CREATION_USR, CREATION_APP, CREATION_TS, LST_MOD_USR, LST_MOD_APP, LST_MOD_CHG_CD, LST_MOD_TS) VALUES ('', '', '', 'REFMATICA', 'REFMATICA', current_timestamp, 'REFMATICA', 'REFMATICA', 'I', current_timestamp);



CREATE TABLE REFMATICA_ENTITY_ACTIONS_AUDIT(ENTITY_VERSION_ID, ACTION_TYPE, ACTION_SUBJECT, ACTION_REASON, ACTION_NOTES, ACTION_USER, ACTION_TAKEN, IS_WORKFLOW, WORKFLOW_PROCESS_ID, WORKFLOW_STEP_ID, WORKFLOW_PROCESS_NAME, WORKFLOW_STEP_NAME, WORKFLOW_PROCESS_INFO, WORKFLOW_STEP_INFO, ACTION_TS, ACTION_AUDIT_ENTITY_VERSION_ID, ENTITY_DATA_STATUS_CODE, CREATION_USR VARCHAR(32) NOT NULL, CREATION_APP VARCHAR(64) NOT NULL, CREATION_TS TIMESTAMP WITH TIME ZONE NOT NULL, LST_MOD_USR VARCHAR(32) NOT NULL, LST_MOD_APP VARCHAR(64) NOT NULL, LST_MOD_CHG_CD CHAR(1) NOT NULL, LST_MOD_TS TIMESTAMP WITH TIME ZONE NOT NULL);

INSERT INTO (, CREATION_USR, CREATION_APP, CREATION_TS, LST_MOD_USR, LST_MOD_APP, LST_MOD_CHG_CD, LST_MOD_TS) VALUES ('', '', '', 'REFMATICA', 'REFMATICA', current_timestamp, 'REFMATICA', 'REFMATICA', 'I', current_timestamp);



CREATE TABLE REFMATICA_ENTITY_DATA_TYPE_INFO(ENTITY_VERSION_ID, DATA_TYPE_CODE, DATA_TYPE_INFO_ENTITY_VERSION_ID, ENTITY_DATA_STATUS_CODE, CREATION_USR VARCHAR(32) NOT NULL, CREATION_APP VARCHAR(64) NOT NULL, CREATION_TS TIMESTAMP WITH TIME ZONE NOT NULL, LST_MOD_USR VARCHAR(32) NOT NULL, LST_MOD_APP VARCHAR(64) NOT NULL, LST_MOD_CHG_CD CHAR(1) NOT NULL, LST_MOD_TS TIMESTAMP WITH TIME ZONE NOT NULL);

INSERT INTO (, CREATION_USR, CREATION_APP, CREATION_TS, LST_MOD_USR, LST_MOD_APP, LST_MOD_CHG_CD, LST_MOD_TS) VALUES ('', '', '', 'REFMATICA', 'REFMATICA', current_timestamp, 'REFMATICA', 'REFMATICA', 'I', current_timestamp);



CREATE TABLE REFMATICA_ENTITY_KEYS(ENTITY_VERSION_ID, KEY_TYPE_CODE, KEY_NAME, KEY_SYS_ID, KEY_IS_COMPOSITE, KEY_ORDER_INDEX, KEY_FIELD_ORDER_INDEX, KEY_FIELD_ENTITY_VERSION_ID, KEY_ENTITY_VERSION_ID, ENTITY_DATA_STATUS_CODE, CREATION_USR VARCHAR(32) NOT NULL, CREATION_APP VARCHAR(64) NOT NULL, CREATION_TS TIMESTAMP WITH TIME ZONE NOT NULL, LST_MOD_USR VARCHAR(32) NOT NULL, LST_MOD_APP VARCHAR(64) NOT NULL, LST_MOD_CHG_CD CHAR(1) NOT NULL, LST_MOD_TS TIMESTAMP WITH TIME ZONE NOT NULL);

INSERT INTO (, CREATION_USR, CREATION_APP, CREATION_TS, LST_MOD_USR, LST_MOD_APP, LST_MOD_CHG_CD, LST_MOD_TS) VALUES ('', '', '', 'REFMATICA', 'REFMATICA', current_timestamp, 'REFMATICA', 'REFMATICA', 'I', current_timestamp);



CREATE TABLE REFMATICA_ENTITY_INDEXES(ENTITY_VERSION_ID, INDEX_TYPE_CODE, INDEX_NAME, INDEX_IS_COMPOSITE, INDEX_ORDER_INDEX, INDEX_FIELD_ENTITY_VERSION_ID, INDEX_ENTITY_VERSION_ID, ENTITY_DATA_STATUS_CODE, CREATION_USR VARCHAR(32) NOT NULL, CREATION_APP VARCHAR(64) NOT NULL, CREATION_TS TIMESTAMP WITH TIME ZONE NOT NULL, LST_MOD_USR VARCHAR(32) NOT NULL, LST_MOD_APP VARCHAR(64) NOT NULL, LST_MOD_CHG_CD CHAR(1) NOT NULL, LST_MOD_TS TIMESTAMP WITH TIME ZONE NOT NULL);

INSERT INTO (, CREATION_USR, CREATION_APP, CREATION_TS, LST_MOD_USR, LST_MOD_APP, LST_MOD_CHG_CD, LST_MOD_TS) VALUES ('', '', '', 'REFMATICA', 'REFMATICA', current_timestamp, 'REFMATICA', 'REFMATICA', 'I', current_timestamp);



CREATE TABLE REFMATICA_ENTITY_CONSTRAINTS(ENTITY_VERSION_ID, CONSTRAINT_TYPE_CODE, CONSTRAINT_NAME, CONSTRAINT_ORDER_INDEX, CONSTRAINT_ENTITY_VERSION_ID, ENTITY_DATA_STATUS_CODE, CREATION_USR VARCHAR(32) NOT NULL, CREATION_APP VARCHAR(64) NOT NULL, CREATION_TS TIMESTAMP WITH TIME ZONE NOT NULL, LST_MOD_USR VARCHAR(32) NOT NULL, LST_MOD_APP VARCHAR(64) NOT NULL, LST_MOD_CHG_CD CHAR(1) NOT NULL, LST_MOD_TS TIMESTAMP WITH TIME ZONE NOT NULL);

INSERT INTO (, CREATION_USR, CREATION_APP, CREATION_TS, LST_MOD_USR, LST_MOD_APP, LST_MOD_CHG_CD, LST_MOD_TS) VALUES ('', '', '', 'REFMATICA', 'REFMATICA', current_timestamp, 'REFMATICA', 'REFMATICA', 'I', current_timestamp);



CREATE TABLE REFMATICA_ENTITY_CONSTRAINT_PARAMS(CONSTRAINT_ENTITY_VERSION_ID, CONSTRAINT_PARAM_DATA_TYPE_CODE, CONSTRAINT_PARAM_NAME, CONSTRAINT_PARAM_ORDER_INDEX, CONSTRAINT_PARAM_VALUE, CONSTRAINT_PARAM_ENTITY_VERSION_ID, ENTITY_DATA_STATUS_CODE, CREATION_USR VARCHAR(32) NOT NULL, CREATION_APP VARCHAR(64) NOT NULL, CREATION_TS TIMESTAMP WITH TIME ZONE NOT NULL, LST_MOD_USR VARCHAR(32) NOT NULL, LST_MOD_APP VARCHAR(64) NOT NULL, LST_MOD_CHG_CD CHAR(1) NOT NULL, LST_MOD_TS TIMESTAMP WITH TIME ZONE NOT NULL);

INSERT INTO (, CREATION_USR, CREATION_APP, CREATION_TS, LST_MOD_USR, LST_MOD_APP, LST_MOD_CHG_CD, LST_MOD_TS) VALUES ('', '', '', 'REFMATICA', 'REFMATICA', current_timestamp, 'REFMATICA', 'REFMATICA', 'I', current_timestamp);



CREATE TABLE REFMATICA_MULTI_ENTITY_KEYS(THIS_ENTITY_VERSION_ID, OTHER_ENTITY_VERSION_ID, KEY_TYPE_CODE, KEY_NAME, KEY_SYS_ID, KEY_IS_COMPOSITE, KEY_ORDER_INDEX, KEY_FIELDS_ORDER_INDEX, THIS_KEY_FIELD_ENTITY_VERSION_ID, OTHER_KEY_FIELD_ENTITY_VERSION_ID, KEY_MULTI_ENTITY_VERSION_ID, ENTITY_DATA_STATUS_CODE, CREATION_USR VARCHAR(32) NOT NULL, CREATION_APP VARCHAR(64) NOT NULL, CREATION_TS TIMESTAMP WITH TIME ZONE NOT NULL, LST_MOD_USR VARCHAR(32) NOT NULL, LST_MOD_APP VARCHAR(64) NOT NULL, LST_MOD_CHG_CD CHAR(1) NOT NULL, LST_MOD_TS TIMESTAMP WITH TIME ZONE NOT NULL);

INSERT INTO (, CREATION_USR, CREATION_APP, CREATION_TS, LST_MOD_USR, LST_MOD_APP, LST_MOD_CHG_CD, LST_MOD_TS) VALUES ('', '', '', 'REFMATICA', 'REFMATICA', current_timestamp, 'REFMATICA', 'REFMATICA', 'I', current_timestamp);



CREATE TABLE REFMATICA_ENTITY_ROLES(ENTITY_VERSION_ID, ROLE_TYPE, ENTITY_ROLE_VERSION_ID, ENTITY_DATA_STATUS_CODE, CREATION_USR VARCHAR(32) NOT NULL, CREATION_APP VARCHAR(64) NOT NULL, CREATION_TS TIMESTAMP WITH TIME ZONE NOT NULL, LST_MOD_USR VARCHAR(32) NOT NULL, LST_MOD_APP VARCHAR(64) NOT NULL, LST_MOD_CHG_CD CHAR(1) NOT NULL, LST_MOD_TS TIMESTAMP WITH TIME ZONE NOT NULL);

INSERT INTO (, CREATION_USR, CREATION_APP, CREATION_TS, LST_MOD_USR, LST_MOD_APP, LST_MOD_CHG_CD, LST_MOD_TS) VALUES ('', '', '', 'REFMATICA', 'REFMATICA', current_timestamp, 'REFMATICA', 'REFMATICA', 'I', current_timestamp);




-- Entity Metadata - Can be attached to one or more Entities (Not directly Related, Entity-Entity-Rel Required)

CREATE TABLE REFMATICA_ENTITY_GROUP(GROUP_ENTITY_VERSION_ID, ENTITY_GROUP_TYPE, ENTITY_GROUP_TYPE_NAME, ENTITY_GROUP_DESCRIPTION, ENTITY_DATA_STATUS_CODE, CREATION_USR VARCHAR(32) NOT NULL, CREATION_APP VARCHAR(64) NOT NULL, CREATION_TS TIMESTAMP WITH TIME ZONE NOT NULL, LST_MOD_USR VARCHAR(32) NOT NULL, LST_MOD_APP VARCHAR(64) NOT NULL, LST_MOD_CHG_CD CHAR(1) NOT NULL, LST_MOD_TS TIMESTAMP WITH TIME ZONE NOT NULL);

INSERT INTO (, CREATION_USR, CREATION_APP, CREATION_TS, LST_MOD_USR, LST_MOD_APP, LST_MOD_CHG_CD, LST_MOD_TS) VALUES ('', '', '', 'REFMATICA', 'REFMATICA', current_timestamp, 'REFMATICA', 'REFMATICA', 'I', current_timestamp);



CREATE TABLE REFMATICA_ENTITY_DOCUMENTATION(DOC_ENTITY_VERSION_ID, DOC_TYPE, DOC_NAME, DOC_TITLE, DOC_SUBJECT, DOC_AUTHOR, DOC_SUMMARY, DOC_FULL_TEXT, ENTITY_DATA_STATUS_CODE, CREATION_USR VARCHAR(32) NOT NULL, CREATION_APP VARCHAR(64) NOT NULL, CREATION_TS TIMESTAMP WITH TIME ZONE NOT NULL, LST_MOD_USR VARCHAR(32) NOT NULL, LST_MOD_APP VARCHAR(64) NOT NULL, LST_MOD_CHG_CD CHAR(1) NOT NULL, LST_MOD_TS TIMESTAMP WITH TIME ZONE NOT NULL);

INSERT INTO (, CREATION_USR, CREATION_APP, CREATION_TS, LST_MOD_USR, LST_MOD_APP, LST_MOD_CHG_CD, LST_MOD_TS) VALUES ('', '', '', 'REFMATICA', 'REFMATICA', current_timestamp, 'REFMATICA', 'REFMATICA', 'I', current_timestamp);



CREATE TABLE REFMATICA_ENTITY_LOGIC(LOGIC_ENTITY_VERSION_ID, LOGIC_TYPE, LOGIC_NAME, LOGIC_DESCRIPTION, LOGIC_DECLARATION, LOGIC_DEFINITION, ENTITY_DATA_STATUS_CODE, CREATION_USR VARCHAR(32) NOT NULL, CREATION_APP VARCHAR(64) NOT NULL, CREATION_TS TIMESTAMP WITH TIME ZONE NOT NULL, LST_MOD_USR VARCHAR(32) NOT NULL, LST_MOD_APP VARCHAR(64) NOT NULL, LST_MOD_CHG_CD CHAR(1) NOT NULL, LST_MOD_TS TIMESTAMP WITH TIME ZONE NOT NULL);

INSERT INTO (, CREATION_USR, CREATION_APP, CREATION_TS, LST_MOD_USR, LST_MOD_APP, LST_MOD_CHG_CD, LST_MOD_TS) VALUES ('', '', '', 'REFMATICA', 'REFMATICA', current_timestamp, 'REFMATICA', 'REFMATICA', 'I', current_timestamp);



CREATE TABLE REFMATICA_ENTITY_LOGIC_PARAMS(LOGIC_ENTITY_VERSION_ID, LOGIC_PARAM_TYPE, LOGIC_PARAM_DATA_TYPE_CODE, LOGIC_PARAM_NAME, LOGIC_PARAM_ORDER_INDEX, LOGIC_PARAM_DEFAULT_VALUE, LOGIC_PARAM_DESCRIPTION, LOGIC_PARAM_ENTITY_VERSION_ID, ENTITY_DATA_STATUS_CODE, CREATION_USR VARCHAR(32) NOT NULL, CREATION_APP VARCHAR(64) NOT NULL, CREATION_TS TIMESTAMP WITH TIME ZONE NOT NULL, LST_MOD_USR VARCHAR(32) NOT NULL, LST_MOD_APP VARCHAR(64) NOT NULL, LST_MOD_CHG_CD CHAR(1) NOT NULL, LST_MOD_TS TIMESTAMP WITH TIME ZONE NOT NULL);

INSERT INTO (, CREATION_USR, CREATION_APP, CREATION_TS, LST_MOD_USR, LST_MOD_APP, LST_MOD_CHG_CD, LST_MOD_TS) VALUES ('', '', '', 'REFMATICA', 'REFMATICA', current_timestamp, 'REFMATICA', 'REFMATICA', 'I', current_timestamp);



CREATE TABLE REFMATICA_ENTITY_OP_FACTS(OP_FACT_ENTITY_VERSION_ID, OP_FACT_TYPE, OP_FACT_NAME, OP_FACT_DESCRIPTION, OP_FACT_VALUE, ENTITY_DATA_STATUS_CODE, CREATION_USR VARCHAR(32) NOT NULL, CREATION_APP VARCHAR(64) NOT NULL, CREATION_TS TIMESTAMP WITH TIME ZONE NOT NULL, LST_MOD_USR VARCHAR(32) NOT NULL, LST_MOD_APP VARCHAR(64) NOT NULL, LST_MOD_CHG_CD CHAR(1) NOT NULL, LST_MOD_TS TIMESTAMP WITH TIME ZONE NOT NULL);

INSERT INTO (, CREATION_USR, CREATION_APP, CREATION_TS, LST_MOD_USR, LST_MOD_APP, LST_MOD_CHG_CD, LST_MOD_TS) VALUES ('', '', '', 'REFMATICA', 'REFMATICA', current_timestamp, 'REFMATICA', 'REFMATICA', 'I', current_timestamp);



CREATE TABLE REFMATICA_ENTITY_OP_FACTS_PARAMS(OP_FACTS_ENTITY_VERSION_ID, OP_FACTS_PARAM_TYPE, OP_FACTS_PARAM_NAME, OP_FACTS_PARAM_VALUE, OP_FACTS_PARAM_ARR_INDEX, OP_FACTS_PARAM_IS_ARRAY, OP_FACTS_PARAM_ENTITY_VERSION_ID, ENTITY_DATA_STATUS_CODE, CREATION_USR VARCHAR(32) NOT NULL, CREATION_APP VARCHAR(64) NOT NULL, CREATION_TS TIMESTAMP WITH TIME ZONE NOT NULL, LST_MOD_USR VARCHAR(32) NOT NULL, LST_MOD_APP VARCHAR(64) NOT NULL, LST_MOD_CHG_CD CHAR(1) NOT NULL, LST_MOD_TS TIMESTAMP WITH TIME ZONE NOT NULL);

INSERT INTO (, CREATION_USR, CREATION_APP, CREATION_TS, LST_MOD_USR, LST_MOD_APP, LST_MOD_CHG_CD, LST_MOD_TS) VALUES ('', '', '', 'REFMATICA', 'REFMATICA', current_timestamp, 'REFMATICA', 'REFMATICA', 'I', current_timestamp);



CREATE TABLE REFMATICA_ENTITY_EXTERN_ARTIFACT(ARTIFACT_ENTITY_VERSION_ID, ARTIFACT_TYPE, ARTIFACT_NAME, ARTIFACT_TITLE, ARTIFACT_SUBJECT, ARTIFACT_AUTHOR, ARTIFACT_DESCRIPTION, ARTIFACT_REASON, ARTIFACT_DATA_RESOURCE_ENTITY_VERSION_ID, ENTITY_DATA_STATUS_CODE, CREATION_USR VARCHAR(32) NOT NULL, CREATION_APP VARCHAR(64) NOT NULL, CREATION_TS TIMESTAMP WITH TIME ZONE NOT NULL, LST_MOD_USR VARCHAR(32) NOT NULL, LST_MOD_APP VARCHAR(64) NOT NULL, LST_MOD_CHG_CD CHAR(1) NOT NULL, LST_MOD_TS TIMESTAMP WITH TIME ZONE NOT NULL);

INSERT INTO (, CREATION_USR, CREATION_APP, CREATION_TS, LST_MOD_USR, LST_MOD_APP, LST_MOD_CHG_CD, LST_MOD_TS) VALUES ('', '', '', 'REFMATICA', 'REFMATICA', current_timestamp, 'REFMATICA', 'REFMATICA', 'I', current_timestamp);



CREATE TABLE REFMATICA_ENTITY_ADDRESS(ADDR_ENTITY_VERSION_ID, ADDR_TYPE, ADDR_NAME, ADDR_LINE_1, ADDR_LINE_2, ADDR_CITY, ADDR_PROVINCE, ADDR_POSTAL_CODE, ADDR_COUNTRY, ADDR_REGION, ADDR_GEO_LATITUDE, ADDR_GEO_LONGITUDE, ENTITY_DATA_STATUS_CODE, CREATION_USR VARCHAR(32) NOT NULL, CREATION_APP VARCHAR(64) NOT NULL, CREATION_TS TIMESTAMP WITH TIME ZONE NOT NULL, LST_MOD_USR VARCHAR(32) NOT NULL, LST_MOD_APP VARCHAR(64) NOT NULL, LST_MOD_CHG_CD CHAR(1) NOT NULL, LST_MOD_TS TIMESTAMP WITH TIME ZONE NOT NULL);

INSERT INTO (, CREATION_USR, CREATION_APP, CREATION_TS, LST_MOD_USR, LST_MOD_APP, LST_MOD_CHG_CD, LST_MOD_TS) VALUES ('', '', '', 'REFMATICA', 'REFMATICA', current_timestamp, 'REFMATICA', 'REFMATICA', 'I', current_timestamp);



CREATE TABLE REFMATICA_ENTITY_PREDEFINED_ORDERING(ORDERING_ENTITY_VERSION_ID, ORDER_TYPE, ORDER_NAME, ORDER_DESCRIPTION, ENTITY_DATA_STATUS_CODE, CREATION_USR VARCHAR(32) NOT NULL, CREATION_APP VARCHAR(64) NOT NULL, CREATION_TS TIMESTAMP WITH TIME ZONE NOT NULL, LST_MOD_USR VARCHAR(32) NOT NULL, LST_MOD_APP VARCHAR(64) NOT NULL, LST_MOD_CHG_CD CHAR(1) NOT NULL, LST_MOD_TS TIMESTAMP WITH TIME ZONE NOT NULL);

INSERT INTO (, CREATION_USR, CREATION_APP, CREATION_TS, LST_MOD_USR, LST_MOD_APP, LST_MOD_CHG_CD, LST_MOD_TS) VALUES ('', '', '', 'REFMATICA', 'REFMATICA', current_timestamp, 'REFMATICA', 'REFMATICA', 'I', current_timestamp);



CREATE TABLE REFMATICA_ENTITY_PREDEFINED_START_POINTS(STARTING_POINT_ENTITY_VERSION_ID, STARTING_POINT_TYPE, STARTING_POINT_NAME, STARTING_POINT_DESCRIPTION, ENTITY_DATA_STATUS_CODE, CREATION_USR VARCHAR(32) NOT NULL, CREATION_APP VARCHAR(64) NOT NULL, CREATION_TS TIMESTAMP WITH TIME ZONE NOT NULL, LST_MOD_USR VARCHAR(32) NOT NULL, LST_MOD_APP VARCHAR(64) NOT NULL, LST_MOD_CHG_CD CHAR(1) NOT NULL, LST_MOD_TS TIMESTAMP WITH TIME ZONE NOT NULL);

INSERT INTO (, CREATION_USR, CREATION_APP, CREATION_TS, LST_MOD_USR, LST_MOD_APP, LST_MOD_CHG_CD, LST_MOD_TS) VALUES ('', '', '', 'REFMATICA', 'REFMATICA', current_timestamp, 'REFMATICA', 'REFMATICA', 'I', current_timestamp);




-- Data Resource Technical Location and Physical Location Info

CREATE TABLE REFMATICA_DATA_PHYSICAL_LOCATION(LOC_ENTITY_VERSION_ID, LOC_TYPE, LOC_NAME, ENVIRONMENT_CODE, LOC_STATUS_CODE, LOC_ORDER_INDEX, ADDR_ENTITY_VERSION_ID, LOC_USAGE, ENTITY_DATA_STATUS_CODE, CREATION_USR VARCHAR(32) NOT NULL, CREATION_APP VARCHAR(64) NOT NULL, CREATION_TS TIMESTAMP WITH TIME ZONE NOT NULL, LST_MOD_USR VARCHAR(32) NOT NULL, LST_MOD_APP VARCHAR(64) NOT NULL, LST_MOD_CHG_CD CHAR(1) NOT NULL, LST_MOD_TS TIMESTAMP WITH TIME ZONE NOT NULL);

INSERT INTO (, CREATION_USR, CREATION_APP, CREATION_TS, LST_MOD_USR, LST_MOD_APP, LST_MOD_CHG_CD, LST_MOD_TS) VALUES ('', '', '', 'REFMATICA', 'REFMATICA', current_timestamp, 'REFMATICA', 'REFMATICA', 'I', current_timestamp);



CREATE TABLE REFMATICA_DATA_RESOURCE(DAT_RES_ENTITY_VERSION_ID, DAT_RES_TYPE, DAT_RES_NAME, DAT_RES_STATUS_CODE, ENTITY_DATA_STATUS_CODE, CREATION_USR VARCHAR(32) NOT NULL, CREATION_APP VARCHAR(64) NOT NULL, CREATION_TS TIMESTAMP WITH TIME ZONE NOT NULL, LST_MOD_USR VARCHAR(32) NOT NULL, LST_MOD_APP VARCHAR(64) NOT NULL, LST_MOD_CHG_CD CHAR(1) NOT NULL, LST_MOD_TS TIMESTAMP WITH TIME ZONE NOT NULL);

INSERT INTO (, CREATION_USR, CREATION_APP, CREATION_TS, LST_MOD_USR, LST_MOD_APP, LST_MOD_CHG_CD, LST_MOD_TS) VALUES ('', '', '', 'REFMATICA', 'REFMATICA', current_timestamp, 'REFMATICA', 'REFMATICA', 'I', current_timestamp);



CREATE TABLE REFMATICA_DATA_RESOURCE_INFO(DAT_RES_ENTITY_VERSION_ID, DAT_RES_HOST, DAT_RES_PORT, DAT_RES_URI, DAT_RES_PATH, DAT_RES_QUERY_STRING, DATA_RES_MACHINE_NAME, DATA_RES_SERVER_NAME, DATA_RES_INSTANCE_NAME, DAT_RES_CONTEXT, DAT_RES_SUBJECT, DAT_RES_OBJECT_NAME, DAT_RES_OBJECT_OWNER, DAT_RES_OBJECT_GROUP_OWNER, DAT_RES_AUTH_CONTEXT, DAT_RES_AUTH_SUBJECT, DAT_RES_AUTH_OBJECT, DAT_RES_AUTH_PRINCIPLE, DAT_RES_AUTH_CREDENTIALS, DAT_RES_AUTH_PROVIDER, DAT_RES_AUTH_ALGO, DAT_RES_SCHEMA, DAT_RES_DATABASE, DAT_RES_COLLECTION, DAT_RES_QUEUE, DAT_RES_TOPIC, DAT_RES_TITLE, DAT_RES_AUTHOR, DAT_RES_OWNER, DAT_RES_GROUP, DAT_RES_FILENAME, DAT_RES_DIRECTORY, DAT_RES_EXT_TYPE, DAT_RES_BYTE_SIZE, DAT_RES_COMMENTS, DAT_RES_PROTOCOL, DAT_RES_ROLE, DAT_RES_SERVICE_PROVIDER, DAT_RES_PROJECT, DAT_RES_DATASET, DAT_RES_SERVICE_NAME, DAT_RES_PROVIDER, DAT_RES_VENDOR, DAT_RES_VER, DAT_RES_SUB_VER, DAT_RES_CONNECTOR_TYPE, DAT_RES_DRIVER, DAT_RES_CLIENT_IMPL, DAT_RES_SERVER_IMPL, DAT_RES_PROXY, DAT_RES_UNIX_PERMISSION_USER, DAT_RES_UNIX_PERMISSION_GROUP, DAT_RES_UNIX_PERMISSION_WORLD, DAT_RES_TBLSP_SPEC, DAT_RES_IDXSP_SPEC, DAT_RES_PARTITION_SPEC, DAT_RES_CACHE_SPEC, DAT_RES_LOGGING_SPEC, DAT_RES_SIZE_SIZE, DAT_RES_FILE_SPEC, DAT_RES_PAGE_SPEC, DAT_RES_BUFFER_SPEC, DAT_RES_LOB_SPEC, DAT_RES_IMPL_SPEC, ENTITY_DATA_STATUS_CODE, CREATION_USR VARCHAR(32) NOT NULL, CREATION_APP VARCHAR(64) NOT NULL, CREATION_TS TIMESTAMP WITH TIME ZONE NOT NULL, LST_MOD_USR VARCHAR(32) NOT NULL, LST_MOD_APP VARCHAR(64) NOT NULL, LST_MOD_CHG_CD CHAR(1) NOT NULL, LST_MOD_TS TIMESTAMP WITH TIME ZONE NOT NULL);

INSERT INTO (, CREATION_USR, CREATION_APP, CREATION_TS, LST_MOD_USR, LST_MOD_APP, LST_MOD_CHG_CD, LST_MOD_TS) VALUES ('', '', '', 'REFMATICA', 'REFMATICA', current_timestamp, 'REFMATICA', 'REFMATICA', 'I', current_timestamp);






-- Relationship Tables

CREATE TABLE REFMATICA_ENTITY_ENTITY_REL(FROM_ENTITY_VERSION_ID, TO_ENTITY_VERSION_ID, ENTITY_REL_TYPE, ENTITY_REL_SUB_TYPE, FROM_ENTITY_CARTINALITY, TO_ENTITY_CARTINALITY, REL_ENTITY_VERSION_ID, ENTITY_REL_STATUS_CODE, CREATION_USR VARCHAR(32) NOT NULL, CREATION_APP VARCHAR(64) NOT NULL, CREATION_TS TIMESTAMP WITH TIME ZONE NOT NULL, LST_MOD_USR VARCHAR(32) NOT NULL, LST_MOD_APP VARCHAR(64) NOT NULL, LST_MOD_CHG_CD CHAR(1) NOT NULL, LST_MOD_TS TIMESTAMP WITH TIME ZONE NOT NULL);

INSERT INTO (, CREATION_USR, CREATION_APP, CREATION_TS, LST_MOD_USR, LST_MOD_APP, LST_MOD_CHG_CD, LST_MOD_TS) VALUES ('', '', '', '', '', '', '', '', 'REFMATICA', 'REFMATICA', current_timestamp, 'REFMATICA', 'REFMATICA', 'I', current_timestamp);



CREATE TABLE REFMATICA_ENTITY_GROUP_REL(GROUP_ENTITY_VERSION_ID, MEMBER_ENTITY_VERSION_ID, MEMBER_ENTITY_INDEX, ENTITY_REL_STATUS_CODE, CREATION_USR VARCHAR(32) NOT NULL, CREATION_APP VARCHAR(64) NOT NULL, CREATION_TS TIMESTAMP WITH TIME ZONE NOT NULL, LST_MOD_USR VARCHAR(32) NOT NULL, LST_MOD_APP VARCHAR(64) NOT NULL, LST_MOD_CHG_CD CHAR(1) NOT NULL, LST_MOD_TS TIMESTAMP WITH TIME ZONE NOT NULL);

INSERT INTO (, CREATION_USR, CREATION_APP, CREATION_TS, LST_MOD_USR, LST_MOD_APP, LST_MOD_CHG_CD, LST_MOD_TS) VALUES ('', '', '', 'REFMATICA', 'REFMATICA', current_timestamp, 'REFMATICA', 'REFMATICA', 'I', current_timestamp);



CREATE TABLE REFMATICA_DATA_RESOURCE_LOCATION_REL(LOC_ENTITY_VERSION_ID, DAT_RES_ENTITY_VERSION_ID, LOC_PRIORITY, LOC_FAILOVER_ORDER, ENTITY_REL_STATUS_CODE, CREATION_USR VARCHAR(32) NOT NULL, CREATION_APP VARCHAR(64) NOT NULL, CREATION_TS TIMESTAMP WITH TIME ZONE NOT NULL, LST_MOD_USR VARCHAR(32) NOT NULL, LST_MOD_APP VARCHAR(64) NOT NULL, LST_MOD_CHG_CD CHAR(1) NOT NULL, LST_MOD_TS TIMESTAMP WITH TIME ZONE NOT NULL);

INSERT INTO (, CREATION_USR, CREATION_APP, CREATION_TS, LST_MOD_USR, LST_MOD_APP, LST_MOD_CHG_CD, LST_MOD_TS) VALUES ('', '', '', 'REFMATICA', 'REFMATICA', current_timestamp, 'REFMATICA', 'REFMATICA', 'I', current_timestamp);



CREATE TABLE REFMATICA_ENTITY_PREDEFINED_ORDERING_REL(ORDERING_ENTITY_VERSION_ID, MEMBER_ENTITY_VERSION_ID, MEMBER_ENTITY_INDEX, ENTITY_REL_STATUS_CODE, CREATION_USR VARCHAR(32) NOT NULL, CREATION_APP VARCHAR(64) NOT NULL, CREATION_TS TIMESTAMP WITH TIME ZONE NOT NULL, LST_MOD_USR VARCHAR(32) NOT NULL, LST_MOD_APP VARCHAR(64) NOT NULL, LST_MOD_CHG_CD CHAR(1) NOT NULL, LST_MOD_TS TIMESTAMP WITH TIME ZONE NOT NULL);

INSERT INTO (, CREATION_USR, CREATION_APP, CREATION_TS, LST_MOD_USR, LST_MOD_APP, LST_MOD_CHG_CD, LST_MOD_TS) VALUES ('', '', '', 'REFMATICA', 'REFMATICA', current_timestamp, 'REFMATICA', 'REFMATICA', 'I', current_timestamp);



CREATE TABLE REFMATICA_ENTITY_PREDEFINED_STARTING_POINT_REL(STARTING_POINT_ENTITY_VERSION_ID, MEMBER_ENTITY_VERSION_ID, MEMBER_ENTITY_INDEX, ENTITY_REL_STATUS_CODE, CREATION_USR VARCHAR(32) NOT NULL, CREATION_APP VARCHAR(64) NOT NULL, CREATION_TS TIMESTAMP WITH TIME ZONE NOT NULL, LST_MOD_USR VARCHAR(32) NOT NULL, LST_MOD_APP VARCHAR(64) NOT NULL, LST_MOD_CHG_CD CHAR(1) NOT NULL, LST_MOD_TS TIMESTAMP WITH TIME ZONE NOT NULL);

INSERT INTO (, CREATION_USR, CREATION_APP, CREATION_TS, LST_MOD_USR, LST_MOD_APP, LST_MOD_CHG_CD, LST_MOD_TS) VALUES ('', '', '', 'REFMATICA', 'REFMATICA', current_timestamp, 'REFMATICA', 'REFMATICA', 'I', current_timestamp);





-- End Core Catalog Metadata (Meta Model) Tables ---------------------------->




