DROP TABLE IF EXISTS REFMATICA_DATA_TYPE_LANGUAGE_REF;
DROP TABLE IF EXISTS REFMATICA_ENTITY_NAME_TYPE_REF;
DROP TABLE IF EXISTS REFMATICA_ENTITY_TYPE_REF;
DROP TABLE IF EXISTS REFMATICA_CATALOG_STRUCTURE_TYPE_REF;
DROP TABLE IF EXISTS REFMATICA_ENTITY_DATA_STATUS_CODE_REF;
DROP TABLE IF EXISTS REFMATICA_RELEASE_VERSION_STATUS_CODE_REF;
DROP TABLE IF EXISTS REFMATICA_RELEASE_VERSION_REL_STATUS_CODE;
DROP TABLE IF EXISTS REFMATICA_ENTITY_REL_STATUS_CODE_REF;
DROP TABLE IF EXISTS REFMATICA_ENTITY_STATUS_CODE_REF;
DROP TABLE IF EXISTS REFMATICA_REF_STATUS_CODE_REF;


-- System Reference Code Tables ------------->


-- Reference Tables Status Code Reference Table

CREATE TABLE REFMATICA_REF_STATUS_CODE_REF(REF_STATUS_CODE VARCHAR(32) NOT NULL, REF_STATUS_CODE_NAME VARCHAR(64) NOT NULL, REF_STATUS_CODE_DESCRIPTION VARCHAR(1024) NOT NULL, IS_ACTIVE CHAR(1) NOT NULL, PARENT_REF_STATUS_CODE VARCHAR(32) NOT NULL, CREATION_USR VARCHAR(32) NOT NULL, CREATION_APP VARCHAR(64) NOT NULL, CREATION_TS TIMESTAMP WITH TIME ZONE NOT NULL, LST_MOD_USR VARCHAR(32) NOT NULL, LST_MOD_APP VARCHAR(64) NOT NULL, LST_MOD_CHG_CD CHAR(1) NOT NULL, LST_MOD_TS TIMESTAMP WITH TIME ZONE NOT NULL, CONSTRAINT PK_RSCR_RSCD PRIMARY KEY(REF_STATUS_CODE), CONSTRAINT FK_RSCR_PRSCD FOREIGN KEY(PARENT_REF_STATUS_CODE) REFERENCES REFMATICA_REF_STATUS_CODE_REF(REF_STATUS_CODE), CONSTRAINT CK_RSCR_ISACT CHECK(IS_ACTIVE IN ('Y', 'N')), CONSTRAINT CK_RSCR_LMCC CHECK(LST_MOD_CHG_CD IN ('I', 'U', 'D')));

INSERT INTO REFMATICA_REF_STATUS_CODE_REF(REF_STATUS_CODE, REF_STATUS_CODE_NAME, REF_STATUS_CODE_DESCRIPTION, IS_ACTIVE, PARENT_REF_STATUS_CODE, CREATION_USR, CREATION_APP, CREATION_TS, LST_MOD_USR, LST_MOD_APP, LST_MOD_CHG_CD, LST_MOD_TS) VALUES ('ACTIVE', 'Active', 'The Status Code indicating that a Reference Type Record is Active within the Database.', 'Y', 'ACTIVE', 'REFMATICA', 'REFMATICA', current_timestamp, 'REFMATICA', 'REFMATICA', 'I', current_timestamp);

INSERT INTO REFMATICA_REF_STATUS_CODE_REF(REF_STATUS_CODE, REF_STATUS_CODE_NAME, REF_STATUS_CODE_DESCRIPTION, IS_ACTIVE, PARENT_REF_STATUS_CODE, CREATION_USR, CREATION_APP, CREATION_TS, LST_MOD_USR, LST_MOD_APP, LST_MOD_CHG_CD, LST_MOD_TS) VALUES ('INACTIVE', 'Inactive', 'The Status Code indicating that a Reference Type Record is Inactive within the Database.', 'Y', 'INACTIVE', 'REFMATICA', 'REFMATICA', current_timestamp, 'REFMATICA', 'REFMATICA', 'I', current_timestamp);



-- Entity Status Code Reference Table

CREATE TABLE REFMATICA_ENTITY_STATUS_CODE_REF(ENTITY_STATUS_CODE VARCHAR(32) NOT NULL, ENTITY_STATUS_CODE_NAME VARCHAR(64) NOT NULL, ENTITY_STATUS_CODE_DESCRIPTION VARCHAR(1024) NOT NULL, PARENT_ENTITY_STATUS_CODE VARCHAR(32) NOT NULL, REF_STATUS_CODE VARCHAR(32) NOT NULL, CREATION_USR VARCHAR(32) NOT NULL, CREATION_APP VARCHAR(64) NOT NULL, CREATION_TS TIMESTAMP WITH TIME ZONE NOT NULL, LST_MOD_USR VARCHAR(32) NOT NULL, LST_MOD_APP VARCHAR(64) NOT NULL, LST_MOD_CHG_CD CHAR(1) NOT NULL, LST_MOD_TS TIMESTAMP WITH TIME ZONE NOT NULL, CONSTRAINT PK_ESCR_ESCD PRIMARY KEY(ENTITY_STATUS_CODE), CONSTRAINT FK_ESCR_PESCD FOREIGN KEY(PARENT_ENTITY_STATUS_CODE) REFERENCES REFMATICA_ENTITY_STATUS_CODE_REF(ENTITY_STATUS_CODE), CONSTRAINT FK_ESCR_RSCD FOREIGN KEY(REF_STATUS_CODE) REFERENCES REFMATICA_REF_STATUS_CODE_REF(REF_STATUS_CODE), CONSTRAINT CK_ESCR_LMCC CHECK(LST_MOD_CHG_CD IN ('I', 'U', 'D')));

INSERT INTO REFMATICA_ENTITY_STATUS_CODE_REF(ENTITY_STATUS_CODE, ENTITY_STATUS_CODE_NAME, ENTITY_STATUS_CODE_DESCRIPTION, PARENT_ENTITY_STATUS_CODE, REF_STATUS_CODE, CREATION_USR, CREATION_APP, CREATION_TS, LST_MOD_USR, LST_MOD_APP, LST_MOD_CHG_CD, LST_MOD_TS) VALUES ('ACTIVE', 'Active', 'The Status Code indicating that an Entity Record is Active within the Catalog.', 'ACTIVE', 'ACTIVE', 'REFMATICA', 'REFMATICA', current_timestamp, 'REFMATICA', 'REFMATICA', 'I', current_timestamp);

INSERT INTO REFMATICA_ENTITY_STATUS_CODE_REF(ENTITY_STATUS_CODE, ENTITY_STATUS_CODE_NAME, ENTITY_STATUS_CODE_DESCRIPTION, PARENT_ENTITY_STATUS_CODE, REF_STATUS_CODE, CREATION_USR, CREATION_APP, CREATION_TS, LST_MOD_USR, LST_MOD_APP, LST_MOD_CHG_CD, LST_MOD_TS) VALUES ('INACTIVE', 'Inactive', 'The Status Code indicating that an Entity Record is Inactive within the Catalog.', 'ACTIVE', 'ACTIVE', 'REFMATICA', 'REFMATICA', current_timestamp, 'REFMATICA', 'REFMATICA', 'I', current_timestamp);



-- Release Version Status Code Reference Table

CREATE TABLE REFMATICA_RELEASE_VERSION_STATUS_CODE_REF(RELEASE_VERSION_STATUS_CODE VARCHAR(32) NOT NULL, RELEASE_VERSION_STATUS_CODE_NAME VARCHAR(64) NOT NULL, RELEASE_VERSION_STATUS_CODE_DESCRIPTION VARCHAR(1024) NOT NULL, PARENT_RELEASE_VERSION_STATUS_CODE VARCHAR(32) NOT NULL, REF_STATUS_CODE VARCHAR(32) NOT NULL, CREATION_USR VARCHAR(32) NOT NULL, CREATION_APP VARCHAR(64) NOT NULL, CREATION_TS TIMESTAMP WITH TIME ZONE NOT NULL, LST_MOD_USR VARCHAR(32) NOT NULL, LST_MOD_APP VARCHAR(64) NOT NULL, LST_MOD_CHG_CD CHAR(1) NOT NULL, LST_MOD_TS TIMESTAMP WITH TIME ZONE NOT NULL, CONSTRAINT PK_RVSCR_RVSCD PRIMARY KEY(RELEASE_VERSION_STATUS_CODE), CONSTRAINT FK_RVSCR_PRVSCD FOREIGN KEY(PARENT_RELEASE_VERSION_STATUS_CODE) REFERENCES REFMATICA_RELEASE_VERSION_STATUS_CODE_REF(RELEASE_VERSION_STATUS_CODE), CONSTRAINT FK_RVSCR_RSCD FOREIGN KEY(REF_STATUS_CODE) REFERENCES REFMATICA_REF_STATUS_CODE_REF(REF_STATUS_CODE), CONSTRAINT CK_RVSCR_LMCC CHECK(LST_MOD_CHG_CD IN ('I', 'U', 'D')));


INSERT INTO REFMATICA_RELEASE_VERSION_STATUS_CODE_REF(RELEASE_VERSION_STATUS_CODE, RELEASE_VERSION_STATUS_CODE_NAME, RELEASE_VERSION_STATUS_CODE_DESCRIPTION, PARENT_RELEASE_VERSION_STATUS_CODE, REF_STATUS_CODE, CREATION_USR, CREATION_APP, CREATION_TS, LST_MOD_USR, LST_MOD_APP, LST_MOD_CHG_CD, LST_MOD_TS) VALUES ('ACTIVE', 'Active', 'The Status Code indicating that an Release Version is Active within the Catalog.', 'ACTIVE', 'ACTIVE', 'REFMATICA', 'REFMATICA', current_timestamp, 'REFMATICA', 'REFMATICA', 'I', current_timestamp);

INSERT INTO REFMATICA_RELEASE_VERSION_STATUS_CODE_REF(RELEASE_VERSION_STATUS_CODE, RELEASE_VERSION_STATUS_CODE_NAME, RELEASE_VERSION_STATUS_CODE_DESCRIPTION, PARENT_RELEASE_VERSION_STATUS_CODE, REF_STATUS_CODE, CREATION_USR, CREATION_APP, CREATION_TS, LST_MOD_USR, LST_MOD_APP, LST_MOD_CHG_CD, LST_MOD_TS) VALUES ('INACTIVE', 'Inactive', 'The Status Code indicating that an Release Version is Inactive within the Catalog.', 'INACTIVE', 'ACTIVE', 'REFMATICA', 'REFMATICA', current_timestamp, 'REFMATICA', 'REFMATICA', 'I', current_timestamp);




-- Release Version Relationship Status Code Reference Table

CREATE TABLE REFMATICA_RELEASE_VERSION_REL_STATUS_CODE(RELEASE_VERSION_REL_STATUS_CODE VARCHAR(32) NOT NULL, RELEASE_VERSION_REL_STATUS_CODE_NAME VARCHAR(64) NOT NULL, RELEASE_VERSION_REL_STATUS_CODE_DESCRIPTION VARCHAR(1024) NOT NULL, PARENT_RELEASE_VERSION_REL_STATUS_CODE VARCHAR(32) NOT NULL, REF_STATUS_CODE VARCHAR(32) NOT NULL, CREATION_USR VARCHAR(32) NOT NULL, CREATION_APP VARCHAR(64) NOT NULL, CREATION_TS TIMESTAMP WITH TIME ZONE NOT NULL, LST_MOD_USR VARCHAR(32) NOT NULL, LST_MOD_APP VARCHAR(64) NOT NULL, LST_MOD_CHG_CD CHAR(1) NOT NULL, LST_MOD_TS TIMESTAMP WITH TIME ZONE NOT NULL, CONSTRAINT PK_RVRSCR_ESCD PRIMARY KEY(RELEASE_VERSION_REL_STATUS_CODE), CONSTRAINT FK_RVRSCR_PESCD FOREIGN KEY(PARENT_RELEASE_VERSION_REL_STATUS_CODE) REFERENCES RELEASE_VERSION_REL_STATUS_CODE(RELEASE_VERSION_REL_STATUS_CODE), CONSTRAINT FK_RVRSCR_RSCD FOREIGN KEY(REF_STATUS_CODE) REFERENCES REFMATICA_REF_STATUS_CODE_REF(REF_STATUS_CODE), CONSTRAINT CK_RVRSCR_LMCC CHECK(LST_MOD_CHG_CD IN ('I', 'U', 'D')));

INSERT INTO REFMATICA_RELEASE_VERSION_REL_STATUS_CODE(RELEASE_VERSION_REL_STATUS_CODE, RELEASE_VERSION_REL_STATUS_CODE_NAME, RELEASE_VERSION_REL_STATUS_CODE_DESCRIPTION, PARENT_RELEASE_VERSION_REL_STATUS_CODE, REF_STATUS_CODE, CREATION_USR, CREATION_APP, CREATION_TS, LST_MOD_USR, LST_MOD_APP, LST_MOD_CHG_CD, LST_MOD_TS) VALUES ('ACTIVE', 'Active', 'The Status Code indicating that an Release Version is Active within the Catalog.', 'ACTIVE', 'ACTIVE', 'REFMATICA', 'REFMATICA', current_timestamp, 'REFMATICA', 'REFMATICA', 'I', current_timestamp);

INSERT INTO REFMATICA_RELEASE_VERSION_REL_STATUS_CODE(RELEASE_VERSION_REL_STATUS_CODE, RELEASE_VERSION_REL_STATUS_CODE_NAME, RELEASE_VERSION_REL_STATUS_CODE_DESCRIPTION, PARENT_RELEASE_VERSION_REL_STATUS_CODE, REF_STATUS_CODE, CREATION_USR, CREATION_APP, CREATION_TS, LST_MOD_USR, LST_MOD_APP, LST_MOD_CHG_CD, LST_MOD_TS) VALUES ('INACTIVE', 'Inactive', 'The Status Code indicating that an Release Version is Inactive within the Catalog.', 'INACTIVE', 'ACTIVE', 'REFMATICA', 'REFMATICA', current_timestamp, 'REFMATICA', 'REFMATICA', 'I', current_timestamp);




-- Entity Data (Metadata) Status Code Reference Table

CREATE TABLE REFMATICA_ENTITY_DATA_STATUS_CODE_REF(ENTITY_DATA_STATUS_CODE VARCHAR(32) NOT NULL, ENTITY_DATA_STATUS_CODE_NAME VARCHAR(64) NOT NULL, ENTITY_DATA_STATUS_CODE_DESCRIPTION VARCHAR(1024) NOT NULL, PARENT_ENTITY_DATA_STATUS_CODE VARCHAR(32) NOT NULL, REF_STATUS_CODE VARCHAR(32) NOT NULL, CREATION_USR VARCHAR(32) NOT NULL, CREATION_APP VARCHAR(64) NOT NULL, CREATION_TS TIMESTAMP WITH TIME ZONE NOT NULL, LST_MOD_USR VARCHAR(32) NOT NULL, LST_MOD_APP VARCHAR(64) NOT NULL, LST_MOD_CHG_CD CHAR(1) NOT NULL, LST_MOD_TS TIMESTAMP WITH TIME ZONE NOT NULL, CONSTRAINT PK_EDSCR_EDSCD PRIMARY KEY(ENTITY_DATA_STATUS_CODE), CONSTRAINT FK_EDSCR_PEDSCD FOREIGN KEY(PARENT_ENTITY_DATA_STATUS_CODE) REFERENCES REFMATICA_ENTITY_DATA_STATUS_CODE_REF(ENTITY_DATA_STATUS_CODE), CONSTRAINT FK_EDSCR_RSCD FOREIGN KEY(REF_STATUS_CODE) REFERENCES REFMATICA_REF_STATUS_CODE_REF(REF_STATUS_CODE), CONSTRAINT CK_EDSCR_LMCC CHECK(LST_MOD_CHG_CD IN ('I', 'U', 'D')));



-- Entity Relationship Status Code Reference Table

CREATE TABLE REFMATICA_ENTITY_REL_STATUS_CODE_REF(ENTITY_REL_STATUS_CODE VARCHAR(32) NOT NULL, ENTITY_REL_STATUS_CODE_NAME VARCHAR(64) NOT NULL, ENTITY_REL_STATUS_CODE_DESCRIPTION VARCHAR(1024) NOT NULL, PARENT_ENTITY_REL_STATUS_CODE VARCHAR(32) NOT NULL, REF_STATUS_CODE VARCHAR(32) NOT NULL, CREATION_USR VARCHAR(32) NOT NULL, CREATION_APP VARCHAR(64) NOT NULL, CREATION_TS TIMESTAMP WITH TIME ZONE NOT NULL, LST_MOD_USR VARCHAR(32) NOT NULL, LST_MOD_APP VARCHAR(64) NOT NULL, LST_MOD_CHG_CD CHAR(1) NOT NULL, LST_MOD_TS TIMESTAMP WITH TIME ZONE NOT NULL, CONSTRAINT PK_ERSCR_ERSCD PRIMARY KEY(ENTITY_REL_STATUS_CODE), CONSTRAINT FK_ERSCR_PERSCD FOREIGN KEY(PARENT_ENTITY_REL_STATUS_CODE) REFERENCES REFMATICA_ENTITY_REL_STATUS_CODE_REF(ENTITY_REL_STATUS_CODE), CONSTRAINT FK_ERSCR_RSCD FOREIGN KEY(REF_STATUS_CODE) REFERENCES REFMATICA_REF_STATUS_CODE_REF(REF_STATUS_CODE), CONSTRAINT CK_ERSCR_LMCC CHECK(LST_MOD_CHG_CD IN ('I', 'U', 'D')));





-- Core Catalog Structure References Code Table ------------->

CREATE TABLE REFMATICA_CATALOG_STRUCTURE_TYPE_REF(CATALOG_STRUCTURE_TYPE VARCHAR(32) NOT NULL, CATALOG_STRUCTURE_NAME VARCHAR(64) NOT NULL, CATALOG_STRUCTURE_DESCRIPTION VARCHAR(1024) NOT NULL, PARENT_CATALOG_STRUCTURE_TYPE VARCHAR(32) NOT NULL, IS_SYSTEM_STRUCT CHAR(1) NOT NULL, REF_STATUS_CODE VARCHAR(32) NOT NULL, CREATION_USR VARCHAR(32) NOT NULL, CREATION_APP VARCHAR(64) NOT NULL, CREATION_TS TIMESTAMP WITH TIME ZONE NOT NULL, LST_MOD_USR VARCHAR(32) NOT NULL, LST_MOD_APP VARCHAR(64) NOT NULL, LST_MOD_CHG_CD CHAR(1) NOT NULL, LST_MOD_TS TIMESTAMP WITH TIME ZONE NOT NULL, CONSTRAINT PK_CSTR_CSTY PRIMARY KEY(CATALOG_STRUCTURE_TYPE), CONSTRAINT FK_CSTR_PCSTY FOREIGN KEY(PARENT_CATALOG_STRUCTURE_TYPE) REFERENCES REFMATICA_CATALOG_STRUCTURE_TYPE_REF(CATALOG_STRUCTURE_TYPE), CONSTRAINT FK_CSTR_RSCD FOREIGN KEY(REF_STATUS_CODE) REFERENCES REFMATICA_REF_STATUS_CODE_REF(REF_STATUS_CODE), CONSTRAINT CK_CSTR_ISSYS CHECK(IS_SYSTEM_STRUCT IN ('Y', 'N')), CONSTRAINT CK_CSTR_LMCC CHECK(LST_MOD_CHG_CD IN ('I', 'U', 'D')));

INSERT INTO REFMATICA_CATALOG_STRUCTURE_TYPE_REF(CATALOG_STRUCTURE_TYPE, CATALOG_STRUCTURE_NAME, CATALOG_STRUCTURE_DESCRIPTION, PARENT_CATALOG_STRUCTURE_TYPE, IS_SYSTEM_STRUCT, REF_STATUS_CODE, CREATION_USR, CREATION_APP, CREATION_TS, LST_MOD_USR, LST_MOD_APP, LST_MOD_CHG_CD, LST_MOD_TS) VALUES ('SYSTEM-OBJECT', 'SystemObject', 'A System Object is a Catalog Entity that generally not part of the Catalog Hierarchical Structure that typically organizes the rest of the Catalog Entity records in a usable form for end users, but is required for proper operation of the Catalog.', 'SYSTEM-OBJECT', 'Y', 'ACTIVE', 'REFMATICA', 'REFMATICA', current_timestamp, 'REFMATICA', 'REFMATICA', 'I', current_timestamp);

INSERT INTO REFMATICA_CATALOG_STRUCTURE_TYPE_REF(CATALOG_STRUCTURE_TYPE, CATALOG_STRUCTURE_NAME, CATALOG_STRUCTURE_DESCRIPTION, PARENT_CATALOG_STRUCTURE_TYPE, IS_SYSTEM_STRUCT, REF_STATUS_CODE, CREATION_USR, CREATION_APP, CREATION_TS, LST_MOD_USR, LST_MOD_APP, LST_MOD_CHG_CD, LST_MOD_TS) VALUES ('LIBRARY', 'Library', 'A Library is the Root Structure for a Metadata Catalog, it is a Collection of Volumes.', 'LIBRARY', 'Y', 'ACTIVE', 'REFMATICA', 'REFMATICA', current_timestamp, 'REFMATICA', 'REFMATICA', 'I', current_timestamp);

INSERT INTO REFMATICA_CATALOG_STRUCTURE_TYPE_REF(CATALOG_STRUCTURE_TYPE, CATALOG_STRUCTURE_NAME, CATALOG_STRUCTURE_DESCRIPTION, PARENT_CATALOG_STRUCTURE_TYPE, IS_SYSTEM_STRUCT, REF_STATUS_CODE, CREATION_USR, CREATION_APP, CREATION_TS, LST_MOD_USR, LST_MOD_APP, LST_MOD_CHG_CD, LST_MOD_TS) VALUES ('VOLUME', 'Volume', 'A Volume is the Series or Collection of Sets within a given Library.', 'LIBRARY', 'Y', 'ACTIVE', 'REFMATICA', 'REFMATICA', current_timestamp, 'REFMATICA', 'REFMATICA', 'I', current_timestamp);

INSERT INTO REFMATICA_CATALOG_STRUCTURE_TYPE_REF(CATALOG_STRUCTURE_TYPE, CATALOG_STRUCTURE_NAME, CATALOG_STRUCTURE_DESCRIPTION, PARENT_CATALOG_STRUCTURE_TYPE, IS_SYSTEM_STRUCT, REF_STATUS_CODE, CREATION_USR, CREATION_APP, CREATION_TS, LST_MOD_USR, LST_MOD_APP, LST_MOD_CHG_CD, LST_MOD_TS) VALUES ('SET', 'Set', 'A Set is the Collection of Entries within a given Volume.', 'VOLUME', 'Y', 'ACTIVE', 'REFMATICA', 'REFMATICA', current_timestamp, 'REFMATICA', 'REFMATICA', 'I', current_timestamp);

INSERT INTO REFMATICA_CATALOG_STRUCTURE_TYPE_REF(CATALOG_STRUCTURE_TYPE, CATALOG_STRUCTURE_NAME, CATALOG_STRUCTURE_DESCRIPTION, PARENT_CATALOG_STRUCTURE_TYPE, IS_SYSTEM_STRUCT, REF_STATUS_CODE, CREATION_USR, CREATION_APP, CREATION_TS, LST_MOD_USR, LST_MOD_APP, LST_MOD_CHG_CD, LST_MOD_TS) VALUES ('ENTRY', 'Entry', 'An Entry is element such as a term and definition or other such attribute which represents a Data Element within a Set.', 'SET', 'Y', 'ACTIVE', 'REFMATICA', 'REFMATICA', current_timestamp, 'REFMATICA', 'REFMATICA', 'I', current_timestamp);




-- Metadata Entity Reference Code Tables ------------->


-- Entity Type Reference Code Table

CREATE TABLE REFMATICA_ENTITY_TYPE_REF(ENTITY_TYPE VARCHAR(32) NOT NULL, ENTITY_TYPE_NAME VARCHAR(64) NOT NULL, ENTITY_TYPE_DESCRIPTION VARCHAR(1024) NOT NULL, PARENT_ENTITY_TYPE VARCHAR(32) NOT NULL, REF_STATUS_CODE VARCHAR(32) NOT NULL, CREATION_USR VARCHAR(32) NOT NULL, CREATION_APP VARCHAR(64) NOT NULL, CREATION_TS TIMESTAMP WITH TIME ZONE NOT NULL, LST_MOD_USR VARCHAR(32) NOT NULL, LST_MOD_APP VARCHAR(64) NOT NULL, LST_MOD_CHG_CD CHAR(1) NOT NULL, LST_MOD_TS TIMESTAMP WITH TIME ZONE NOT NULL, CONSTRAINT PK_ENTTYR_ENTTY PRIMARY KEY(ENTITY_TYPE), CONSTRAINT FK_ENTTYR_PENTTY FOREIGN KEY(PARENT_ENTITY_TYPE) REFERENCES REFMATICA_ENTITY_TYPE_REF(ENTITY_TYPE), CONSTRAINT FK_ENTTYR_RSCD FOREIGN KEY(REF_STATUS_CODE) REFERENCES REFMATICA_REF_STATUS_CODE_REF(REF_STATUS_CODE), CONSTRAINT CK_ENTTYR_LMCC CHECK(LST_MOD_CHG_CD IN ('I', 'U', 'D')));

INSERT INTO REFMATICA_ENTITY_TYPE_REF(ENTITY_TYPE, ENTITY_TYPE_NAME, ENTITY_TYPE_DESCRIPTION, PARENT_ENTITY_TYPE, REF_STATUS_CODE, CREATION_USR, CREATION_APP, CREATION_TS, LST_MOD_USR, LST_MOD_APP, LST_MOD_CHG_CD, LST_MOD_TS) VALUES ('SYSTEM-OBJECT', 'SystemObject', 'Also a Catalog Structure Type Reference Code, a System Object can also be an Entity itself. A System Object is a Catalog Entity that generally not part of the Catalog Hierarchical Structure that typically organizes the rest of the Catalog Entity records in a usable form for end users, but is required for proper operation of the Catalog.', 'SYSTEM-OBJECT', 'ACTIVE', 'REFMATICA', 'REFMATICA', current_timestamp, 'REFMATICA', 'REFMATICA', 'I', current_timestamp);

INSERT INTO REFMATICA_ENTITY_TYPE_REF(ENTITY_TYPE, ENTITY_TYPE_NAME, ENTITY_TYPE_DESCRIPTION, PARENT_ENTITY_TYPE, REF_STATUS_CODE, CREATION_USR, CREATION_APP, CREATION_TS, LST_MOD_USR, LST_MOD_APP, LST_MOD_CHG_CD, LST_MOD_TS) VALUES ('LIBRARY', 'Library', 'Also a Catalog Structure Type Reference Code, a Library can also be an Entity itself. A Library is the Root Structure for a Metadata Catalog, it is a Collection of Volumes.', 'LIBRARY', 'ACTIVE', 'REFMATICA', 'REFMATICA', current_timestamp, 'REFMATICA', 'REFMATICA', 'I', current_timestamp);

INSERT INTO REFMATICA_ENTITY_TYPE_REF(ENTITY_TYPE, ENTITY_TYPE_NAME, ENTITY_TYPE_DESCRIPTION, PARENT_ENTITY_TYPE, REF_STATUS_CODE, CREATION_USR, CREATION_APP, CREATION_TS, LST_MOD_USR, LST_MOD_APP, LST_MOD_CHG_CD, LST_MOD_TS) VALUES ('VOLUME', 'Volume', 'Also a Catalog Structure Type Reference Code, a Volume can also be an Entity itself. A Volume is the Series or Collection of Sets within a given Library.', 'LIBRARY', 'ACTIVE', 'REFMATICA', 'REFMATICA', current_timestamp, 'REFMATICA', 'REFMATICA', 'I', current_timestamp);

INSERT INTO REFMATICA_ENTITY_TYPE_REF(ENTITY_TYPE, ENTITY_TYPE_NAME, ENTITY_TYPE_DESCRIPTION, PARENT_ENTITY_TYPE, REF_STATUS_CODE, CREATION_USR, CREATION_APP, CREATION_TS, LST_MOD_USR, LST_MOD_APP, LST_MOD_CHG_CD, LST_MOD_TS) VALUES ('SET', 'Set', 'Also a Catalog Structure Type Reference Code, a Set can also be an Entity itself. A Set is the Collection of Entries within a given Volume.', 'VOLUME', 'ACTIVE', 'REFMATICA', 'REFMATICA', current_timestamp, 'REFMATICA', 'REFMATICA', 'I', current_timestamp);

INSERT INTO REFMATICA_ENTITY_TYPE_REF(ENTITY_TYPE, ENTITY_TYPE_NAME, ENTITY_TYPE_DESCRIPTION, PARENT_ENTITY_TYPE, REF_STATUS_CODE, CREATION_USR, CREATION_APP, CREATION_TS, LST_MOD_USR, LST_MOD_APP, LST_MOD_CHG_CD, LST_MOD_TS) VALUES ('ENTRY', 'Entry', 'Also a Catalog Structure Type Reference Code, an Entry can also be an Entity itself. An Entry is element such as a term and definition or other such attribute which represents a Data Element within a Set.', 'SET', 'ACTIVE', 'REFMATICA', 'REFMATICA', current_timestamp, 'REFMATICA', 'REFMATICA', 'I', current_timestamp);

INSERT INTO REFMATICA_ENTITY_TYPE_REF(ENTITY_TYPE, ENTITY_TYPE_NAME, ENTITY_TYPE_DESCRIPTION, PARENT_ENTITY_TYPE, REF_STATUS_CODE, CREATION_USR, CREATION_APP, CREATION_TS, LST_MOD_USR, LST_MOD_APP, LST_MOD_CHG_CD, LST_MOD_TS) VALUES ('VERSION', 'Version', 'A Version is an Entity that describes an Entity Version. This Version is an Internal Version used by the System in order to create addressable timeseries of data for every entity created in the Catalog System. For User entered Version Information, please use Release Version. This version is a Integer that the System will auto increment and set on an Entity as needed.', 'SYSTEM-OBJECT', 'ACTIVE', 'REFMATICA', 'REFMATICA', current_timestamp, 'REFMATICA', 'REFMATICA', 'I', current_timestamp);

INSERT INTO REFMATICA_ENTITY_TYPE_REF(ENTITY_TYPE, ENTITY_TYPE_NAME, ENTITY_TYPE_DESCRIPTION, PARENT_ENTITY_TYPE, REF_STATUS_CODE, CREATION_USR, CREATION_APP, CREATION_TS, LST_MOD_USR, LST_MOD_APP, LST_MOD_CHG_CD, LST_MOD_TS) VALUES ('RELEASE-VERSION', 'ReleaseVersion', 'A Release Version is an Entity that describes a User Defined Release Version of a Metadata within the Catalog System. It is different from the Internal Version Entity Type. Physically, a Release Entity is a grouping of Entities via their Entity Version IDs.', 'SYSTEM-OBJECT', 'ACTIVE', 'REFMATICA', 'REFMATICA', current_timestamp, 'REFMATICA', 'REFMATICA', 'I', current_timestamp);



-- Entity Name Type Reference Table

CREATE TABLE REFMATICA_ENTITY_NAME_TYPE_REF(ENTITY_NAME_TYPE VARCHAR(32) NOT NULL, ENTITY_NAME_TYPE_NAME VARCHAR(128) NOT NULL, ENTITY_NAME_TYPE_DESCRIPTION VARCHAR(1024) NOT NULL, REF_STATUS_CODE VARCHAR(32) NOT NULL, CREATION_USR VARCHAR(32) NOT NULL, CREATION_APP VARCHAR(64) NOT NULL, CREATION_TS TIMESTAMP WITH TIME ZONE NOT NULL, LST_MOD_USR VARCHAR(32) NOT NULL, LST_MOD_APP VARCHAR(64) NOT NULL, LST_MOD_CHG_CD CHAR(1) NOT NULL, LST_MOD_TS TIMESTAMP WITH TIME ZONE NOT NULL, CONSTRAINT PK_ENTNMTYR_NMTY PRIMARY KEY(ENTITY_NAME_TYPE), CONSTRAINT FK_ENTNMTYR_RSCD FOREIGN KEY(REF_STATUS_CODE) REFERENCES REFMATICA_REF_STATUS_CODE_REF(REF_STATUS_CODE), CONSTRAINT CK_ENTNMTYR_LMCC CHECK(LST_MOD_CHG_CD IN ('I', 'U', 'D')));

INSERT INTO REFMATICA_ENTITY_NAME_TYPE_REF(ENTITY_NAME_TYPE, ENTITY_NAME_TYPE_NAME, ENTITY_NAME_TYPE_DESCRIPTION, REF_STATUS_CODE, CREATION_USR, CREATION_APP, CREATION_TS, LST_MOD_USR, LST_MOD_APP, LST_MOD_CHG_CD, LST_MOD_TS) VALUES ('LOGICAL-NAME', 'Logical Name', 'A Logical Name is a Logical Model Friendly Name for a Metadata Entity within the Catalog System.', 'ACTIVE', 'REFMATICA', 'REFMATICA', current_timestamp, 'REFMATICA', 'REFMATICA', 'I', current_timestamp);

INSERT INTO REFMATICA_ENTITY_NAME_TYPE_REF(ENTITY_NAME_TYPE, ENTITY_NAME_TYPE_NAME, ENTITY_NAME_TYPE_DESCRIPTION, REF_STATUS_CODE, CREATION_USR, CREATION_APP, CREATION_TS, LST_MOD_USR, LST_MOD_APP, LST_MOD_CHG_CD, LST_MOD_TS) VALUES ('PHYSICAL-NAME', 'Physical Name', 'A Physical Name is a Physical Model Name for a Metadata Entity within the Catalog System.', 'ACTIVE', 'REFMATICA', 'REFMATICA', current_timestamp, 'REFMATICA', 'REFMATICA', 'I', current_timestamp);

INSERT INTO REFMATICA_ENTITY_NAME_TYPE_REF(ENTITY_NAME_TYPE, ENTITY_NAME_TYPE_NAME, ENTITY_NAME_TYPE_DESCRIPTION, REF_STATUS_CODE, CREATION_USR, CREATION_APP, CREATION_TS, LST_MOD_USR, LST_MOD_APP, LST_MOD_CHG_CD, LST_MOD_TS) VALUES ('DISPLAY-NAME', 'Display Name', 'A Display Name is a Name for a Metadata Entity that should be used as the Display or Label Name within the Catalog System.', 'ACTIVE', 'REFMATICA', 'REFMATICA', current_timestamp, 'REFMATICA', 'REFMATICA', 'I', current_timestamp);

INSERT INTO REFMATICA_ENTITY_NAME_TYPE_REF(ENTITY_NAME_TYPE, ENTITY_NAME_TYPE_NAME, ENTITY_NAME_TYPE_DESCRIPTION, REF_STATUS_CODE, CREATION_USR, CREATION_APP, CREATION_TS, LST_MOD_USR, LST_MOD_APP, LST_MOD_CHG_CD, LST_MOD_TS) VALUES ('BUSINESS-TERM', 'Business Term', 'A Business Term is Business Definition or Glossary Term level Name for a Metadata Entity within the Catalog System.', 'ACTIVE', 'REFMATICA', 'REFMATICA', current_timestamp, 'REFMATICA', 'REFMATICA', 'I', current_timestamp);



-- Entity Data Type Language Reference Table

CREATE TABLE REFMATICA_DATA_TYPE_LANGUAGE_REF(DATA_TYPE_LANGUAGE_CODE VARCHAR(32) NOT NULL, DATA_TYPE_LANGUAGE_NAME VARCHAR(64) NOT NULL, DATA_TYPE_LANGUAGE_DESCRIPTION VARCHAR(1024) NOT NULL, PARENT_DATA_TYPE_LANGUAGE_CODE VARCHAR(32) NOT NULL, REF_STATUS_CODE VARCHAR(32) NOT NULL, CREATION_USR VARCHAR(32) NOT NULL, CREATION_APP VARCHAR(64) NOT NULL, CREATION_TS TIMESTAMP WITH TIME ZONE NOT NULL, LST_MOD_USR VARCHAR(32) NOT NULL, LST_MOD_APP VARCHAR(64) NOT NULL, LST_MOD_CHG_CD CHAR(1) NOT NULL, LST_MOD_TS TIMESTAMP WITH TIME ZONE NOT NULL, CONSTRAINT PK_DTLNGREF_DTLCD PRIMARY KEY(DATA_TYPE_LANGUAGE_CODE), CONSTRAINT FK_DTLNGREF_PDTLCD FOREIGN KEY(PARENT_DATA_TYPE_LANGUAGE_CODE) REFERENCES REFMATICA_DATA_TYPE_LANGUAGE_REF(DATA_TYPE_LANGUAGE_CODE), CONSTRAINT FK_DTLNGREF_RSCD FOREIGN KEY(REF_STATUS_CODE) REFERENCES REFMATICA_REF_STATUS_CODE_REF(REF_STATUS_CODE), CONSTRAINT CK_DTLNGREF_LMCC CHECK(LST_MOD_CHG_CD IN ('I', 'U', 'D')));

INSERT INTO REFMATICA_DATA_TYPE_LANGUAGE_REF(DATA_TYPE_LANGUAGE_CODE, DATA_TYPE_LANGUAGE_NAME, DATA_TYPE_LANGUAGE_DESCRIPTION, PARENT_DATA_TYPE_LANGUAGE_CODE, REF_STATUS_CODE, CREATION_USR, CREATION_APP, CREATION_TS, LST_MOD_USR, LST_MOD_APP, LST_MOD_CHG_CD, LST_MOD_TS) VALUES ('SQL', 'Generic SQL', 'Generic Structured Query Language (SQL)', 'SQL', 'ACTIVE', 'REFMATICA', 'REFMATICA', current_timestamp, 'REFMATICA', 'REFMATICA', 'I', current_timestamp);

INSERT INTO REFMATICA_DATA_TYPE_LANGUAGE_REF(DATA_TYPE_LANGUAGE_CODE, DATA_TYPE_LANGUAGE_NAME, DATA_TYPE_LANGUAGE_DESCRIPTION, PARENT_DATA_TYPE_LANGUAGE_CODE, REF_STATUS_CODE, CREATION_USR, CREATION_APP, CREATION_TS, LST_MOD_USR, LST_MOD_APP, LST_MOD_CHG_CD, LST_MOD_TS) VALUES ('JAVA', 'Java', 'The Java Programming Language', 'JAVA', 'ACTIVE', 'REFMATICA', 'REFMATICA', current_timestamp, 'REFMATICA', 'REFMATICA', 'I', current_timestamp);



-- Entity Data Type Reference Table

CREATE TABLE REFMATICA_DATA_TYPE_REF(DATA_TYPE_CODE VARCHAR(32) NOT NULL, DATA_TYPE_NAME VARCHAR(64) NOT NULL, DATA_TYPE_DESCRIPTION VARCHAR(1024) NOT NULL, DATA_TYPE_LANGUAGE_CODE VARCHAR(32) NOT NULL, PARENT_DATA_TYPE_CODE VARCHAR(32) NOT NULL, REF_STATUS_CODE VARCHAR(32) NOT NULL, CREATION_USR VARCHAR(32) NOT NULL, CREATION_APP VARCHAR(64) NOT NULL, CREATION_TS TIMESTAMP WITH TIME ZONE NOT NULL, LST_MOD_USR VARCHAR(32) NOT NULL, LST_MOD_APP VARCHAR(64) NOT NULL, LST_MOD_CHG_CD CHAR(1) NOT NULL, LST_MOD_TS TIMESTAMP WITH TIME ZONE NOT NULL);

INSERT INTO REFMATICA_DATA_TYPE_REF(DATA_TYPE_CODE, DATA_TYPE_NAME, DATA_TYPE_DESCRIPTION, DATA_TYPE_LANGUAGE_CODE, PARENT_DATA_TYPE_CODE, REF_STATUS_CODE, CREATION_USR, CREATION_APP, CREATION_TS, LST_MOD_USR, LST_MOD_APP, LST_MOD_CHG_CD, LST_MOD_TS) VALUES ('', '', '', '', 'ACTIVE', 'REFMATICA', 'REFMATICA', current_timestamp, 'REFMATICA', 'REFMATICA', 'I', current_timestamp);




-- Entity Environment Reference Table

CREATE TABLE REFMATICA_ENTITY_ENVIRONMENT_REF(ENVIRONMENT_CODE VARCHAR(32) NOT NULL, ENVIRONMENT_NAME VARCHAR(128) NOT NULL, ENVIRONMENT_DESCRIPTION VARCHAR(1024) NOT NULL, PARENT_ENVIRONMENT_CODE VARCHAR(32) NOT NULL, REF_STATUS_CODE VARCHAR(32) NOT NULL, CREATION_USR VARCHAR(32) NOT NULL, CREATION_APP VARCHAR(64) NOT NULL, CREATION_TS TIMESTAMP WITH TIME ZONE NOT NULL, LST_MOD_USR VARCHAR(32) NOT NULL, LST_MOD_APP VARCHAR(64) NOT NULL, LST_MOD_CHG_CD CHAR(1) NOT NULL, LST_MOD_TS TIMESTAMP WITH TIME ZONE NOT NULL);

INSERT INTO REFMATICA_ENTITY_ENVIRONMENT_REF(ENVIRONMENT_CODE, ENVIRONMENT_NAME, ENVIRONMENT_DESCRIPTION, PARENT_ENVIRONMENT_CODE, REF_STATUS_CODE, CREATION_USR, CREATION_APP, CREATION_TS, LST_MOD_USR, LST_MOD_APP, LST_MOD_CHG_CD, LST_MOD_TS) VALUES ('', '', '', '', 'ACTIVE', 'REFMATICA', 'REFMATICA', current_timestamp, 'REFMATICA', 'REFMATICA', 'I', current_timestamp);




-- Entity Xref Id Type Reference Table

CREATE TABLE REFMATICA_ENTITY_XREF_TYPE_REF(ENTITY_XREF_TYPE VARCHAR(32) NOT NULL, ENTITY_XREF_TYPE_NAME VARCHAR(64) NOT NULL, ENTITY_XREF_TYPE_DESCRIPTION VARCHAR(1024) NOT NULL, REF_STATUS_CODE VARCHAR(32) NOT NULL, CREATION_USR VARCHAR(32) NOT NULL, CREATION_APP VARCHAR(64) NOT NULL, CREATION_TS TIMESTAMP WITH TIME ZONE NOT NULL, LST_MOD_USR VARCHAR(32) NOT NULL, LST_MOD_APP VARCHAR(64) NOT NULL, LST_MOD_CHG_CD CHAR(1) NOT NULL, LST_MOD_TS TIMESTAMP WITH TIME ZONE NOT NULL);

INSERT INTO REFMATICA_ENTITY_XREF_TYPE_REF(ENTITY_XREF_TYPE, ENTITY_XREF_TYPE_NAME, ENTITY_XREF_TYPE_DESCRIPTION, REF_STATUS_CODE, CREATION_USR, CREATION_APP, CREATION_TS, LST_MOD_USR, LST_MOD_APP, LST_MOD_CHG_CD, LST_MOD_TS) VALUES ('', '', '', 'ACTIVE', 'REFMATICA', 'REFMATICA', current_timestamp, 'REFMATICA', 'REFMATICA', 'I', current_timestamp);




-- Entity Logic Type Reference Table

CREATE TABLE REFMATICA_ENTITY_LOGIC_TYPE_REF(ENTITY_LOGIC_TYPE VARCHAR(32) NOT NULL, ENTITY_LOGIC_TYPE_NAME VARCHAR(64) NOT NULL, ENTITY_LOGIC_TYPE_DESCRIPTION VARCHAR(1024) NOT NULL, REF_STATUS_CODE VARCHAR(32) NOT NULL, CREATION_USR VARCHAR(32) NOT NULL, CREATION_APP VARCHAR(64) NOT NULL, CREATION_TS TIMESTAMP WITH TIME ZONE NOT NULL, LST_MOD_USR VARCHAR(32) NOT NULL, LST_MOD_APP VARCHAR(64) NOT NULL, LST_MOD_CHG_CD CHAR(1) NOT NULL, LST_MOD_TS TIMESTAMP WITH TIME ZONE NOT NULL);

INSERT INTO REFMATICA_ENTITY_LOGIC_TYPE_REF(ENTITY_LOGIC_TYPE, ENTITY_LOGIC_TYPE_NAME, ENTITY_LOGIC_TYPE_DESCRIPTION, REF_STATUS_CODE, CREATION_USR, CREATION_APP, CREATION_TS, LST_MOD_USR, LST_MOD_APP, LST_MOD_CHG_CD, LST_MOD_TS) VALUES ('', '', '', 'ACTIVE', 'REFMATICA', 'REFMATICA', current_timestamp, 'REFMATICA', 'REFMATICA', 'I', current_timestamp);



-- Entity Logic Parameter Type Reference Table

CREATE TABLE REFMATICA_ENTITY_LOGIC_PARAM_TYPE_REF(ENTITY_LOGIC_PARAM_TYPE VARCHAR(32) NOT NULL, ENTITY_LOGIC_TYPE VARCHAR(32) NOT NULL, ENTITY_LOGIC_PARAM_TYPE_NAME VARCHAR(64) NOT NULL, ENTITY_LOGIC_PARAM_TYPE_DESCRIPTION VARCHAR(1024) NOT NULL, REF_STATUS_CODE VARCHAR(32) NOT NULL, CREATION_USR VARCHAR(32) NOT NULL, CREATION_APP VARCHAR(64) NOT NULL, CREATION_TS TIMESTAMP WITH TIME ZONE NOT NULL, LST_MOD_USR VARCHAR(32) NOT NULL, LST_MOD_APP VARCHAR(64) NOT NULL, LST_MOD_CHG_CD CHAR(1) NOT NULL, LST_MOD_TS TIMESTAMP WITH TIME ZONE NOT NULL);

INSERT INTO REFMATICA_ENTITY_LOGIC_PARAM_TYPE_REF(ENTITY_LOGIC_PARAM_TYPE, ENTITY_LOGIC_TYPE, ENTITY_LOGIC_PARAM_TYPE_NAME, ENTITY_LOGIC_PARAM_TYPE_DESCRIPTION, REF_STATUS_CODE, CREATION_USR, CREATION_APP, CREATION_TS, LST_MOD_USR, LST_MOD_APP, LST_MOD_CHG_CD, LST_MOD_TS) VALUES ('', '', '', '', 'ACTIVE', 'REFMATICA', 'REFMATICA', current_timestamp, 'REFMATICA', 'REFMATICA', 'I', current_timestamp);




CREATE TABLE REFMATICA_ENTITY_REL_TYPE_REF(ENTITY_REL_TYPE VARCHAR(32) NOT NULL, ENTITY_REL_TYPE_NAME VARCHAR(128) NOT NULL, ENTITY_REL_TYPE_DESCRIPTION VARCHAR(1024) NOT NULL, PARENT_ENTITY_REL_TYPE VARCHAR(32) NOT NULL, REF_STATUS_CODE VARCHAR(32) NOT NULL, CREATION_USR VARCHAR(32) NOT NULL, CREATION_APP VARCHAR(64) NOT NULL, CREATION_TS TIMESTAMP WITH TIME ZONE NOT NULL, LST_MOD_USR VARCHAR(32) NOT NULL, LST_MOD_APP VARCHAR(64) NOT NULL, LST_MOD_CHG_CD CHAR(1) NOT NULL, LST_MOD_TS TIMESTAMP WITH TIME ZONE NOT NULL);

INSERT INTO REFMATICA_ENTITY_REL_TYPE_REF(ENTITY_REL_TYPE, ENTITY_REL_TYPE_NAME, ENTITY_REL_TYPE_DESCRIPTION, PARENT_ENTITY_REL_TYPE, REF_STATUS_CODE, CREATION_USR, CREATION_APP, CREATION_TS, LST_MOD_USR, LST_MOD_APP, LST_MOD_CHG_CD, LST_MOD_TS) VALUES ('', '', '', '', 'ACTIVE', 'REFMATICA', 'REFMATICA', current_timestamp, 'REFMATICA', 'REFMATICA', 'I', current_timestamp);


CREATE TABLE REFMATICA_ENTITY_GROUP_TYPE_REF(ENTITY_GROUP_TYPE, ENTITY_GROUP_TYPE_NAME, ENTITY_GROUP_TYPE_DESCRIPTION, PARENT_ENTITY_GROUP_TYPE, REF_STATUS_CODE VARCHAR(32) NOT NULL, CREATION_USR VARCHAR(32) NOT NULL, CREATION_APP VARCHAR(64) NOT NULL, CREATION_TS TIMESTAMP WITH TIME ZONE NOT NULL, LST_MOD_USR VARCHAR(32) NOT NULL, LST_MOD_APP VARCHAR(64) NOT NULL, LST_MOD_CHG_CD CHAR(1) NOT NULL, LST_MOD_TS TIMESTAMP WITH TIME ZONE NOT NULL);

INSERT INTO REFMATICA_ENTITY_GROUP_TYPE_REF(ENTITY_GROUP_TYPE, ENTITY_GROUP_TYPE_NAME, ENTITY_GROUP_TYPE_DESCRIPTION, PARENT_ENTITY_GROUP_TYPE, REF_STATUS_CODE, CREATION_USR, CREATION_APP, CREATION_TS, LST_MOD_USR, LST_MOD_APP, LST_MOD_CHG_CD, LST_MOD_TS) VALUES ('', '', '', '', 'ACTIVE', 'REFMATICA', 'REFMATICA', current_timestamp, 'REFMATICA', 'REFMATICA', 'I', current_timestamp);


CREATE TABLE REFMATICA_ENTITY_DATA_RESOURCE_TYPE_REF(DAT_RES_TYPE, DAT_RES_TYPE_NAME, DAT_RES_TYPE_DESCRIPTION, PARENT_DAT_RES_TYPE, REF_STATUS_CODE VARCHAR(32) NOT NULL, CREATION_USR VARCHAR(32) NOT NULL, CREATION_APP VARCHAR(64) NOT NULL, CREATION_TS TIMESTAMP WITH TIME ZONE NOT NULL, LST_MOD_USR VARCHAR(32) NOT NULL, LST_MOD_APP VARCHAR(64) NOT NULL, LST_MOD_CHG_CD CHAR(1) NOT NULL, LST_MOD_TS TIMESTAMP WITH TIME ZONE NOT NULL);

INSERT INTO REFMATICA_ENTITY_DATA_RESOURCE_TYPE_REF(DAT_RES_TYPE, DAT_RES_TYPE_NAME, DAT_RES_TYPE_DESCRIPTION, PARENT_DAT_RES_TYPE, REF_STATUS_CODE, CREATION_USR, CREATION_APP, CREATION_TS, LST_MOD_USR, LST_MOD_APP, LST_MOD_CHG_CD, LST_MOD_TS) VALUES ('', '', '', '', 'ACTIVE', 'REFMATICA', 'REFMATICA', current_timestamp, 'REFMATICA', 'REFMATICA', 'I', current_timestamp);



CREATE TABLE REFMATICA_ENTITY_LOCATION_TYPE_REF(LOC_TYPE, LOC_TYPE_NAME, LOC_TYPE_DESCRIPTION, PARENT_LOC_TYPE, REF_STATUS_CODE VARCHAR(32) NOT NULL, CREATION_USR VARCHAR(32) NOT NULL, CREATION_APP VARCHAR(64) NOT NULL, CREATION_TS TIMESTAMP WITH TIME ZONE NOT NULL, LST_MOD_USR VARCHAR(32) NOT NULL, LST_MOD_APP VARCHAR(64) NOT NULL, LST_MOD_CHG_CD CHAR(1) NOT NULL, LST_MOD_TS TIMESTAMP WITH TIME ZONE NOT NULL);

INSERT INTO REFMATICA_ENTITY_LOCATION_TYPE_REF(LOC_TYPE, LOC_TYPE_NAME, LOC_TYPE_DESCRIPTION, PARENT_LOC_TYPE, REF_STATUS_CODE, CREATION_USR, CREATION_APP, CREATION_TS, LST_MOD_USR, LST_MOD_APP, LST_MOD_CHG_CD, LST_MOD_TS) VALUES ('', '', '', '', 'ACTIVE', 'REFMATICA', 'REFMATICA', current_timestamp, 'REFMATICA', 'REFMATICA', 'I', current_timestamp);



CREATE TABLE REFMATICA_ENTITY_ADDRESS_TYPE_REF(ADDR_TYPE, ADDR_TYPE_NAME, ADDR_TYPE_DESCRIPTION, PARENT_ADDR_TYPE, REF_STATUS_CODE VARCHAR(32) NOT NULL, CREATION_USR VARCHAR(32) NOT NULL, CREATION_APP VARCHAR(64) NOT NULL, CREATION_TS TIMESTAMP WITH TIME ZONE NOT NULL, LST_MOD_USR VARCHAR(32) NOT NULL, LST_MOD_APP VARCHAR(64) NOT NULL, LST_MOD_CHG_CD CHAR(1) NOT NULL, LST_MOD_TS TIMESTAMP WITH TIME ZONE NOT NULL);

INSERT INTO REFMATICA_ENTITY_ADDRESS_TYPE_REF(ADDR_TYPE, ADDR_TYPE_NAME, ADDR_TYPE_DESCRIPTION, PARENT_ADDR_TYPE, REF_STATUS_CODE, CREATION_USR, CREATION_APP, CREATION_TS, LST_MOD_USR, LST_MOD_APP, LST_MOD_CHG_CD, LST_MOD_TS) VALUES ('', '', '', '', 'ACTIVE', 'REFMATICA', 'REFMATICA', current_timestamp, 'REFMATICA', 'REFMATICA', 'I', current_timestamp);



CREATE TABLE REFMATICA_ROLE_REF(ROLE_TYPE, ROLE_NAME, ROLE_DESCRIPTION, PARENT_ROLE_TYPE, REF_STATUS_CODE VARCHAR(32) NOT NULL, CREATION_USR VARCHAR(32) NOT NULL, CREATION_APP VARCHAR(64) NOT NULL, CREATION_TS TIMESTAMP WITH TIME ZONE NOT NULL, LST_MOD_USR VARCHAR(32) NOT NULL, LST_MOD_APP VARCHAR(64) NOT NULL, LST_MOD_CHG_CD CHAR(1) NOT NULL, LST_MOD_TS TIMESTAMP WITH TIME ZONE NOT NULL);

INSERT INTO REFMATICA_ROLE_REF(ROLE_TYPE, ROLE_NAME, ROLE_DESCRIPTION, PARENT_ROLE_TYPE, REF_STATUS_CODE, CREATION_USR, CREATION_APP, CREATION_TS, LST_MOD_USR, LST_MOD_APP, LST_MOD_CHG_CD, LST_MOD_TS) VALUES ('', '', '', '', 'ACTIVE', 'REFMATICA', 'REFMATICA', current_timestamp, 'REFMATICA', 'REFMATICA', 'I', current_timestamp);



CREATE TABLE REFMATICA_ORGANIZATION_TYPE_REF(ORG_TYPE, ORG_TYPE_NAME, ORG_TYPE_DESCRIPTION, PARENT_ORG_TYPE, REF_STATUS_CODE VARCHAR(32) NOT NULL, CREATION_USR VARCHAR(32) NOT NULL, CREATION_APP VARCHAR(64) NOT NULL, CREATION_TS TIMESTAMP WITH TIME ZONE NOT NULL, LST_MOD_USR VARCHAR(32) NOT NULL, LST_MOD_APP VARCHAR(64) NOT NULL, LST_MOD_CHG_CD CHAR(1) NOT NULL, LST_MOD_TS TIMESTAMP WITH TIME ZONE NOT NULL);

INSERT INTO REFMATICA_ORGANIZATION_TYPE_REF(ORG_TYPE, ORG_TYPE_NAME, ORG_TYPE_DESCRIPTION, PARENT_ORG_TYPE, REF_STATUS_CODE, CREATION_USR, CREATION_APP, CREATION_TS, LST_MOD_USR, LST_MOD_APP, LST_MOD_CHG_CD, LST_MOD_TS) VALUES ('', '', '', '', 'ACTIVE', 'REFMATICA', 'REFMATICA', current_timestamp, 'REFMATICA', 'REFMATICA', 'I', current_timestamp);



CREATE TABLE REFMATICA_USER_TYPE_REF(USER_TYPE, USER_TYPE_NAME, USER_TYPE_DESCRIPTION, PARENT_USER_TYPE, REF_STATUS_CODE VARCHAR(32) NOT NULL, CREATION_USR VARCHAR(32) NOT NULL, CREATION_APP VARCHAR(64) NOT NULL, CREATION_TS TIMESTAMP WITH TIME ZONE NOT NULL, LST_MOD_USR VARCHAR(32) NOT NULL, LST_MOD_APP VARCHAR(64) NOT NULL, LST_MOD_CHG_CD CHAR(1) NOT NULL, LST_MOD_TS TIMESTAMP WITH TIME ZONE NOT NULL);

INSERT INTO REFMATICA_USER_TYPE_REF(USER_TYPE, USER_TYPE_NAME, USER_TYPE_DESCRIPTION, PARENT_USER_TYPE, REF_STATUS_CODE, CREATION_USR, CREATION_APP, CREATION_TS, LST_MOD_USR, LST_MOD_APP, LST_MOD_CHG_CD, LST_MOD_TS) VALUES ('', '', '', '', 'ACTIVE', 'REFMATICA', 'REFMATICA', current_timestamp, 'REFMATICA', 'REFMATICA', 'I', current_timestamp);



-- End System Reference Code Tables ----------------------------------------->



-- Begin Core Catalog Metadata (Meta Model) Tables -------------------------->


-- Begin Base Entity Tables ------------------------->

-- Main (Base) Metadata Entity Table

CREATE TABLE REFMATICA_ENTITY(ENTITY_ID BIGINT NOT NULL, CATALOG_STRUCTURE_TYPE VARCHAR(32) NOT NULL, ENTITY_TYPE VARCHAR(32) NOT NULL, UNIQUE_CATALOG_ENTITY_NAME VARCHAR(255) NOT NULL, ENTITY_STATUS_CODE VARCHAR(32) NOT NULL, CREATION_USR VARCHAR(32) NOT NULL, CREATION_APP VARCHAR(64) NOT NULL, CREATION_TS TIMESTAMP WITH TIME ZONE NOT NULL, LST_MOD_USR VARCHAR(32) NOT NULL, LST_MOD_APP VARCHAR(64) NOT NULL, LST_MOD_CHG_CD CHAR(1) NOT NULL, LST_MOD_TS TIMESTAMP WITH TIME ZONE NOT NULL, CONSTRAINT PK_ENT_EID PRIMARY KEY(ENTITY_ID), CONSTRAINT FK_ENT_PESCD FOREIGN KEY(ENTITY_STATUS_CODE) REFERENCES REFMATICA_ENTITY_STATUS_CODE_REF(ENTITY_STATUS_CODE), CONSTRAINT FK_ENT_CATSTRUCTY FOREIGN KEY(CATALOG_STRUCTURE_TYPE) REFERENCES REFMATICA_CATALOG_STRUCTURE_TYPE_REF(CATALOG_STRUCTURE_TYPE), CONSTRAINT FK_ENT_ETY FOREIGN KEY(ENTITY_TYPE) REFERENCES REFMATICA_ENTITY_TYPE_REF(ENTITY_TYPE), CONSTRAINT CK_ENT_LMCC CHECK(LST_MOD_CHG_CD IN ('I', 'U', 'D')));

INSERT INTO (ENTITY_ID, CATALOG_STRUCTURE_TYPE, ENTITY_TYPE, UNIQUE_CATALOG_ENTITY_NAME, ENTITY_STATUS_CODE, CREATION_USR, CREATION_APP, CREATION_TS, LST_MOD_USR, LST_MOD_APP, LST_MOD_CHG_CD, LST_MOD_TS) VALUES ('', '', '', '', 'ACTIVE', 'REFMATICA', 'REFMATICA', current_timestamp, 'REFMATICA', 'REFMATICA', 'I', current_timestamp);


-- End Base Entity Tables --------------------------->



-- Begin Version Management Tables ------------>

-- Entity Versions (Internal System Assigned Version / Auto Version / Timeseries) Table

CREATE TABLE REFMATICA_ENTITY_VERSIONS(ENTITY_VERSION_ID BIGINT NOT NULL, ENTITY_ID BIGINT NOT NULL, ENTITY_VERSION_STATUS_CODE VARCHAR(32) NOT NULL, CREATION_USR VARCHAR(32) NOT NULL, CREATION_APP VARCHAR(64) NOT NULL, CREATION_TS TIMESTAMP WITH TIME ZONE NOT NULL, LST_MOD_USR VARCHAR(32) NOT NULL, LST_MOD_APP VARCHAR(64) NOT NULL, LST_MOD_CHG_CD CHAR(1) NOT NULL, LST_MOD_TS TIMESTAMP WITH TIME ZONE NOT NULL, CONSTRAINT PK_ENTVERS_EVID PRIMARY KEY(ENTITY_VERSION_ID), CONSTRAINT FK_ENTVERS_EID FOREIGN KEY(ENTITY_ID) REFERENCES REFMATICA_ENTITY(ENTITY_ID), CONSTRAINT FK_ENTVERS_PESCD FOREIGN KEY(ENTITY_VERSION_STATUS_CODE) REFERENCES REFMATICA_ENTITY_STATUS_CODE_REF(ENTITY_STATUS_CODE), CONSTRAINT CK_ENTVERS_LMCC CHECK(LST_MOD_CHG_CD IN ('I', 'U', 'D')));

INSERT INTO (ENTITY_VERSION_ID, ENTITY_ID, ENTITY_VERSION_STATUS_CODE, CREATION_USR, CREATION_APP, CREATION_TS, LST_MOD_USR, LST_MOD_APP, LST_MOD_CHG_CD, LST_MOD_TS) VALUES ('', '', 'ACTIVE', 'REFMATICA', 'REFMATICA', current_timestamp, 'REFMATICA', 'REFMATICA', 'I', current_timestamp);


-- User Specified Release Version Table

CREATE TABLE REFMATICA_ENTITY_RELEASE_VERSIONS(RELEASE_VERSION_ENTITY_VERSION_ID BIGINT NOT NULL, RELEASE_VERSION_STR VARCHAR(32) NOT NULL, RELEASE_VERSION_MAJOR INT NOT NULL, RELEASE_VERSION_MINOR INT NOT NULL, RELEASE_VERSION_NAME VARCHAR(64) NOT NULL, RELEASE_VERSION_DESCRIPTION VARCHAR(1024) NOT NULL, RELEASE_VERSION_STATUS_CODE VARCHAR(32) NOT NULL, CREATION_USR VARCHAR(32) NOT NULL, CREATION_APP VARCHAR(64) NOT NULL, CREATION_TS TIMESTAMP WITH TIME ZONE NOT NULL, LST_MOD_USR VARCHAR(32) NOT NULL, LST_MOD_APP VARCHAR(64) NOT NULL, LST_MOD_CHG_CD CHAR(1) NOT NULL, LST_MOD_TS TIMESTAMP WITH TIME ZONE NOT NULL);

INSERT INTO (RELEASE_VERSION_ENTITY_VERSION_ID, RELEASE_VERSION_STR, RELEASE_VERSION_MAJOR, RELEASE_VERSION_MINOR, RELEASE_VERSION_NAME, RELEASE_VERSION_DESCRIPTION, RELEASE_VERSION_STATUS_CODE, CREATION_USR, CREATION_APP, CREATION_TS, LST_MOD_USR, LST_MOD_APP, LST_MOD_CHG_CD, LST_MOD_TS) VALUES ('', '', '', '', '', '', '', 'REFMATICA', 'REFMATICA', current_timestamp, 'REFMATICA', 'REFMATICA', 'I', current_timestamp);


-- Relationship Table between Release Version to Internal Versions

CREATE TABLE REFMATICA_ENTITY_RELEASE_VERSION_REL(RELEASE_VER_ENTITY_VERSION_ID, MEMBER_ENTITY_VERSION_ID, ENTITY_STATUS_CODE VARCHAR(32) NOT NULL, CREATION_USR VARCHAR(32) NOT NULL, CREATION_APP VARCHAR(64) NOT NULL, CREATION_TS TIMESTAMP WITH TIME ZONE NOT NULL, LST_MOD_USR VARCHAR(32) NOT NULL, LST_MOD_APP VARCHAR(64) NOT NULL, LST_MOD_CHG_CD CHAR(1) NOT NULL, LST_MOD_TS TIMESTAMP WITH TIME ZONE NOT NULL);

INSERT INTO (RELEASE_VER_ENTITY_VERSION_ID, MEMBER_ENTITY_VERSION_ID, CREATION_USR, CREATION_APP, CREATION_TS, LST_MOD_USR, LST_MOD_APP, LST_MOD_CHG_CD, LST_MOD_TS) VALUES ('', ''. '', 'REFMATICA', 'REFMATICA', current_timestamp, 'REFMATICA', 'REFMATICA', 'I', current_timestamp);


-- End Version Management Tables ------------>





-- Begin Organizational Model Tables -------------->


-- Organizational Structure Table

CREATE TABLE REFMATICA_ORGANIZATION(ENTITY_VERSION_ID, ORG_TYPE, ORG_ENTITY_STATUS_CODE VARCHAR(32) NOT NULL, CREATION_USR VARCHAR(32) NOT NULL, CREATION_APP VARCHAR(64) NOT NULL, CREATION_TS TIMESTAMP WITH TIME ZONE NOT NULL, LST_MOD_USR VARCHAR(32) NOT NULL, LST_MOD_APP VARCHAR(64) NOT NULL, LST_MOD_CHG_CD CHAR(1) NOT NULL, LST_MOD_TS TIMESTAMP WITH TIME ZONE NOT NULL);

INSERT INTO (ENTITY_VERSION_ID, ORG_TYPE, ORG_ENTITY_STATUS_CODE, CREATION_USR, CREATION_APP, CREATION_TS, LST_MOD_USR, LST_MOD_APP, LST_MOD_CHG_CD, LST_MOD_TS) VALUES ('', '', '', 'REFMATICA', 'REFMATICA', current_timestamp, 'REFMATICA', 'REFMATICA', 'I', current_timestamp);


-- User Table

CREATE TABLE REFMATICA_USERS(ENTITY_VERSION_ID, USER_TYPE, USER_ENTITY_STATUS_CODE VARCHAR(32) NOT NULL, CREATION_USR VARCHAR(32) NOT NULL, CREATION_APP VARCHAR(64) NOT NULL, CREATION_TS TIMESTAMP WITH TIME ZONE NOT NULL, LST_MOD_USR VARCHAR(32) NOT NULL, LST_MOD_APP VARCHAR(64) NOT NULL, LST_MOD_CHG_CD CHAR(1) NOT NULL, LST_MOD_TS TIMESTAMP WITH TIME ZONE NOT NULL);

INSERT INTO (ENTITY_VERSION_ID, USER_TYPE, USER_ENTITY_STATUS_CODE, CREATION_USR, CREATION_APP, CREATION_TS, LST_MOD_USR, LST_MOD_APP, LST_MOD_CHG_CD, LST_MOD_TS) VALUES ('', '', '', 'REFMATICA', 'REFMATICA', current_timestamp, 'REFMATICA', 'REFMATICA', 'I', current_timestamp);


-- User to Org (with Roles) Relationship Mapping Table

CREATE TABLE REFMATICA_ORG_USERS(ORG_ENTITY_VERSION_ID, USER_ENTITY_VERSION_ID, ROLE_TYPE, USER_INHERIT_ORG_ROLE_IND, ORG_USER_ENTITY_STATUS_CODE VARCHAR(32) NOT NULL, CREATION_USR VARCHAR(32) NOT NULL, CREATION_APP VARCHAR(64) NOT NULL, CREATION_TS TIMESTAMP WITH TIME ZONE NOT NULL, LST_MOD_USR VARCHAR(32) NOT NULL, LST_MOD_APP VARCHAR(64) NOT NULL, LST_MOD_CHG_CD CHAR(1) NOT NULL, LST_MOD_TS TIMESTAMP WITH TIME ZONE NOT NULL);

INSERT INTO (ORG_ENTITY_VERSION_ID, USER_ENTITY_VERSION_ID, ROLE_TYPE, USER_INHERIT_ORG_ROLE_IND, ORG_USER_ENTITY_STATUS_CODE, CREATION_USR, CREATION_APP, CREATION_TS, LST_MOD_USR, LST_MOD_APP, LST_MOD_CHG_CD, LST_MOD_TS) VALUES ('', '', '', 'REFMATICA', 'REFMATICA', current_timestamp, 'REFMATICA', 'REFMATICA', 'I', current_timestamp);


-- Begin Organizational Model Tables -------------->



-- Entity Metadata - Generally attached to a single Entity (Direct Related, Entity-Entity-Rel not needed)

CREATE TABLE REFMATICA_ENTITY_NAMES(ENTITY_VERSION_ID, ENTITY_NAME_TYPE, ENTITY_NAME_VALUE, NAME_ENTITY_VERSION_ID, ENTITY_DATA_STATUS_CODE, CREATION_USR VARCHAR(32) NOT NULL, CREATION_APP VARCHAR(64) NOT NULL, CREATION_TS TIMESTAMP WITH TIME ZONE NOT NULL, LST_MOD_USR VARCHAR(32) NOT NULL, LST_MOD_APP VARCHAR(64) NOT NULL, LST_MOD_CHG_CD CHAR(1) NOT NULL, LST_MOD_TS TIMESTAMP WITH TIME ZONE NOT NULL);

INSERT INTO (, CREATION_USR, CREATION_APP, CREATION_TS, LST_MOD_USR, LST_MOD_APP, LST_MOD_CHG_CD, LST_MOD_TS) VALUES ('', '', '', 'REFMATICA', 'REFMATICA', current_timestamp, 'REFMATICA', 'REFMATICA', 'I', current_timestamp);



CREATE TABLE REFMATICA_ENTITY_ENVIRONMENTS(ENTITY_VERSION_ID, ENVIRONMENT_CODE, ENV_ENTITY_VERSION_ID, ENTITY_DATA_STATUS_CODE, CREATION_USR VARCHAR(32) NOT NULL, CREATION_APP VARCHAR(64) NOT NULL, CREATION_TS TIMESTAMP WITH TIME ZONE NOT NULL, LST_MOD_USR VARCHAR(32) NOT NULL, LST_MOD_APP VARCHAR(64) NOT NULL, LST_MOD_CHG_CD CHAR(1) NOT NULL, LST_MOD_TS TIMESTAMP WITH TIME ZONE NOT NULL);

INSERT INTO (, CREATION_USR, CREATION_APP, CREATION_TS, LST_MOD_USR, LST_MOD_APP, LST_MOD_CHG_CD, LST_MOD_TS) VALUES ('', '', '', 'REFMATICA', 'REFMATICA', current_timestamp, 'REFMATICA', 'REFMATICA', 'I', current_timestamp);



CREATE TABLE REFMATICA_ENTITY_TAGS(ENTITY_VERSION_ID, TAG_TYPE, TAG_NAME, TAG_VALUE, TAG_INDEX, TAG_LEVEL, TAG_ENTITY_VERSION_ID, ENTITY_DATA_STATUS_CODE, CREATION_USR VARCHAR(32) NOT NULL, CREATION_APP VARCHAR(64) NOT NULL, CREATION_TS TIMESTAMP WITH TIME ZONE NOT NULL, LST_MOD_USR VARCHAR(32) NOT NULL, LST_MOD_APP VARCHAR(64) NOT NULL, LST_MOD_CHG_CD CHAR(1) NOT NULL, LST_MOD_TS TIMESTAMP WITH TIME ZONE NOT NULL);

INSERT INTO (, CREATION_USR, CREATION_APP, CREATION_TS, LST_MOD_USR, LST_MOD_APP, LST_MOD_CHG_CD, LST_MOD_TS) VALUES ('', '', '', 'REFMATICA', 'REFMATICA', current_timestamp, 'REFMATICA', 'REFMATICA', 'I', current_timestamp);



CREATE TABLE REFMATICA_ENTITY_XREF(ENTITY_VERSION_ID, ENTITY_XREF_TYPE, ENTITY_XREF_VALUE, XREF_ENTITY_VERSION_ID, ENTITY_DATA_STATUS_CODE, CREATION_USR VARCHAR(32) NOT NULL, CREATION_APP VARCHAR(64) NOT NULL, CREATION_TS TIMESTAMP WITH TIME ZONE NOT NULL, LST_MOD_USR VARCHAR(32) NOT NULL, LST_MOD_APP VARCHAR(64) NOT NULL, LST_MOD_CHG_CD CHAR(1) NOT NULL, LST_MOD_TS TIMESTAMP WITH TIME ZONE NOT NULL);

INSERT INTO (, CREATION_USR, CREATION_APP, CREATION_TS, LST_MOD_USR, LST_MOD_APP, LST_MOD_CHG_CD, LST_MOD_TS) VALUES ('', '', '', 'REFMATICA', 'REFMATICA', current_timestamp, 'REFMATICA', 'REFMATICA', 'I', current_timestamp);



CREATE TABLE REFMATICA_ENTITY_PROPERTIES(ENTITY_VERSION_ID, PROP_SET_NAME, PROP_NAME, PROP_VALUE, PROP_ARR_INDEX, IS_PROP_ARRAY, PROP_ENTITY_VERSION_ID, ENTITY_DATA_STATUS_CODE, CREATION_USR VARCHAR(32) NOT NULL, CREATION_APP VARCHAR(64) NOT NULL, CREATION_TS TIMESTAMP WITH TIME ZONE NOT NULL, LST_MOD_USR VARCHAR(32) NOT NULL, LST_MOD_APP VARCHAR(64) NOT NULL, LST_MOD_CHG_CD CHAR(1) NOT NULL, LST_MOD_TS TIMESTAMP WITH TIME ZONE NOT NULL);

INSERT INTO (, CREATION_USR, CREATION_APP, CREATION_TS, LST_MOD_USR, LST_MOD_APP, LST_MOD_CHG_CD, LST_MOD_TS) VALUES ('', '', '', 'REFMATICA', 'REFMATICA', current_timestamp, 'REFMATICA', 'REFMATICA', 'I', current_timestamp);



CREATE TABLE REFMATICA_ENTITY_ANNOTATIONS(ENTITY_VERSION_ID, ANNOTATION_NAME, ANNOTATION_INDEX, ANNOTATION_PARAM_NAME, ANNOTATION_PARAM_VALUE, ANNOTATION_PARAM_VALUE_INDEX, ANNOTATION_ENTITY_VERSION_ID, ENTITY_DATA_STATUS_CODE, CREATION_USR VARCHAR(32) NOT NULL, CREATION_APP VARCHAR(64) NOT NULL, CREATION_TS TIMESTAMP WITH TIME ZONE NOT NULL, LST_MOD_USR VARCHAR(32) NOT NULL, LST_MOD_APP VARCHAR(64) NOT NULL, LST_MOD_CHG_CD CHAR(1) NOT NULL, LST_MOD_TS TIMESTAMP WITH TIME ZONE NOT NULL);

INSERT INTO (, CREATION_USR, CREATION_APP, CREATION_TS, LST_MOD_USR, LST_MOD_APP, LST_MOD_CHG_CD, LST_MOD_TS) VALUES ('', '', '', 'REFMATICA', 'REFMATICA', current_timestamp, 'REFMATICA', 'REFMATICA', 'I', current_timestamp);



CREATE TABLE REFMATICA_ENTITY_LINKS(ENTITY_VERSION_ID, LINK_URL, LINK_TEXT, LINK_TOOLTIP, LINK_DESCRIPTION, LINK_ORDER_INDEX, LINK_GROUP_NAME, LINK_GROUP_INDEX, LINK_ENTITY_VERSION_ID, ENTITY_DATA_STATUS_CODE, CREATION_USR VARCHAR(32) NOT NULL, CREATION_APP VARCHAR(64) NOT NULL, CREATION_TS TIMESTAMP WITH TIME ZONE NOT NULL, LST_MOD_USR VARCHAR(32) NOT NULL, LST_MOD_APP VARCHAR(64) NOT NULL, LST_MOD_CHG_CD CHAR(1) NOT NULL, LST_MOD_TS TIMESTAMP WITH TIME ZONE NOT NULL);

INSERT INTO (, CREATION_USR, CREATION_APP, CREATION_TS, LST_MOD_USR, LST_MOD_APP, LST_MOD_CHG_CD, LST_MOD_TS) VALUES ('', '', '', 'REFMATICA', 'REFMATICA', current_timestamp, 'REFMATICA', 'REFMATICA', 'I', current_timestamp);



CREATE TABLE REFMATICA_ENTITY_COMMENTS(ENTITY_VERSION_ID, COMMENT_TYPE, COMMENT_TITLE, COMMENT_SUBJECT, COMMENT_REASON, COMMENT_TEXT, COMMENTER, COMMENT_ENTITY_VERSION_ID, ENTITY_DATA_STATUS_CODE, CREATION_USR VARCHAR(32) NOT NULL, CREATION_APP VARCHAR(64) NOT NULL, CREATION_TS TIMESTAMP WITH TIME ZONE NOT NULL, LST_MOD_USR VARCHAR(32) NOT NULL, LST_MOD_APP VARCHAR(64) NOT NULL, LST_MOD_CHG_CD CHAR(1) NOT NULL, LST_MOD_TS TIMESTAMP WITH TIME ZONE NOT NULL);

INSERT INTO (, CREATION_USR, CREATION_APP, CREATION_TS, LST_MOD_USR, LST_MOD_APP, LST_MOD_CHG_CD, LST_MOD_TS) VALUES ('', '', '', 'REFMATICA', 'REFMATICA', current_timestamp, 'REFMATICA', 'REFMATICA', 'I', current_timestamp);



CREATE TABLE REFMATICA_ENTITY_ACTIONS_AUDIT(ENTITY_VERSION_ID, ACTION_TYPE, ACTION_SUBJECT, ACTION_REASON, ACTION_NOTES, ACTION_USER, ACTION_TAKEN, IS_WORKFLOW, WORKFLOW_PROCESS_ID, WORKFLOW_STEP_ID, WORKFLOW_PROCESS_NAME, WORKFLOW_STEP_NAME, WORKFLOW_PROCESS_INFO, WORKFLOW_STEP_INFO, ACTION_TS, ACTION_AUDIT_ENTITY_VERSION_ID, ENTITY_DATA_STATUS_CODE, CREATION_USR VARCHAR(32) NOT NULL, CREATION_APP VARCHAR(64) NOT NULL, CREATION_TS TIMESTAMP WITH TIME ZONE NOT NULL, LST_MOD_USR VARCHAR(32) NOT NULL, LST_MOD_APP VARCHAR(64) NOT NULL, LST_MOD_CHG_CD CHAR(1) NOT NULL, LST_MOD_TS TIMESTAMP WITH TIME ZONE NOT NULL);

INSERT INTO (, CREATION_USR, CREATION_APP, CREATION_TS, LST_MOD_USR, LST_MOD_APP, LST_MOD_CHG_CD, LST_MOD_TS) VALUES ('', '', '', 'REFMATICA', 'REFMATICA', current_timestamp, 'REFMATICA', 'REFMATICA', 'I', current_timestamp);



CREATE TABLE REFMATICA_ENTITY_DATA_TYPE_INFO(ENTITY_VERSION_ID, DATA_TYPE_CODE, DATA_TYPE_INFO_ENTITY_VERSION_ID, ENTITY_DATA_STATUS_CODE, CREATION_USR VARCHAR(32) NOT NULL, CREATION_APP VARCHAR(64) NOT NULL, CREATION_TS TIMESTAMP WITH TIME ZONE NOT NULL, LST_MOD_USR VARCHAR(32) NOT NULL, LST_MOD_APP VARCHAR(64) NOT NULL, LST_MOD_CHG_CD CHAR(1) NOT NULL, LST_MOD_TS TIMESTAMP WITH TIME ZONE NOT NULL);

INSERT INTO (, CREATION_USR, CREATION_APP, CREATION_TS, LST_MOD_USR, LST_MOD_APP, LST_MOD_CHG_CD, LST_MOD_TS) VALUES ('', '', '', 'REFMATICA', 'REFMATICA', current_timestamp, 'REFMATICA', 'REFMATICA', 'I', current_timestamp);



CREATE TABLE REFMATICA_ENTITY_KEYS(ENTITY_VERSION_ID, KEY_TYPE_CODE, KEY_NAME, KEY_SYS_ID, KEY_IS_COMPOSITE, KEY_ORDER_INDEX, KEY_FIELD_ORDER_INDEX, KEY_FIELD_ENTITY_VERSION_ID, KEY_ENTITY_VERSION_ID, ENTITY_DATA_STATUS_CODE, CREATION_USR VARCHAR(32) NOT NULL, CREATION_APP VARCHAR(64) NOT NULL, CREATION_TS TIMESTAMP WITH TIME ZONE NOT NULL, LST_MOD_USR VARCHAR(32) NOT NULL, LST_MOD_APP VARCHAR(64) NOT NULL, LST_MOD_CHG_CD CHAR(1) NOT NULL, LST_MOD_TS TIMESTAMP WITH TIME ZONE NOT NULL);

INSERT INTO (, CREATION_USR, CREATION_APP, CREATION_TS, LST_MOD_USR, LST_MOD_APP, LST_MOD_CHG_CD, LST_MOD_TS) VALUES ('', '', '', 'REFMATICA', 'REFMATICA', current_timestamp, 'REFMATICA', 'REFMATICA', 'I', current_timestamp);



CREATE TABLE REFMATICA_ENTITY_INDEXES(ENTITY_VERSION_ID, INDEX_TYPE_CODE, INDEX_NAME, INDEX_IS_COMPOSITE, INDEX_ORDER_INDEX, INDEX_FIELD_ENTITY_VERSION_ID, INDEX_ENTITY_VERSION_ID, ENTITY_DATA_STATUS_CODE, CREATION_USR VARCHAR(32) NOT NULL, CREATION_APP VARCHAR(64) NOT NULL, CREATION_TS TIMESTAMP WITH TIME ZONE NOT NULL, LST_MOD_USR VARCHAR(32) NOT NULL, LST_MOD_APP VARCHAR(64) NOT NULL, LST_MOD_CHG_CD CHAR(1) NOT NULL, LST_MOD_TS TIMESTAMP WITH TIME ZONE NOT NULL);

INSERT INTO (, CREATION_USR, CREATION_APP, CREATION_TS, LST_MOD_USR, LST_MOD_APP, LST_MOD_CHG_CD, LST_MOD_TS) VALUES ('', '', '', 'REFMATICA', 'REFMATICA', current_timestamp, 'REFMATICA', 'REFMATICA', 'I', current_timestamp);



CREATE TABLE REFMATICA_ENTITY_CONSTRAINTS(ENTITY_VERSION_ID, CONSTRAINT_TYPE_CODE, CONSTRAINT_NAME, CONSTRAINT_ORDER_INDEX, CONSTRAINT_ENTITY_VERSION_ID, ENTITY_DATA_STATUS_CODE, CREATION_USR VARCHAR(32) NOT NULL, CREATION_APP VARCHAR(64) NOT NULL, CREATION_TS TIMESTAMP WITH TIME ZONE NOT NULL, LST_MOD_USR VARCHAR(32) NOT NULL, LST_MOD_APP VARCHAR(64) NOT NULL, LST_MOD_CHG_CD CHAR(1) NOT NULL, LST_MOD_TS TIMESTAMP WITH TIME ZONE NOT NULL);

INSERT INTO (, CREATION_USR, CREATION_APP, CREATION_TS, LST_MOD_USR, LST_MOD_APP, LST_MOD_CHG_CD, LST_MOD_TS) VALUES ('', '', '', 'REFMATICA', 'REFMATICA', current_timestamp, 'REFMATICA', 'REFMATICA', 'I', current_timestamp);



CREATE TABLE REFMATICA_ENTITY_CONSTRAINT_PARAMS(CONSTRAINT_ENTITY_VERSION_ID, CONSTRAINT_PARAM_DATA_TYPE_CODE, CONSTRAINT_PARAM_NAME, CONSTRAINT_PARAM_ORDER_INDEX, CONSTRAINT_PARAM_VALUE, CONSTRAINT_PARAM_ENTITY_VERSION_ID, ENTITY_DATA_STATUS_CODE, CREATION_USR VARCHAR(32) NOT NULL, CREATION_APP VARCHAR(64) NOT NULL, CREATION_TS TIMESTAMP WITH TIME ZONE NOT NULL, LST_MOD_USR VARCHAR(32) NOT NULL, LST_MOD_APP VARCHAR(64) NOT NULL, LST_MOD_CHG_CD CHAR(1) NOT NULL, LST_MOD_TS TIMESTAMP WITH TIME ZONE NOT NULL);

INSERT INTO (, CREATION_USR, CREATION_APP, CREATION_TS, LST_MOD_USR, LST_MOD_APP, LST_MOD_CHG_CD, LST_MOD_TS) VALUES ('', '', '', 'REFMATICA', 'REFMATICA', current_timestamp, 'REFMATICA', 'REFMATICA', 'I', current_timestamp);



CREATE TABLE REFMATICA_MULTI_ENTITY_KEYS(THIS_ENTITY_VERSION_ID, OTHER_ENTITY_VERSION_ID, KEY_TYPE_CODE, KEY_NAME, KEY_SYS_ID, KEY_IS_COMPOSITE, KEY_ORDER_INDEX, KEY_FIELDS_ORDER_INDEX, THIS_KEY_FIELD_ENTITY_VERSION_ID, OTHER_KEY_FIELD_ENTITY_VERSION_ID, KEY_MULTI_ENTITY_VERSION_ID, ENTITY_DATA_STATUS_CODE, CREATION_USR VARCHAR(32) NOT NULL, CREATION_APP VARCHAR(64) NOT NULL, CREATION_TS TIMESTAMP WITH TIME ZONE NOT NULL, LST_MOD_USR VARCHAR(32) NOT NULL, LST_MOD_APP VARCHAR(64) NOT NULL, LST_MOD_CHG_CD CHAR(1) NOT NULL, LST_MOD_TS TIMESTAMP WITH TIME ZONE NOT NULL);

INSERT INTO (, CREATION_USR, CREATION_APP, CREATION_TS, LST_MOD_USR, LST_MOD_APP, LST_MOD_CHG_CD, LST_MOD_TS) VALUES ('', '', '', 'REFMATICA', 'REFMATICA', current_timestamp, 'REFMATICA', 'REFMATICA', 'I', current_timestamp);



CREATE TABLE REFMATICA_ENTITY_ROLES(ENTITY_VERSION_ID, ROLE_TYPE, ENTITY_ROLE_VERSION_ID, ENTITY_DATA_STATUS_CODE, CREATION_USR VARCHAR(32) NOT NULL, CREATION_APP VARCHAR(64) NOT NULL, CREATION_TS TIMESTAMP WITH TIME ZONE NOT NULL, LST_MOD_USR VARCHAR(32) NOT NULL, LST_MOD_APP VARCHAR(64) NOT NULL, LST_MOD_CHG_CD CHAR(1) NOT NULL, LST_MOD_TS TIMESTAMP WITH TIME ZONE NOT NULL);

INSERT INTO (, CREATION_USR, CREATION_APP, CREATION_TS, LST_MOD_USR, LST_MOD_APP, LST_MOD_CHG_CD, LST_MOD_TS) VALUES ('', '', '', 'REFMATICA', 'REFMATICA', current_timestamp, 'REFMATICA', 'REFMATICA', 'I', current_timestamp);




-- Entity Metadata - Can be attached to one or more Entities (Not directly Related, Entity-Entity-Rel Required)

CREATE TABLE REFMATICA_ENTITY_GROUP(GROUP_ENTITY_VERSION_ID, ENTITY_GROUP_TYPE, ENTITY_GROUP_TYPE_NAME, ENTITY_GROUP_DESCRIPTION, ENTITY_DATA_STATUS_CODE, CREATION_USR VARCHAR(32) NOT NULL, CREATION_APP VARCHAR(64) NOT NULL, CREATION_TS TIMESTAMP WITH TIME ZONE NOT NULL, LST_MOD_USR VARCHAR(32) NOT NULL, LST_MOD_APP VARCHAR(64) NOT NULL, LST_MOD_CHG_CD CHAR(1) NOT NULL, LST_MOD_TS TIMESTAMP WITH TIME ZONE NOT NULL);

INSERT INTO (, CREATION_USR, CREATION_APP, CREATION_TS, LST_MOD_USR, LST_MOD_APP, LST_MOD_CHG_CD, LST_MOD_TS) VALUES ('', '', '', 'REFMATICA', 'REFMATICA', current_timestamp, 'REFMATICA', 'REFMATICA', 'I', current_timestamp);



CREATE TABLE REFMATICA_ENTITY_DOCUMENTATION(DOC_ENTITY_VERSION_ID, DOC_TYPE, DOC_NAME, DOC_TITLE, DOC_SUBJECT, DOC_AUTHOR, DOC_SUMMARY, DOC_FULL_TEXT, ENTITY_DATA_STATUS_CODE, CREATION_USR VARCHAR(32) NOT NULL, CREATION_APP VARCHAR(64) NOT NULL, CREATION_TS TIMESTAMP WITH TIME ZONE NOT NULL, LST_MOD_USR VARCHAR(32) NOT NULL, LST_MOD_APP VARCHAR(64) NOT NULL, LST_MOD_CHG_CD CHAR(1) NOT NULL, LST_MOD_TS TIMESTAMP WITH TIME ZONE NOT NULL);

INSERT INTO (, CREATION_USR, CREATION_APP, CREATION_TS, LST_MOD_USR, LST_MOD_APP, LST_MOD_CHG_CD, LST_MOD_TS) VALUES ('', '', '', 'REFMATICA', 'REFMATICA', current_timestamp, 'REFMATICA', 'REFMATICA', 'I', current_timestamp);



CREATE TABLE REFMATICA_ENTITY_LOGIC(LOGIC_ENTITY_VERSION_ID, LOGIC_TYPE, LOGIC_NAME, LOGIC_DESCRIPTION, LOGIC_DECLARATION, LOGIC_DEFINITION, ENTITY_DATA_STATUS_CODE, CREATION_USR VARCHAR(32) NOT NULL, CREATION_APP VARCHAR(64) NOT NULL, CREATION_TS TIMESTAMP WITH TIME ZONE NOT NULL, LST_MOD_USR VARCHAR(32) NOT NULL, LST_MOD_APP VARCHAR(64) NOT NULL, LST_MOD_CHG_CD CHAR(1) NOT NULL, LST_MOD_TS TIMESTAMP WITH TIME ZONE NOT NULL);

INSERT INTO (, CREATION_USR, CREATION_APP, CREATION_TS, LST_MOD_USR, LST_MOD_APP, LST_MOD_CHG_CD, LST_MOD_TS) VALUES ('', '', '', 'REFMATICA', 'REFMATICA', current_timestamp, 'REFMATICA', 'REFMATICA', 'I', current_timestamp);



CREATE TABLE REFMATICA_ENTITY_LOGIC_PARAMS(LOGIC_ENTITY_VERSION_ID, LOGIC_PARAM_TYPE, LOGIC_PARAM_DATA_TYPE_CODE, LOGIC_PARAM_NAME, LOGIC_PARAM_ORDER_INDEX, LOGIC_PARAM_DEFAULT_VALUE, LOGIC_PARAM_DESCRIPTION, LOGIC_PARAM_ENTITY_VERSION_ID, ENTITY_DATA_STATUS_CODE, CREATION_USR VARCHAR(32) NOT NULL, CREATION_APP VARCHAR(64) NOT NULL, CREATION_TS TIMESTAMP WITH TIME ZONE NOT NULL, LST_MOD_USR VARCHAR(32) NOT NULL, LST_MOD_APP VARCHAR(64) NOT NULL, LST_MOD_CHG_CD CHAR(1) NOT NULL, LST_MOD_TS TIMESTAMP WITH TIME ZONE NOT NULL);

INSERT INTO (, CREATION_USR, CREATION_APP, CREATION_TS, LST_MOD_USR, LST_MOD_APP, LST_MOD_CHG_CD, LST_MOD_TS) VALUES ('', '', '', 'REFMATICA', 'REFMATICA', current_timestamp, 'REFMATICA', 'REFMATICA', 'I', current_timestamp);



CREATE TABLE REFMATICA_ENTITY_OP_FACTS(OP_FACT_ENTITY_VERSION_ID, OP_FACT_TYPE, OP_FACT_NAME, OP_FACT_DESCRIPTION, OP_FACT_VALUE, ENTITY_DATA_STATUS_CODE, CREATION_USR VARCHAR(32) NOT NULL, CREATION_APP VARCHAR(64) NOT NULL, CREATION_TS TIMESTAMP WITH TIME ZONE NOT NULL, LST_MOD_USR VARCHAR(32) NOT NULL, LST_MOD_APP VARCHAR(64) NOT NULL, LST_MOD_CHG_CD CHAR(1) NOT NULL, LST_MOD_TS TIMESTAMP WITH TIME ZONE NOT NULL);

INSERT INTO (, CREATION_USR, CREATION_APP, CREATION_TS, LST_MOD_USR, LST_MOD_APP, LST_MOD_CHG_CD, LST_MOD_TS) VALUES ('', '', '', 'REFMATICA', 'REFMATICA', current_timestamp, 'REFMATICA', 'REFMATICA', 'I', current_timestamp);



CREATE TABLE REFMATICA_ENTITY_OP_FACTS_PARAMS(OP_FACTS_ENTITY_VERSION_ID, OP_FACTS_PARAM_TYPE, OP_FACTS_PARAM_NAME, OP_FACTS_PARAM_VALUE, OP_FACTS_PARAM_ARR_INDEX, OP_FACTS_PARAM_IS_ARRAY, OP_FACTS_PARAM_ENTITY_VERSION_ID, ENTITY_DATA_STATUS_CODE, CREATION_USR VARCHAR(32) NOT NULL, CREATION_APP VARCHAR(64) NOT NULL, CREATION_TS TIMESTAMP WITH TIME ZONE NOT NULL, LST_MOD_USR VARCHAR(32) NOT NULL, LST_MOD_APP VARCHAR(64) NOT NULL, LST_MOD_CHG_CD CHAR(1) NOT NULL, LST_MOD_TS TIMESTAMP WITH TIME ZONE NOT NULL);

INSERT INTO (, CREATION_USR, CREATION_APP, CREATION_TS, LST_MOD_USR, LST_MOD_APP, LST_MOD_CHG_CD, LST_MOD_TS) VALUES ('', '', '', 'REFMATICA', 'REFMATICA', current_timestamp, 'REFMATICA', 'REFMATICA', 'I', current_timestamp);



CREATE TABLE REFMATICA_ENTITY_EXTERN_ARTIFACT(ARTIFACT_ENTITY_VERSION_ID, ARTIFACT_TYPE, ARTIFACT_NAME, ARTIFACT_TITLE, ARTIFACT_SUBJECT, ARTIFACT_AUTHOR, ARTIFACT_DESCRIPTION, ARTIFACT_REASON, ARTIFACT_DATA_RESOURCE_ENTITY_VERSION_ID, ENTITY_DATA_STATUS_CODE, CREATION_USR VARCHAR(32) NOT NULL, CREATION_APP VARCHAR(64) NOT NULL, CREATION_TS TIMESTAMP WITH TIME ZONE NOT NULL, LST_MOD_USR VARCHAR(32) NOT NULL, LST_MOD_APP VARCHAR(64) NOT NULL, LST_MOD_CHG_CD CHAR(1) NOT NULL, LST_MOD_TS TIMESTAMP WITH TIME ZONE NOT NULL);

INSERT INTO (, CREATION_USR, CREATION_APP, CREATION_TS, LST_MOD_USR, LST_MOD_APP, LST_MOD_CHG_CD, LST_MOD_TS) VALUES ('', '', '', 'REFMATICA', 'REFMATICA', current_timestamp, 'REFMATICA', 'REFMATICA', 'I', current_timestamp);



CREATE TABLE REFMATICA_ENTITY_ADDRESS(ADDR_ENTITY_VERSION_ID, ADDR_TYPE, ADDR_NAME, ADDR_LINE_1, ADDR_LINE_2, ADDR_CITY, ADDR_PROVINCE, ADDR_POSTAL_CODE, ADDR_COUNTRY, ADDR_REGION, ADDR_GEO_LATITUDE, ADDR_GEO_LONGITUDE, ENTITY_DATA_STATUS_CODE, CREATION_USR VARCHAR(32) NOT NULL, CREATION_APP VARCHAR(64) NOT NULL, CREATION_TS TIMESTAMP WITH TIME ZONE NOT NULL, LST_MOD_USR VARCHAR(32) NOT NULL, LST_MOD_APP VARCHAR(64) NOT NULL, LST_MOD_CHG_CD CHAR(1) NOT NULL, LST_MOD_TS TIMESTAMP WITH TIME ZONE NOT NULL);

INSERT INTO (, CREATION_USR, CREATION_APP, CREATION_TS, LST_MOD_USR, LST_MOD_APP, LST_MOD_CHG_CD, LST_MOD_TS) VALUES ('', '', '', 'REFMATICA', 'REFMATICA', current_timestamp, 'REFMATICA', 'REFMATICA', 'I', current_timestamp);



CREATE TABLE REFMATICA_ENTITY_PREDEFINED_ORDERING(ORDERING_ENTITY_VERSION_ID, ORDER_TYPE, ORDER_NAME, ORDER_DESCRIPTION, ENTITY_DATA_STATUS_CODE, CREATION_USR VARCHAR(32) NOT NULL, CREATION_APP VARCHAR(64) NOT NULL, CREATION_TS TIMESTAMP WITH TIME ZONE NOT NULL, LST_MOD_USR VARCHAR(32) NOT NULL, LST_MOD_APP VARCHAR(64) NOT NULL, LST_MOD_CHG_CD CHAR(1) NOT NULL, LST_MOD_TS TIMESTAMP WITH TIME ZONE NOT NULL);

INSERT INTO (, CREATION_USR, CREATION_APP, CREATION_TS, LST_MOD_USR, LST_MOD_APP, LST_MOD_CHG_CD, LST_MOD_TS) VALUES ('', '', '', 'REFMATICA', 'REFMATICA', current_timestamp, 'REFMATICA', 'REFMATICA', 'I', current_timestamp);



CREATE TABLE REFMATICA_ENTITY_PREDEFINED_START_POINTS(STARTING_POINT_ENTITY_VERSION_ID, STARTING_POINT_TYPE, STARTING_POINT_NAME, STARTING_POINT_DESCRIPTION, ENTITY_DATA_STATUS_CODE, CREATION_USR VARCHAR(32) NOT NULL, CREATION_APP VARCHAR(64) NOT NULL, CREATION_TS TIMESTAMP WITH TIME ZONE NOT NULL, LST_MOD_USR VARCHAR(32) NOT NULL, LST_MOD_APP VARCHAR(64) NOT NULL, LST_MOD_CHG_CD CHAR(1) NOT NULL, LST_MOD_TS TIMESTAMP WITH TIME ZONE NOT NULL);

INSERT INTO (, CREATION_USR, CREATION_APP, CREATION_TS, LST_MOD_USR, LST_MOD_APP, LST_MOD_CHG_CD, LST_MOD_TS) VALUES ('', '', '', 'REFMATICA', 'REFMATICA', current_timestamp, 'REFMATICA', 'REFMATICA', 'I', current_timestamp);




-- Data Resource Technical Location and Physical Location Info

CREATE TABLE REFMATICA_DATA_PHYSICAL_LOCATION(LOC_ENTITY_VERSION_ID, LOC_TYPE, LOC_NAME, ENVIRONMENT_CODE, LOC_STATUS_CODE, LOC_ORDER_INDEX, ADDR_ENTITY_VERSION_ID, LOC_USAGE, ENTITY_DATA_STATUS_CODE, CREATION_USR VARCHAR(32) NOT NULL, CREATION_APP VARCHAR(64) NOT NULL, CREATION_TS TIMESTAMP WITH TIME ZONE NOT NULL, LST_MOD_USR VARCHAR(32) NOT NULL, LST_MOD_APP VARCHAR(64) NOT NULL, LST_MOD_CHG_CD CHAR(1) NOT NULL, LST_MOD_TS TIMESTAMP WITH TIME ZONE NOT NULL);

INSERT INTO (, CREATION_USR, CREATION_APP, CREATION_TS, LST_MOD_USR, LST_MOD_APP, LST_MOD_CHG_CD, LST_MOD_TS) VALUES ('', '', '', 'REFMATICA', 'REFMATICA', current_timestamp, 'REFMATICA', 'REFMATICA', 'I', current_timestamp);



CREATE TABLE REFMATICA_DATA_RESOURCE(DAT_RES_ENTITY_VERSION_ID, DAT_RES_TYPE, DAT_RES_NAME, DAT_RES_STATUS_CODE, ENTITY_DATA_STATUS_CODE, CREATION_USR VARCHAR(32) NOT NULL, CREATION_APP VARCHAR(64) NOT NULL, CREATION_TS TIMESTAMP WITH TIME ZONE NOT NULL, LST_MOD_USR VARCHAR(32) NOT NULL, LST_MOD_APP VARCHAR(64) NOT NULL, LST_MOD_CHG_CD CHAR(1) NOT NULL, LST_MOD_TS TIMESTAMP WITH TIME ZONE NOT NULL);

INSERT INTO (, CREATION_USR, CREATION_APP, CREATION_TS, LST_MOD_USR, LST_MOD_APP, LST_MOD_CHG_CD, LST_MOD_TS) VALUES ('', '', '', 'REFMATICA', 'REFMATICA', current_timestamp, 'REFMATICA', 'REFMATICA', 'I', current_timestamp);



CREATE TABLE REFMATICA_DATA_RESOURCE_INFO(DAT_RES_ENTITY_VERSION_ID, DAT_RES_HOST, DAT_RES_PORT, DAT_RES_URI, DAT_RES_PATH, DAT_RES_QUERY_STRING, DATA_RES_MACHINE_NAME, DATA_RES_SERVER_NAME, DATA_RES_INSTANCE_NAME, DAT_RES_CONTEXT, DAT_RES_SUBJECT, DAT_RES_OBJECT_NAME, DAT_RES_OBJECT_OWNER, DAT_RES_OBJECT_GROUP_OWNER, DAT_RES_AUTH_CONTEXT, DAT_RES_AUTH_SUBJECT, DAT_RES_AUTH_OBJECT, DAT_RES_AUTH_PRINCIPLE, DAT_RES_AUTH_CREDENTIALS, DAT_RES_AUTH_PROVIDER, DAT_RES_AUTH_ALGO, DAT_RES_SCHEMA, DAT_RES_DATABASE, DAT_RES_COLLECTION, DAT_RES_QUEUE, DAT_RES_TOPIC, DAT_RES_TITLE, DAT_RES_AUTHOR, DAT_RES_OWNER, DAT_RES_GROUP, DAT_RES_FILENAME, DAT_RES_DIRECTORY, DAT_RES_EXT_TYPE, DAT_RES_BYTE_SIZE, DAT_RES_COMMENTS, DAT_RES_PROTOCOL, DAT_RES_ROLE, DAT_RES_SERVICE_PROVIDER, DAT_RES_PROJECT, DAT_RES_DATASET, DAT_RES_SERVICE_NAME, DAT_RES_PROVIDER, DAT_RES_VENDOR, DAT_RES_VER, DAT_RES_SUB_VER, DAT_RES_CONNECTOR_TYPE, DAT_RES_DRIVER, DAT_RES_CLIENT_IMPL, DAT_RES_SERVER_IMPL, DAT_RES_PROXY, DAT_RES_UNIX_PERMISSION_USER, DAT_RES_UNIX_PERMISSION_GROUP, DAT_RES_UNIX_PERMISSION_WORLD, DAT_RES_TBLSP_SPEC, DAT_RES_IDXSP_SPEC, DAT_RES_PARTITION_SPEC, DAT_RES_CACHE_SPEC, DAT_RES_LOGGING_SPEC, DAT_RES_SIZE_SIZE, DAT_RES_FILE_SPEC, DAT_RES_PAGE_SPEC, DAT_RES_BUFFER_SPEC, DAT_RES_LOB_SPEC, DAT_RES_IMPL_SPEC, ENTITY_DATA_STATUS_CODE, CREATION_USR VARCHAR(32) NOT NULL, CREATION_APP VARCHAR(64) NOT NULL, CREATION_TS TIMESTAMP WITH TIME ZONE NOT NULL, LST_MOD_USR VARCHAR(32) NOT NULL, LST_MOD_APP VARCHAR(64) NOT NULL, LST_MOD_CHG_CD CHAR(1) NOT NULL, LST_MOD_TS TIMESTAMP WITH TIME ZONE NOT NULL);

INSERT INTO (, CREATION_USR, CREATION_APP, CREATION_TS, LST_MOD_USR, LST_MOD_APP, LST_MOD_CHG_CD, LST_MOD_TS) VALUES ('', '', '', 'REFMATICA', 'REFMATICA', current_timestamp, 'REFMATICA', 'REFMATICA', 'I', current_timestamp);






-- Relationship Tables

CREATE TABLE REFMATICA_ENTITY_ENTITY_REL(FROM_ENTITY_VERSION_ID, TO_ENTITY_VERSION_ID, ENTITY_REL_TYPE, FROM_ENTITY_CARTINALITY, TO_ENTITY_CARTINALITY, REL_ENTITY_VERSION_ID, ENTITY_REL_STATUS_CODE, CREATION_USR VARCHAR(32) NOT NULL, CREATION_APP VARCHAR(64) NOT NULL, CREATION_TS TIMESTAMP WITH TIME ZONE NOT NULL, LST_MOD_USR VARCHAR(32) NOT NULL, LST_MOD_APP VARCHAR(64) NOT NULL, LST_MOD_CHG_CD CHAR(1) NOT NULL, LST_MOD_TS TIMESTAMP WITH TIME ZONE NOT NULL);

INSERT INTO (, CREATION_USR, CREATION_APP, CREATION_TS, LST_MOD_USR, LST_MOD_APP, LST_MOD_CHG_CD, LST_MOD_TS) VALUES ('', '', '', 'REFMATICA', 'REFMATICA', current_timestamp, 'REFMATICA', 'REFMATICA', 'I', current_timestamp);



CREATE TABLE REFMATICA_ENTITY_GROUP_REL(GROUP_ENTITY_VERSION_ID, MEMBER_ENTITY_VERSION_ID, MEMBER_ENTITY_INDEX, ENTITY_REL_STATUS_CODE, CREATION_USR VARCHAR(32) NOT NULL, CREATION_APP VARCHAR(64) NOT NULL, CREATION_TS TIMESTAMP WITH TIME ZONE NOT NULL, LST_MOD_USR VARCHAR(32) NOT NULL, LST_MOD_APP VARCHAR(64) NOT NULL, LST_MOD_CHG_CD CHAR(1) NOT NULL, LST_MOD_TS TIMESTAMP WITH TIME ZONE NOT NULL);

INSERT INTO (, CREATION_USR, CREATION_APP, CREATION_TS, LST_MOD_USR, LST_MOD_APP, LST_MOD_CHG_CD, LST_MOD_TS) VALUES ('', '', '', 'REFMATICA', 'REFMATICA', current_timestamp, 'REFMATICA', 'REFMATICA', 'I', current_timestamp);



CREATE TABLE REFMATICA_DATA_RESOURCE_LOCATION_REL(LOC_ENTITY_VERSION_ID, DAT_RES_ENTITY_VERSION_ID, LOC_PRIORITY, LOC_FAILOVER_ORDER, ENTITY_REL_STATUS_CODE, CREATION_USR VARCHAR(32) NOT NULL, CREATION_APP VARCHAR(64) NOT NULL, CREATION_TS TIMESTAMP WITH TIME ZONE NOT NULL, LST_MOD_USR VARCHAR(32) NOT NULL, LST_MOD_APP VARCHAR(64) NOT NULL, LST_MOD_CHG_CD CHAR(1) NOT NULL, LST_MOD_TS TIMESTAMP WITH TIME ZONE NOT NULL);

INSERT INTO (, CREATION_USR, CREATION_APP, CREATION_TS, LST_MOD_USR, LST_MOD_APP, LST_MOD_CHG_CD, LST_MOD_TS) VALUES ('', '', '', 'REFMATICA', 'REFMATICA', current_timestamp, 'REFMATICA', 'REFMATICA', 'I', current_timestamp);



CREATE TABLE REFMATICA_ENTITY_PREDEFINED_ORDERING_REL(ORDERING_ENTITY_VERSION_ID, MEMBER_ENTITY_VERSION_ID, MEMBER_ENTITY_INDEX, ENTITY_REL_STATUS_CODE, CREATION_USR VARCHAR(32) NOT NULL, CREATION_APP VARCHAR(64) NOT NULL, CREATION_TS TIMESTAMP WITH TIME ZONE NOT NULL, LST_MOD_USR VARCHAR(32) NOT NULL, LST_MOD_APP VARCHAR(64) NOT NULL, LST_MOD_CHG_CD CHAR(1) NOT NULL, LST_MOD_TS TIMESTAMP WITH TIME ZONE NOT NULL);

INSERT INTO (, CREATION_USR, CREATION_APP, CREATION_TS, LST_MOD_USR, LST_MOD_APP, LST_MOD_CHG_CD, LST_MOD_TS) VALUES ('', '', '', 'REFMATICA', 'REFMATICA', current_timestamp, 'REFMATICA', 'REFMATICA', 'I', current_timestamp);



CREATE TABLE REFMATICA_ENTITY_PREDEFINED_STARTING_POINT_REL(STARTING_POINT_ENTITY_VERSION_ID, MEMBER_ENTITY_VERSION_ID, MEMBER_ENTITY_INDEX, ENTITY_REL_STATUS_CODE, CREATION_USR VARCHAR(32) NOT NULL, CREATION_APP VARCHAR(64) NOT NULL, CREATION_TS TIMESTAMP WITH TIME ZONE NOT NULL, LST_MOD_USR VARCHAR(32) NOT NULL, LST_MOD_APP VARCHAR(64) NOT NULL, LST_MOD_CHG_CD CHAR(1) NOT NULL, LST_MOD_TS TIMESTAMP WITH TIME ZONE NOT NULL);

INSERT INTO (, CREATION_USR, CREATION_APP, CREATION_TS, LST_MOD_USR, LST_MOD_APP, LST_MOD_CHG_CD, LST_MOD_TS) VALUES ('', '', '', 'REFMATICA', 'REFMATICA', current_timestamp, 'REFMATICA', 'REFMATICA', 'I', current_timestamp);





-- End Core Catalog Metadata (Meta Model) Tables ---------------------------->




